purchase_order_id,supplier_id,product_id,quantity,status
PO0000001,S0001,P00001,10,Created
PO0000002,S0002,P00002,11,Approved
PO0000003,S0003,P00003,12,Received
PO0000004,S0004,P00004,13,Cancelled
PO0000005,S0005,P00005,14,Created
PO0000006,S0006,P00006,15,Approved
PO0000007,S0007,P00007,16,Received
PO0000008,S0008,P00008,17,Cancelled
PO0000009,S0009,P00009,18,Created
PO0000010,S0010,P00010,19,Approved
PO0000011,S0011,P00011,20,Received
PO0000012,S0012,P00012,21,Cancelled
PO0000013,S0013,P00013,22,Created
PO0000014,S0014,P00014,23,Approved
PO0000015,S0015,P00015,24,Received
PO0000016,S0016,P00016,25,Cancelled
PO0000017,S0017,P00017,26,Created
PO0000018,S0018,P00018,27,Approved
PO0000019,S0019,P00019,28,Received
PO0000020,S0020,P00020,29,Cancelled
PO0000021,S0021,P00021,30,Created
PO0000022,S0022,P00022,31,Approved
PO0000023,S0023,P00023,32,Received
PO0000024,S0024,P00024,33,Cancelled
PO0000025,S0025,P00025,34,Created
PO0000026,S0026,P00026,35,Approved
PO0000027,S0027,P00027,36,Received
PO0000028,S0028,P00028,37,Cancelled
PO0000029,S0029,P00029,38,Created
PO0000030,S0030,P00030,39,Approved
PO0000031,S0031,P00031,40,Received
PO0000032,S0032,P00032,41,Cancelled
PO0000033,S0033,P00033,42,Created
PO0000034,S0034,P00034,43,Approved
PO0000035,S0035,P00035,44,Received
PO0000036,S0036,P00036,45,Cancelled
PO0000037,S0037,P00037,46,Created
PO0000038,S0038,P00038,47,Approved
PO0000039,S0039,P00039,48,Received
PO0000040,S0040,P00040,49,Cancelled
PO0000041,S0041,P00041,50,Created
PO0000042,S0042,P00042,51,Approved
PO0000043,S0043,P00043,52,Received
PO0000044,S0044,P00044,53,Cancelled
PO0000045,S0045,P00045,54,Created
PO0000046,S0046,P00046,55,Approved
PO0000047,S0047,P00047,56,Received
PO0000048,S0048,P00048,57,Cancelled
PO0000049,S0049,P00049,58,Created
PO0000050,S0050,P00050,59,Approved
PO0000051,S0051,P00051,60,Received
PO0000052,S0052,P00052,61,Cancelled
PO0000053,S0053,P00053,62,Created
PO0000054,S0054,P00054,63,Approved
PO0000055,S0055,P00055,64,Received
PO0000056,S0056,P00056,65,Cancelled
PO0000057,S0057,P00057,66,Created
PO0000058,S0058,P00058,67,Approved
PO0000059,S0059,P00059,68,Received
PO0000060,S0060,P00060,69,Cancelled
PO0000061,S0061,P00061,70,Created
PO0000062,S0062,P00062,71,Approved
PO0000063,S0063,P00063,72,Received
PO0000064,S0064,P00064,73,Cancelled
PO0000065,S0065,P00065,74,Created
PO0000066,S0066,P00066,75,Approved
PO0000067,S0067,P00067,76,Received
PO0000068,S0068,P00068,77,Cancelled
PO0000069,S0069,P00069,78,Created
PO0000070,S0070,P00070,79,Approved
PO0000071,S0071,P00071,80,Received
PO0000072,S0072,P00072,81,Cancelled
PO0000073,S0073,P00073,82,Created
PO0000074,S0074,P00074,83,Approved
PO0000075,S0075,P00075,84,Received
PO0000076,S0076,P00076,85,Cancelled
PO0000077,S0077,P00077,86,Created
PO0000078,S0078,P00078,87,Approved
PO0000079,S0079,P00079,88,Received
PO0000080,S0080,P00080,89,Cancelled
PO0000081,S0081,P00081,90,Created
PO0000082,S0082,P00082,91,Approved
PO0000083,S0083,P00083,92,Received
PO0000084,S0084,P00084,93,Cancelled
PO0000085,S0085,P00085,94,Created
PO0000086,S0086,P00086,95,Approved
PO0000087,S0087,P00087,96,Received
PO0000088,S0088,P00088,97,Cancelled
PO0000089,S0089,P00089,98,Created
PO0000090,S0090,P00090,99,Approved
PO0000091,S0091,P00091,100,Received
PO0000092,S0092,P00092,101,Cancelled
PO0000093,S0093,P00093,102,Created
PO0000094,S0094,P00094,103,Approved
PO0000095,S0095,P00095,104,Received
PO0000096,S0096,P00096,105,Cancelled
PO0000097,S0097,P00097,106,Created
PO0000098,S0098,P00098,107,Approved
PO0000099,S0099,P00099,108,Received
PO0000100,S0100,P00100,109,Cancelled
PO0000101,S0001,P00101,110,Created
PO0000102,S0002,P00102,111,Approved
PO0000103,S0003,P00103,112,Received
PO0000104,S0004,P00104,113,Cancelled
PO0000105,S0005,P00105,114,Created
PO0000106,S0006,P00106,115,Approved
PO0000107,S0007,P00107,116,Received
PO0000108,S0008,P00108,117,Cancelled
PO0000109,S0009,P00109,118,Created
PO0000110,S0010,P00110,119,Approved
PO0000111,S0011,P00111,120,Received
PO0000112,S0012,P00112,121,Cancelled
PO0000113,S0013,P00113,122,Created
PO0000114,S0014,P00114,123,Approved
PO0000115,S0015,P00115,124,Received
PO0000116,S0016,P00116,125,Cancelled
PO0000117,S0017,P00117,126,Created
PO0000118,S0018,P00118,127,Approved
PO0000119,S0019,P00119,128,Received
PO0000120,S0020,P00120,129,Cancelled
PO0000121,S0021,P00121,130,Created
PO0000122,S0022,P00122,131,Approved
PO0000123,S0023,P00123,132,Received
PO0000124,S0024,P00124,133,Cancelled
PO0000125,S0025,P00125,134,Created
PO0000126,S0026,P00126,135,Approved
PO0000127,S0027,P00127,136,Received
PO0000128,S0028,P00128,137,Cancelled
PO0000129,S0029,P00129,138,Created
PO0000130,S0030,P00130,139,Approved
PO0000131,S0031,P00131,140,Received
PO0000132,S0032,P00132,141,Cancelled
PO0000133,S0033,P00133,142,Created
PO0000134,S0034,P00134,143,Approved
PO0000135,S0035,P00135,144,Received
PO0000136,S0036,P00136,145,Cancelled
PO0000137,S0037,P00137,146,Created
PO0000138,S0038,P00138,147,Approved
PO0000139,S0039,P00139,148,Received
PO0000140,S0040,P00140,149,Cancelled
PO0000141,S0041,P00141,150,Created
PO0000142,S0042,P00142,151,Approved
PO0000143,S0043,P00143,152,Received
PO0000144,S0044,P00144,153,Cancelled
PO0000145,S0045,P00145,154,Created
PO0000146,S0046,P00146,155,Approved
PO0000147,S0047,P00147,156,Received
PO0000148,S0048,P00148,157,Cancelled
PO0000149,S0049,P00149,158,Created
PO0000150,S0050,P00150,159,Approved
PO0000151,S0051,P00151,160,Received
PO0000152,S0052,P00152,161,Cancelled
PO0000153,S0053,P00153,162,Created
PO0000154,S0054,P00154,163,Approved
PO0000155,S0055,P00155,164,Received
PO0000156,S0056,P00156,165,Cancelled
PO0000157,S0057,P00157,166,Created
PO0000158,S0058,P00158,167,Approved
PO0000159,S0059,P00159,168,Received
PO0000160,S0060,P00160,169,Cancelled
PO0000161,S0061,P00161,170,Created
PO0000162,S0062,P00162,171,Approved
PO0000163,S0063,P00163,172,Received
PO0000164,S0064,P00164,173,Cancelled
PO0000165,S0065,P00165,174,Created
PO0000166,S0066,P00166,175,Approved
PO0000167,S0067,P00167,176,Received
PO0000168,S0068,P00168,177,Cancelled
PO0000169,S0069,P00169,178,Created
PO0000170,S0070,P00170,179,Approved
PO0000171,S0071,P00171,180,Received
PO0000172,S0072,P00172,181,Cancelled
PO0000173,S0073,P00173,182,Created
PO0000174,S0074,P00174,183,Approved
PO0000175,S0075,P00175,184,Received
PO0000176,S0076,P00176,185,Cancelled
PO0000177,S0077,P00177,186,Created
PO0000178,S0078,P00178,187,Approved
PO0000179,S0079,P00179,188,Received
PO0000180,S0080,P00180,189,Cancelled
PO0000181,S0081,P00181,190,Created
PO0000182,S0082,P00182,191,Approved
PO0000183,S0083,P00183,192,Received
PO0000184,S0084,P00184,193,Cancelled
PO0000185,S0085,P00185,194,Created
PO0000186,S0086,P00186,195,Approved
PO0000187,S0087,P00187,196,Received
PO0000188,S0088,P00188,197,Cancelled
PO0000189,S0089,P00189,198,Created
PO0000190,S0090,P00190,199,Approved
PO0000191,S0091,P00191,200,Received
PO0000192,S0092,P00192,201,Cancelled
PO0000193,S0093,P00193,202,Created
PO0000194,S0094,P00194,203,Approved
PO0000195,S0095,P00195,204,Received
PO0000196,S0096,P00196,205,Cancelled
PO0000197,S0097,P00197,206,Created
PO0000198,S0098,P00198,207,Approved
PO0000199,S0099,P00199,208,Received
PO0000200,S0100,P00200,209,Cancelled
PO0000201,S0001,P00201,210,Created
PO0000202,S0002,P00202,211,Approved
PO0000203,S0003,P00203,212,Received
PO0000204,S0004,P00204,213,Cancelled
PO0000205,S0005,P00205,214,Created
PO0000206,S0006,P00206,215,Approved
PO0000207,S0007,P00207,216,Received
PO0000208,S0008,P00208,217,Cancelled
PO0000209,S0009,P00209,218,Created
PO0000210,S0010,P00210,219,Approved
PO0000211,S0011,P00211,220,Received
PO0000212,S0012,P00212,221,Cancelled
PO0000213,S0013,P00213,222,Created
PO0000214,S0014,P00214,223,Approved
PO0000215,S0015,P00215,224,Received
PO0000216,S0016,P00216,225,Cancelled
PO0000217,S0017,P00217,226,Created
PO0000218,S0018,P00218,227,Approved
PO0000219,S0019,P00219,228,Received
PO0000220,S0020,P00220,229,Cancelled
PO0000221,S0021,P00221,230,Created
PO0000222,S0022,P00222,231,Approved
PO0000223,S0023,P00223,232,Received
PO0000224,S0024,P00224,233,Cancelled
PO0000225,S0025,P00225,234,Created
PO0000226,S0026,P00226,235,Approved
PO0000227,S0027,P00227,236,Received
PO0000228,S0028,P00228,237,Cancelled
PO0000229,S0029,P00229,238,Created
PO0000230,S0030,P00230,239,Approved
PO0000231,S0031,P00231,240,Received
PO0000232,S0032,P00232,241,Cancelled
PO0000233,S0033,P00233,242,Created
PO0000234,S0034,P00234,243,Approved
PO0000235,S0035,P00235,244,Received
PO0000236,S0036,P00236,245,Cancelled
PO0000237,S0037,P00237,246,Created
PO0000238,S0038,P00238,247,Approved
PO0000239,S0039,P00239,248,Received
PO0000240,S0040,P00240,249,Cancelled
PO0000241,S0041,P00241,250,Created
PO0000242,S0042,P00242,251,Approved
PO0000243,S0043,P00243,252,Received
PO0000244,S0044,P00244,253,Cancelled
PO0000245,S0045,P00245,254,Created
PO0000246,S0046,P00246,255,Approved
PO0000247,S0047,P00247,256,Received
PO0000248,S0048,P00248,257,Cancelled
PO0000249,S0049,P00249,258,Created
PO0000250,S0050,P00250,259,Approved
PO0000251,S0051,P00251,260,Received
PO0000252,S0052,P00252,261,Cancelled
PO0000253,S0053,P00253,262,Created
PO0000254,S0054,P00254,263,Approved
PO0000255,S0055,P00255,264,Received
PO0000256,S0056,P00256,265,Cancelled
PO0000257,S0057,P00257,266,Created
PO0000258,S0058,P00258,267,Approved
PO0000259,S0059,P00259,268,Received
PO0000260,S0060,P00260,269,Cancelled
PO0000261,S0061,P00261,270,Created
PO0000262,S0062,P00262,271,Approved
PO0000263,S0063,P00263,272,Received
PO0000264,S0064,P00264,273,Cancelled
PO0000265,S0065,P00265,274,Created
PO0000266,S0066,P00266,275,Approved
PO0000267,S0067,P00267,276,Received
PO0000268,S0068,P00268,277,Cancelled
PO0000269,S0069,P00269,278,Created
PO0000270,S0070,P00270,279,Approved
PO0000271,S0071,P00271,280,Received
PO0000272,S0072,P00272,281,Cancelled
PO0000273,S0073,P00273,282,Created
PO0000274,S0074,P00274,283,Approved
PO0000275,S0075,P00275,284,Received
PO0000276,S0076,P00276,285,Cancelled
PO0000277,S0077,P00277,286,Created
PO0000278,S0078,P00278,287,Approved
PO0000279,S0079,P00279,288,Received
PO0000280,S0080,P00280,289,Cancelled
PO0000281,S0081,P00281,290,Created
PO0000282,S0082,P00282,291,Approved
PO0000283,S0083,P00283,292,Received
PO0000284,S0084,P00284,293,Cancelled
PO0000285,S0085,P00285,294,Created
PO0000286,S0086,P00286,295,Approved
PO0000287,S0087,P00287,296,Received
PO0000288,S0088,P00288,297,Cancelled
PO0000289,S0089,P00289,298,Created
PO0000290,S0090,P00290,299,Approved
PO0000291,S0091,P00291,300,Received
PO0000292,S0092,P00292,301,Cancelled
PO0000293,S0093,P00293,302,Created
PO0000294,S0094,P00294,303,Approved
PO0000295,S0095,P00295,304,Received
PO0000296,S0096,P00296,305,Cancelled
PO0000297,S0097,P00297,306,Created
PO0000298,S0098,P00298,307,Approved
PO0000299,S0099,P00299,308,Received
PO0000300,S0100,P00300,309,Cancelled
PO0000301,S0001,P00301,310,Created
PO0000302,S0002,P00302,311,Approved
PO0000303,S0003,P00303,312,Received
PO0000304,S0004,P00304,313,Cancelled
PO0000305,S0005,P00305,314,Created
PO0000306,S0006,P00306,315,Approved
PO0000307,S0007,P00307,316,Received
PO0000308,S0008,P00308,317,Cancelled
PO0000309,S0009,P00309,318,Created
PO0000310,S0010,P00310,319,Approved
PO0000311,S0011,P00311,320,Received
PO0000312,S0012,P00312,321,Cancelled
PO0000313,S0013,P00313,322,Created
PO0000314,S0014,P00314,323,Approved
PO0000315,S0015,P00315,324,Received
PO0000316,S0016,P00316,325,Cancelled
PO0000317,S0017,P00317,326,Created
PO0000318,S0018,P00318,327,Approved
PO0000319,S0019,P00319,328,Received
PO0000320,S0020,P00320,329,Cancelled
PO0000321,S0021,P00321,330,Created
PO0000322,S0022,P00322,331,Approved
PO0000323,S0023,P00323,332,Received
PO0000324,S0024,P00324,333,Cancelled
PO0000325,S0025,P00325,334,Created
PO0000326,S0026,P00326,335,Approved
PO0000327,S0027,P00327,336,Received
PO0000328,S0028,P00328,337,Cancelled
PO0000329,S0029,P00329,338,Created
PO0000330,S0030,P00330,339,Approved
PO0000331,S0031,P00331,340,Received
PO0000332,S0032,P00332,341,Cancelled
PO0000333,S0033,P00333,342,Created
PO0000334,S0034,P00334,343,Approved
PO0000335,S0035,P00335,344,Received
PO0000336,S0036,P00336,345,Cancelled
PO0000337,S0037,P00337,346,Created
PO0000338,S0038,P00338,347,Approved
PO0000339,S0039,P00339,348,Received
PO0000340,S0040,P00340,349,Cancelled
PO0000341,S0041,P00341,350,Created
PO0000342,S0042,P00342,351,Approved
PO0000343,S0043,P00343,352,Received
PO0000344,S0044,P00344,353,Cancelled
PO0000345,S0045,P00345,354,Created
PO0000346,S0046,P00346,355,Approved
PO0000347,S0047,P00347,356,Received
PO0000348,S0048,P00348,357,Cancelled
PO0000349,S0049,P00349,358,Created
PO0000350,S0050,P00350,359,Approved
PO0000351,S0051,P00351,360,Received
PO0000352,S0052,P00352,361,Cancelled
PO0000353,S0053,P00353,362,Created
PO0000354,S0054,P00354,363,Approved
PO0000355,S0055,P00355,364,Received
PO0000356,S0056,P00356,365,Cancelled
PO0000357,S0057,P00357,366,Created
PO0000358,S0058,P00358,367,Approved
PO0000359,S0059,P00359,368,Received
PO0000360,S0060,P00360,369,Cancelled
PO0000361,S0061,P00361,370,Created
PO0000362,S0062,P00362,371,Approved
PO0000363,S0063,P00363,372,Received
PO0000364,S0064,P00364,373,Cancelled
PO0000365,S0065,P00365,374,Created
PO0000366,S0066,P00366,375,Approved
PO0000367,S0067,P00367,376,Received
PO0000368,S0068,P00368,377,Cancelled
PO0000369,S0069,P00369,378,Created
PO0000370,S0070,P00370,379,Approved
PO0000371,S0071,P00371,380,Received
PO0000372,S0072,P00372,381,Cancelled
PO0000373,S0073,P00373,382,Created
PO0000374,S0074,P00374,383,Approved
PO0000375,S0075,P00375,384,Received
PO0000376,S0076,P00376,385,Cancelled
PO0000377,S0077,P00377,386,Created
PO0000378,S0078,P00378,387,Approved
PO0000379,S0079,P00379,388,Received
PO0000380,S0080,P00380,389,Cancelled
PO0000381,S0081,P00381,390,Created
PO0000382,S0082,P00382,391,Approved
PO0000383,S0083,P00383,392,Received
PO0000384,S0084,P00384,393,Cancelled
PO0000385,S0085,P00385,394,Created
PO0000386,S0086,P00386,395,Approved
PO0000387,S0087,P00387,396,Received
PO0000388,S0088,P00388,397,Cancelled
PO0000389,S0089,P00389,398,Created
PO0000390,S0090,P00390,399,Approved
PO0000391,S0091,P00391,400,Received
PO0000392,S0092,P00392,401,Cancelled
PO0000393,S0093,P00393,402,Created
PO0000394,S0094,P00394,403,Approved
PO0000395,S0095,P00395,404,Received
PO0000396,S0096,P00396,405,Cancelled
PO0000397,S0097,P00397,406,Created
PO0000398,S0098,P00398,407,Approved
PO0000399,S0099,P00399,408,Received
PO0000400,S0100,P00400,409,Cancelled
PO0000401,S0001,P00401,410,Created
PO0000402,S0002,P00402,411,Approved
PO0000403,S0003,P00403,412,Received
PO0000404,S0004,P00404,413,Cancelled
PO0000405,S0005,P00405,414,Created
PO0000406,S0006,P00406,415,Approved
PO0000407,S0007,P00407,416,Received
PO0000408,S0008,P00408,417,Cancelled
PO0000409,S0009,P00409,418,Created
PO0000410,S0010,P00410,419,Approved
PO0000411,S0011,P00411,420,Received
PO0000412,S0012,P00412,421,Cancelled
PO0000413,S0013,P00413,422,Created
PO0000414,S0014,P00414,423,Approved
PO0000415,S0015,P00415,424,Received
PO0000416,S0016,P00416,425,Cancelled
PO0000417,S0017,P00417,426,Created
PO0000418,S0018,P00418,427,Approved
PO0000419,S0019,P00419,428,Received
PO0000420,S0020,P00420,429,Cancelled
PO0000421,S0021,P00421,430,Created
PO0000422,S0022,P00422,431,Approved
PO0000423,S0023,P00423,432,Received
PO0000424,S0024,P00424,433,Cancelled
PO0000425,S0025,P00425,434,Created
PO0000426,S0026,P00426,435,Approved
PO0000427,S0027,P00427,436,Received
PO0000428,S0028,P00428,437,Cancelled
PO0000429,S0029,P00429,438,Created
PO0000430,S0030,P00430,439,Approved
PO0000431,S0031,P00431,440,Received
PO0000432,S0032,P00432,441,Cancelled
PO0000433,S0033,P00433,442,Created
PO0000434,S0034,P00434,443,Approved
PO0000435,S0035,P00435,444,Received
PO0000436,S0036,P00436,445,Cancelled
PO0000437,S0037,P00437,446,Created
PO0000438,S0038,P00438,447,Approved
PO0000439,S0039,P00439,448,Received
PO0000440,S0040,P00440,449,Cancelled
PO0000441,S0041,P00441,450,Created
PO0000442,S0042,P00442,451,Approved
PO0000443,S0043,P00443,452,Received
PO0000444,S0044,P00444,453,Cancelled
PO0000445,S0045,P00445,454,Created
PO0000446,S0046,P00446,455,Approved
PO0000447,S0047,P00447,456,Received
PO0000448,S0048,P00448,457,Cancelled
PO0000449,S0049,P00449,458,Created
PO0000450,S0050,P00450,459,Approved
PO0000451,S0051,P00451,460,Received
PO0000452,S0052,P00452,461,Cancelled
PO0000453,S0053,P00453,462,Created
PO0000454,S0054,P00454,463,Approved
PO0000455,S0055,P00455,464,Received
PO0000456,S0056,P00456,465,Cancelled
PO0000457,S0057,P00457,466,Created
PO0000458,S0058,P00458,467,Approved
PO0000459,S0059,P00459,468,Received
PO0000460,S0060,P00460,469,Cancelled
PO0000461,S0061,P00461,470,Created
PO0000462,S0062,P00462,471,Approved
PO0000463,S0063,P00463,472,Received
PO0000464,S0064,P00464,473,Cancelled
PO0000465,S0065,P00465,474,Created
PO0000466,S0066,P00466,475,Approved
PO0000467,S0067,P00467,476,Received
PO0000468,S0068,P00468,477,Cancelled
PO0000469,S0069,P00469,478,Created
PO0000470,S0070,P00470,479,Approved
PO0000471,S0071,P00471,480,Received
PO0000472,S0072,P00472,481,Cancelled
PO0000473,S0073,P00473,482,Created
PO0000474,S0074,P00474,483,Approved
PO0000475,S0075,P00475,484,Received
PO0000476,S0076,P00476,485,Cancelled
PO0000477,S0077,P00477,486,Created
PO0000478,S0078,P00478,487,Approved
PO0000479,S0079,P00479,488,Received
PO0000480,S0080,P00480,489,Cancelled
PO0000481,S0081,P00481,490,Created
PO0000482,S0082,P00482,491,Approved
PO0000483,S0083,P00483,492,Received
PO0000484,S0084,P00484,493,Cancelled
PO0000485,S0085,P00485,494,Created
PO0000486,S0086,P00486,495,Approved
PO0000487,S0087,P00487,496,Received
PO0000488,S0088,P00488,497,Cancelled
PO0000489,S0089,P00489,498,Created
PO0000490,S0090,P00490,499,Approved
PO0000491,S0091,P00491,10,Received
PO0000492,S0092,P00492,11,Cancelled
PO0000493,S0093,P00493,12,Created
PO0000494,S0094,P00494,13,Approved
PO0000495,S0095,P00495,14,Received
PO0000496,S0096,P00496,15,Cancelled
PO0000497,S0097,P00497,16,Created
PO0000498,S0098,P00498,17,Approved
PO0000499,S0099,P00499,18,Received
PO0000500,S0100,P00500,19,Cancelled
PO0000501,S0001,P00501,20,Created
PO0000502,S0002,P00502,21,Approved
PO0000503,S0003,P00503,22,Received
PO0000504,S0004,P00504,23,Cancelled
PO0000505,S0005,P00505,24,Created
PO0000506,S0006,P00506,25,Approved
PO0000507,S0007,P00507,26,Received
PO0000508,S0008,P00508,27,Cancelled
PO0000509,S0009,P00509,28,Created
PO0000510,S0010,P00510,29,Approved
PO0000511,S0011,P00511,30,Received
PO0000512,S0012,P00512,31,Cancelled
PO0000513,S0013,P00513,32,Created
PO0000514,S0014,P00514,33,Approved
PO0000515,S0015,P00515,34,Received
PO0000516,S0016,P00516,35,Cancelled
PO0000517,S0017,P00517,36,Created
PO0000518,S0018,P00518,37,Approved
PO0000519,S0019,P00519,38,Received
PO0000520,S0020,P00520,39,Cancelled
PO0000521,S0021,P00521,40,Created
PO0000522,S0022,P00522,41,Approved
PO0000523,S0023,P00523,42,Received
PO0000524,S0024,P00524,43,Cancelled
PO0000525,S0025,P00525,44,Created
PO0000526,S0026,P00526,45,Approved
PO0000527,S0027,P00527,46,Received
PO0000528,S0028,P00528,47,Cancelled
PO0000529,S0029,P00529,48,Created
PO0000530,S0030,P00530,49,Approved
PO0000531,S0031,P00531,50,Received
PO0000532,S0032,P00532,51,Cancelled
PO0000533,S0033,P00533,52,Created
PO0000534,S0034,P00534,53,Approved
PO0000535,S0035,P00535,54,Received
PO0000536,S0036,P00536,55,Cancelled
PO0000537,S0037,P00537,56,Created
PO0000538,S0038,P00538,57,Approved
PO0000539,S0039,P00539,58,Received
PO0000540,S0040,P00540,59,Cancelled
PO0000541,S0041,P00541,60,Created
PO0000542,S0042,P00542,61,Approved
PO0000543,S0043,P00543,62,Received
PO0000544,S0044,P00544,63,Cancelled
PO0000545,S0045,P00545,64,Created
PO0000546,S0046,P00546,65,Approved
PO0000547,S0047,P00547,66,Received
PO0000548,S0048,P00548,67,Cancelled
PO0000549,S0049,P00549,68,Created
PO0000550,S0050,P00550,69,Approved
PO0000551,S0051,P00551,70,Received
PO0000552,S0052,P00552,71,Cancelled
PO0000553,S0053,P00553,72,Created
PO0000554,S0054,P00554,73,Approved
PO0000555,S0055,P00555,74,Received
PO0000556,S0056,P00556,75,Cancelled
PO0000557,S0057,P00557,76,Created
PO0000558,S0058,P00558,77,Approved
PO0000559,S0059,P00559,78,Received
PO0000560,S0060,P00560,79,Cancelled
PO0000561,S0061,P00561,80,Created
PO0000562,S0062,P00562,81,Approved
PO0000563,S0063,P00563,82,Received
PO0000564,S0064,P00564,83,Cancelled
PO0000565,S0065,P00565,84,Created
PO0000566,S0066,P00566,85,Approved
PO0000567,S0067,P00567,86,Received
PO0000568,S0068,P00568,87,Cancelled
PO0000569,S0069,P00569,88,Created
PO0000570,S0070,P00570,89,Approved
PO0000571,S0071,P00571,90,Received
PO0000572,S0072,P00572,91,Cancelled
PO0000573,S0073,P00573,92,Created
PO0000574,S0074,P00574,93,Approved
PO0000575,S0075,P00575,94,Received
PO0000576,S0076,P00576,95,Cancelled
PO0000577,S0077,P00577,96,Created
PO0000578,S0078,P00578,97,Approved
PO0000579,S0079,P00579,98,Received
PO0000580,S0080,P00580,99,Cancelled
PO0000581,S0081,P00581,100,Created
PO0000582,S0082,P00582,101,Approved
PO0000583,S0083,P00583,102,Received
PO0000584,S0084,P00584,103,Cancelled
PO0000585,S0085,P00585,104,Created
PO0000586,S0086,P00586,105,Approved
PO0000587,S0087,P00587,106,Received
PO0000588,S0088,P00588,107,Cancelled
PO0000589,S0089,P00589,108,Created
PO0000590,S0090,P00590,109,Approved
PO0000591,S0091,P00591,110,Received
PO0000592,S0092,P00592,111,Cancelled
PO0000593,S0093,P00593,112,Created
PO0000594,S0094,P00594,113,Approved
PO0000595,S0095,P00595,114,Received
PO0000596,S0096,P00596,115,Cancelled
PO0000597,S0097,P00597,116,Created
PO0000598,S0098,P00598,117,Approved
PO0000599,S0099,P00599,118,Received
PO0000600,S0100,P00600,119,Cancelled
PO0000601,S0001,P00601,120,Created
PO0000602,S0002,P00602,121,Approved
PO0000603,S0003,P00603,122,Received
PO0000604,S0004,P00604,123,Cancelled
PO0000605,S0005,P00605,124,Created
PO0000606,S0006,P00606,125,Approved
PO0000607,S0007,P00607,126,Received
PO0000608,S0008,P00608,127,Cancelled
PO0000609,S0009,P00609,128,Created
PO0000610,S0010,P00610,129,Approved
PO0000611,S0011,P00611,130,Received
PO0000612,S0012,P00612,131,Cancelled
PO0000613,S0013,P00613,132,Created
PO0000614,S0014,P00614,133,Approved
PO0000615,S0015,P00615,134,Received
PO0000616,S0016,P00616,135,Cancelled
PO0000617,S0017,P00617,136,Created
PO0000618,S0018,P00618,137,Approved
PO0000619,S0019,P00619,138,Received
PO0000620,S0020,P00620,139,Cancelled
PO0000621,S0021,P00621,140,Created
PO0000622,S0022,P00622,141,Approved
PO0000623,S0023,P00623,142,Received
PO0000624,S0024,P00624,143,Cancelled
PO0000625,S0025,P00625,144,Created
PO0000626,S0026,P00626,145,Approved
PO0000627,S0027,P00627,146,Received
PO0000628,S0028,P00628,147,Cancelled
PO0000629,S0029,P00629,148,Created
PO0000630,S0030,P00630,149,Approved
PO0000631,S0031,P00631,150,Received
PO0000632,S0032,P00632,151,Cancelled
PO0000633,S0033,P00633,152,Created
PO0000634,S0034,P00634,153,Approved
PO0000635,S0035,P00635,154,Received
PO0000636,S0036,P00636,155,Cancelled
PO0000637,S0037,P00637,156,Created
PO0000638,S0038,P00638,157,Approved
PO0000639,S0039,P00639,158,Received
PO0000640,S0040,P00640,159,Cancelled
PO0000641,S0041,P00641,160,Created
PO0000642,S0042,P00642,161,Approved
PO0000643,S0043,P00643,162,Received
PO0000644,S0044,P00644,163,Cancelled
PO0000645,S0045,P00645,164,Created
PO0000646,S0046,P00646,165,Approved
PO0000647,S0047,P00647,166,Received
PO0000648,S0048,P00648,167,Cancelled
PO0000649,S0049,P00649,168,Created
PO0000650,S0050,P00650,169,Approved
PO0000651,S0051,P00651,170,Received
PO0000652,S0052,P00652,171,Cancelled
PO0000653,S0053,P00653,172,Created
PO0000654,S0054,P00654,173,Approved
PO0000655,S0055,P00655,174,Received
PO0000656,S0056,P00656,175,Cancelled
PO0000657,S0057,P00657,176,Created
PO0000658,S0058,P00658,177,Approved
PO0000659,S0059,P00659,178,Received
PO0000660,S0060,P00660,179,Cancelled
PO0000661,S0061,P00661,180,Created
PO0000662,S0062,P00662,181,Approved
PO0000663,S0063,P00663,182,Received
PO0000664,S0064,P00664,183,Cancelled
PO0000665,S0065,P00665,184,Created
PO0000666,S0066,P00666,185,Approved
PO0000667,S0067,P00667,186,Received
PO0000668,S0068,P00668,187,Cancelled
PO0000669,S0069,P00669,188,Created
PO0000670,S0070,P00670,189,Approved
PO0000671,S0071,P00671,190,Received
PO0000672,S0072,P00672,191,Cancelled
PO0000673,S0073,P00673,192,Created
PO0000674,S0074,P00674,193,Approved
PO0000675,S0075,P00675,194,Received
PO0000676,S0076,P00676,195,Cancelled
PO0000677,S0077,P00677,196,Created
PO0000678,S0078,P00678,197,Approved
PO0000679,S0079,P00679,198,Received
PO0000680,S0080,P00680,199,Cancelled
PO0000681,S0081,P00681,200,Created
PO0000682,S0082,P00682,201,Approved
PO0000683,S0083,P00683,202,Received
PO0000684,S0084,P00684,203,Cancelled
PO0000685,S0085,P00685,204,Created
PO0000686,S0086,P00686,205,Approved
PO0000687,S0087,P00687,206,Received
PO0000688,S0088,P00688,207,Cancelled
PO0000689,S0089,P00689,208,Created
PO0000690,S0090,P00690,209,Approved
PO0000691,S0091,P00691,210,Received
PO0000692,S0092,P00692,211,Cancelled
PO0000693,S0093,P00693,212,Created
PO0000694,S0094,P00694,213,Approved
PO0000695,S0095,P00695,214,Received
PO0000696,S0096,P00696,215,Cancelled
PO0000697,S0097,P00697,216,Created
PO0000698,S0098,P00698,217,Approved
PO0000699,S0099,P00699,218,Received
PO0000700,S0100,P00700,219,Cancelled
PO0000701,S0001,P00701,220,Created
PO0000702,S0002,P00702,221,Approved
PO0000703,S0003,P00703,222,Received
PO0000704,S0004,P00704,223,Cancelled
PO0000705,S0005,P00705,224,Created
PO0000706,S0006,P00706,225,Approved
PO0000707,S0007,P00707,226,Received
PO0000708,S0008,P00708,227,Cancelled
PO0000709,S0009,P00709,228,Created
PO0000710,S0010,P00710,229,Approved
PO0000711,S0011,P00711,230,Received
PO0000712,S0012,P00712,231,Cancelled
PO0000713,S0013,P00713,232,Created
PO0000714,S0014,P00714,233,Approved
PO0000715,S0015,P00715,234,Received
PO0000716,S0016,P00716,235,Cancelled
PO0000717,S0017,P00717,236,Created
PO0000718,S0018,P00718,237,Approved
PO0000719,S0019,P00719,238,Received
PO0000720,S0020,P00720,239,Cancelled
PO0000721,S0021,P00721,240,Created
PO0000722,S0022,P00722,241,Approved
PO0000723,S0023,P00723,242,Received
PO0000724,S0024,P00724,243,Cancelled
PO0000725,S0025,P00725,244,Created
PO0000726,S0026,P00726,245,Approved
PO0000727,S0027,P00727,246,Received
PO0000728,S0028,P00728,247,Cancelled
PO0000729,S0029,P00729,248,Created
PO0000730,S0030,P00730,249,Approved
PO0000731,S0031,P00731,250,Received
PO0000732,S0032,P00732,251,Cancelled
PO0000733,S0033,P00733,252,Created
PO0000734,S0034,P00734,253,Approved
PO0000735,S0035,P00735,254,Received
PO0000736,S0036,P00736,255,Cancelled
PO0000737,S0037,P00737,256,Created
PO0000738,S0038,P00738,257,Approved
PO0000739,S0039,P00739,258,Received
PO0000740,S0040,P00740,259,Cancelled
PO0000741,S0041,P00741,260,Created
PO0000742,S0042,P00742,261,Approved
PO0000743,S0043,P00743,262,Received
PO0000744,S0044,P00744,263,Cancelled
PO0000745,S0045,P00745,264,Created
PO0000746,S0046,P00746,265,Approved
PO0000747,S0047,P00747,266,Received
PO0000748,S0048,P00748,267,Cancelled
PO0000749,S0049,P00749,268,Created
PO0000750,S0050,P00750,269,Approved
PO0000751,S0051,P00751,270,Received
PO0000752,S0052,P00752,271,Cancelled
PO0000753,S0053,P00753,272,Created
PO0000754,S0054,P00754,273,Approved
PO0000755,S0055,P00755,274,Received
PO0000756,S0056,P00756,275,Cancelled
PO0000757,S0057,P00757,276,Created
PO0000758,S0058,P00758,277,Approved
PO0000759,S0059,P00759,278,Received
PO0000760,S0060,P00760,279,Cancelled
PO0000761,S0061,P00761,280,Created
PO0000762,S0062,P00762,281,Approved
PO0000763,S0063,P00763,282,Received
PO0000764,S0064,P00764,283,Cancelled
PO0000765,S0065,P00765,284,Created
PO0000766,S0066,P00766,285,Approved
PO0000767,S0067,P00767,286,Received
PO0000768,S0068,P00768,287,Cancelled
PO0000769,S0069,P00769,288,Created
PO0000770,S0070,P00770,289,Approved
PO0000771,S0071,P00771,290,Received
PO0000772,S0072,P00772,291,Cancelled
PO0000773,S0073,P00773,292,Created
PO0000774,S0074,P00774,293,Approved
PO0000775,S0075,P00775,294,Received
PO0000776,S0076,P00776,295,Cancelled
PO0000777,S0077,P00777,296,Created
PO0000778,S0078,P00778,297,Approved
PO0000779,S0079,P00779,298,Received
PO0000780,S0080,P00780,299,Cancelled
PO0000781,S0081,P00781,300,Created
PO0000782,S0082,P00782,301,Approved
PO0000783,S0083,P00783,302,Received
PO0000784,S0084,P00784,303,Cancelled
PO0000785,S0085,P00785,304,Created
PO0000786,S0086,P00786,305,Approved
PO0000787,S0087,P00787,306,Received
PO0000788,S0088,P00788,307,Cancelled
PO0000789,S0089,P00789,308,Created
PO0000790,S0090,P00790,309,Approved
PO0000791,S0091,P00791,310,Received
PO0000792,S0092,P00792,311,Cancelled
PO0000793,S0093,P00793,312,Created
PO0000794,S0094,P00794,313,Approved
PO0000795,S0095,P00795,314,Received
PO0000796,S0096,P00796,315,Cancelled
PO0000797,S0097,P00797,316,Created
PO0000798,S0098,P00798,317,Approved
PO0000799,S0099,P00799,318,Received
PO0000800,S0100,P00800,319,Cancelled
PO0000801,S0001,P00801,320,Created
PO0000802,S0002,P00802,321,Approved
PO0000803,S0003,P00803,322,Received
PO0000804,S0004,P00804,323,Cancelled
PO0000805,S0005,P00805,324,Created
PO0000806,S0006,P00806,325,Approved
PO0000807,S0007,P00807,326,Received
PO0000808,S0008,P00808,327,Cancelled
PO0000809,S0009,P00809,328,Created
PO0000810,S0010,P00810,329,Approved
PO0000811,S0011,P00811,330,Received
PO0000812,S0012,P00812,331,Cancelled
PO0000813,S0013,P00813,332,Created
PO0000814,S0014,P00814,333,Approved
PO0000815,S0015,P00815,334,Received
PO0000816,S0016,P00816,335,Cancelled
PO0000817,S0017,P00817,336,Created
PO0000818,S0018,P00818,337,Approved
PO0000819,S0019,P00819,338,Received
PO0000820,S0020,P00820,339,Cancelled
PO0000821,S0021,P00821,340,Created
PO0000822,S0022,P00822,341,Approved
PO0000823,S0023,P00823,342,Received
PO0000824,S0024,P00824,343,Cancelled
PO0000825,S0025,P00825,344,Created
PO0000826,S0026,P00826,345,Approved
PO0000827,S0027,P00827,346,Received
PO0000828,S0028,P00828,347,Cancelled
PO0000829,S0029,P00829,348,Created
PO0000830,S0030,P00830,349,Approved
PO0000831,S0031,P00831,350,Received
PO0000832,S0032,P00832,351,Cancelled
PO0000833,S0033,P00833,352,Created
PO0000834,S0034,P00834,353,Approved
PO0000835,S0035,P00835,354,Received
PO0000836,S0036,P00836,355,Cancelled
PO0000837,S0037,P00837,356,Created
PO0000838,S0038,P00838,357,Approved
PO0000839,S0039,P00839,358,Received
PO0000840,S0040,P00840,359,Cancelled
PO0000841,S0041,P00841,360,Created
PO0000842,S0042,P00842,361,Approved
PO0000843,S0043,P00843,362,Received
PO0000844,S0044,P00844,363,Cancelled
PO0000845,S0045,P00845,364,Created
PO0000846,S0046,P00846,365,Approved
PO0000847,S0047,P00847,366,Received
PO0000848,S0048,P00848,367,Cancelled
PO0000849,S0049,P00849,368,Created
PO0000850,S0050,P00850,369,Approved
PO0000851,S0051,P00851,370,Received
PO0000852,S0052,P00852,371,Cancelled
PO0000853,S0053,P00853,372,Created
PO0000854,S0054,P00854,373,Approved
PO0000855,S0055,P00855,374,Received
PO0000856,S0056,P00856,375,Cancelled
PO0000857,S0057,P00857,376,Created
PO0000858,S0058,P00858,377,Approved
PO0000859,S0059,P00859,378,Received
PO0000860,S0060,P00860,379,Cancelled
PO0000861,S0061,P00861,380,Created
PO0000862,S0062,P00862,381,Approved
PO0000863,S0063,P00863,382,Received
PO0000864,S0064,P00864,383,Cancelled
PO0000865,S0065,P00865,384,Created
PO0000866,S0066,P00866,385,Approved
PO0000867,S0067,P00867,386,Received
PO0000868,S0068,P00868,387,Cancelled
PO0000869,S0069,P00869,388,Created
PO0000870,S0070,P00870,389,Approved
PO0000871,S0071,P00871,390,Received
PO0000872,S0072,P00872,391,Cancelled
PO0000873,S0073,P00873,392,Created
PO0000874,S0074,P00874,393,Approved
PO0000875,S0075,P00875,394,Received
PO0000876,S0076,P00876,395,Cancelled
PO0000877,S0077,P00877,396,Created
PO0000878,S0078,P00878,397,Approved
PO0000879,S0079,P00879,398,Received
PO0000880,S0080,P00880,399,Cancelled
PO0000881,S0081,P00881,400,Created
PO0000882,S0082,P00882,401,Approved
PO0000883,S0083,P00883,402,Received
PO0000884,S0084,P00884,403,Cancelled
PO0000885,S0085,P00885,404,Created
PO0000886,S0086,P00886,405,Approved
PO0000887,S0087,P00887,406,Received
PO0000888,S0088,P00888,407,Cancelled
PO0000889,S0089,P00889,408,Created
PO0000890,S0090,P00890,409,Approved
PO0000891,S0091,P00891,410,Received
PO0000892,S0092,P00892,411,Cancelled
PO0000893,S0093,P00893,412,Created
PO0000894,S0094,P00894,413,Approved
PO0000895,S0095,P00895,414,Received
PO0000896,S0096,P00896,415,Cancelled
PO0000897,S0097,P00897,416,Created
PO0000898,S0098,P00898,417,Approved
PO0000899,S0099,P00899,418,Received
PO0000900,S0100,P00900,419,Cancelled
PO0000901,S0001,P00901,420,Created
PO0000902,S0002,P00902,421,Approved
PO0000903,S0003,P00903,422,Received
PO0000904,S0004,P00904,423,Cancelled
PO0000905,S0005,P00905,424,Created
PO0000906,S0006,P00906,425,Approved
PO0000907,S0007,P00907,426,Received
PO0000908,S0008,P00908,427,Cancelled
PO0000909,S0009,P00909,428,Created
PO0000910,S0010,P00910,429,Approved
PO0000911,S0011,P00911,430,Received
PO0000912,S0012,P00912,431,Cancelled
PO0000913,S0013,P00913,432,Created
PO0000914,S0014,P00914,433,Approved
PO0000915,S0015,P00915,434,Received
PO0000916,S0016,P00916,435,Cancelled
PO0000917,S0017,P00917,436,Created
PO0000918,S0018,P00918,437,Approved
PO0000919,S0019,P00919,438,Received
PO0000920,S0020,P00920,439,Cancelled
PO0000921,S0021,P00921,440,Created
PO0000922,S0022,P00922,441,Approved
PO0000923,S0023,P00923,442,Received
PO0000924,S0024,P00924,443,Cancelled
PO0000925,S0025,P00925,444,Created
PO0000926,S0026,P00926,445,Approved
PO0000927,S0027,P00927,446,Received
PO0000928,S0028,P00928,447,Cancelled
PO0000929,S0029,P00929,448,Created
PO0000930,S0030,P00930,449,Approved
PO0000931,S0031,P00931,450,Received
PO0000932,S0032,P00932,451,Cancelled
PO0000933,S0033,P00933,452,Created
PO0000934,S0034,P00934,453,Approved
PO0000935,S0035,P00935,454,Received
PO0000936,S0036,P00936,455,Cancelled
PO0000937,S0037,P00937,456,Created
PO0000938,S0038,P00938,457,Approved
PO0000939,S0039,P00939,458,Received
PO0000940,S0040,P00940,459,Cancelled
PO0000941,S0041,P00941,460,Created
PO0000942,S0042,P00942,461,Approved
PO0000943,S0043,P00943,462,Received
PO0000944,S0044,P00944,463,Cancelled
PO0000945,S0045,P00945,464,Created
PO0000946,S0046,P00946,465,Approved
PO0000947,S0047,P00947,466,Received
PO0000948,S0048,P00948,467,Cancelled
PO0000949,S0049,P00949,468,Created
PO0000950,S0050,P00950,469,Approved
PO0000951,S0051,P00951,470,Received
PO0000952,S0052,P00952,471,Cancelled
PO0000953,S0053,P00953,472,Created
PO0000954,S0054,P00954,473,Approved
PO0000955,S0055,P00955,474,Received
PO0000956,S0056,P00956,475,Cancelled
PO0000957,S0057,P00957,476,Created
PO0000958,S0058,P00958,477,Approved
PO0000959,S0059,P00959,478,Received
PO0000960,S0060,P00960,479,Cancelled
PO0000961,S0061,P00961,480,Created
PO0000962,S0062,P00962,481,Approved
PO0000963,S0063,P00963,482,Received
PO0000964,S0064,P00964,483,Cancelled
PO0000965,S0065,P00965,484,Created
PO0000966,S0066,P00966,485,Approved
PO0000967,S0067,P00967,486,Received
PO0000968,S0068,P00968,487,Cancelled
PO0000969,S0069,P00969,488,Created
PO0000970,S0070,P00970,489,Approved
PO0000971,S0071,P00971,490,Received
PO0000972,S0072,P00972,491,Cancelled
PO0000973,S0073,P00973,492,Created
PO0000974,S0074,P00974,493,Approved
PO0000975,S0075,P00975,494,Received
PO0000976,S0076,P00976,495,Cancelled
PO0000977,S0077,P00977,496,Created
PO0000978,S0078,P00978,497,Approved
PO0000979,S0079,P00979,498,Received
PO0000980,S0080,P00980,499,Cancelled
PO0000981,S0081,P00981,10,Created
PO0000982,S0082,P00982,11,Approved
PO0000983,S0083,P00983,12,Received
PO0000984,S0084,P00984,13,Cancelled
PO0000985,S0085,P00985,14,Created
PO0000986,S0086,P00986,15,Approved
PO0000987,S0087,P00987,16,Received
PO0000988,S0088,P00988,17,Cancelled
PO0000989,S0089,P00989,18,Created
PO0000990,S0090,P00990,19,Approved
PO0000991,S0091,P00991,20,Received
PO0000992,S0092,P00992,21,Cancelled
PO0000993,S0093,P00993,22,Created
PO0000994,S0094,P00994,23,Approved
PO0000995,S0095,P00995,24,Received
PO0000996,S0096,P00996,25,Cancelled
PO0000997,S0097,P00997,26,Created
PO0000998,S0098,P00998,27,Approved
PO0000999,S0099,P00999,28,Received
PO0001000,S0100,P01000,29,Cancelled
PO0001001,S0001,P00001,30,Created
PO0001002,S0002,P00002,31,Approved
PO0001003,S0003,P00003,32,Received
PO0001004,S0004,P00004,33,Cancelled
PO0001005,S0005,P00005,34,Created
PO0001006,S0006,P00006,35,Approved
PO0001007,S0007,P00007,36,Received
PO0001008,S0008,P00008,37,Cancelled
PO0001009,S0009,P00009,38,Created
PO0001010,S0010,P00010,39,Approved
PO0001011,S0011,P00011,40,Received
PO0001012,S0012,P00012,41,Cancelled
PO0001013,S0013,P00013,42,Created
PO0001014,S0014,P00014,43,Approved
PO0001015,S0015,P00015,44,Received
PO0001016,S0016,P00016,45,Cancelled
PO0001017,S0017,P00017,46,Created
PO0001018,S0018,P00018,47,Approved
PO0001019,S0019,P00019,48,Received
PO0001020,S0020,P00020,49,Cancelled
PO0001021,S0021,P00021,50,Created
PO0001022,S0022,P00022,51,Approved
PO0001023,S0023,P00023,52,Received
PO0001024,S0024,P00024,53,Cancelled
PO0001025,S0025,P00025,54,Created
PO0001026,S0026,P00026,55,Approved
PO0001027,S0027,P00027,56,Received
PO0001028,S0028,P00028,57,Cancelled
PO0001029,S0029,P00029,58,Created
PO0001030,S0030,P00030,59,Approved
PO0001031,S0031,P00031,60,Received
PO0001032,S0032,P00032,61,Cancelled
PO0001033,S0033,P00033,62,Created
PO0001034,S0034,P00034,63,Approved
PO0001035,S0035,P00035,64,Received
PO0001036,S0036,P00036,65,Cancelled
PO0001037,S0037,P00037,66,Created
PO0001038,S0038,P00038,67,Approved
PO0001039,S0039,P00039,68,Received
PO0001040,S0040,P00040,69,Cancelled
PO0001041,S0041,P00041,70,Created
PO0001042,S0042,P00042,71,Approved
PO0001043,S0043,P00043,72,Received
PO0001044,S0044,P00044,73,Cancelled
PO0001045,S0045,P00045,74,Created
PO0001046,S0046,P00046,75,Approved
PO0001047,S0047,P00047,76,Received
PO0001048,S0048,P00048,77,Cancelled
PO0001049,S0049,P00049,78,Created
PO0001050,S0050,P00050,79,Approved
PO0001051,S0051,P00051,80,Received
PO0001052,S0052,P00052,81,Cancelled
PO0001053,S0053,P00053,82,Created
PO0001054,S0054,P00054,83,Approved
PO0001055,S0055,P00055,84,Received
PO0001056,S0056,P00056,85,Cancelled
PO0001057,S0057,P00057,86,Created
PO0001058,S0058,P00058,87,Approved
PO0001059,S0059,P00059,88,Received
PO0001060,S0060,P00060,89,Cancelled
PO0001061,S0061,P00061,90,Created
PO0001062,S0062,P00062,91,Approved
PO0001063,S0063,P00063,92,Received
PO0001064,S0064,P00064,93,Cancelled
PO0001065,S0065,P00065,94,Created
PO0001066,S0066,P00066,95,Approved
PO0001067,S0067,P00067,96,Received
PO0001068,S0068,P00068,97,Cancelled
PO0001069,S0069,P00069,98,Created
PO0001070,S0070,P00070,99,Approved
PO0001071,S0071,P00071,100,Received
PO0001072,S0072,P00072,101,Cancelled
PO0001073,S0073,P00073,102,Created
PO0001074,S0074,P00074,103,Approved
PO0001075,S0075,P00075,104,Received
PO0001076,S0076,P00076,105,Cancelled
PO0001077,S0077,P00077,106,Created
PO0001078,S0078,P00078,107,Approved
PO0001079,S0079,P00079,108,Received
PO0001080,S0080,P00080,109,Cancelled
PO0001081,S0081,P00081,110,Created
PO0001082,S0082,P00082,111,Approved
PO0001083,S0083,P00083,112,Received
PO0001084,S0084,P00084,113,Cancelled
PO0001085,S0085,P00085,114,Created
PO0001086,S0086,P00086,115,Approved
PO0001087,S0087,P00087,116,Received
PO0001088,S0088,P00088,117,Cancelled
PO0001089,S0089,P00089,118,Created
PO0001090,S0090,P00090,119,Approved
PO0001091,S0091,P00091,120,Received
PO0001092,S0092,P00092,121,Cancelled
PO0001093,S0093,P00093,122,Created
PO0001094,S0094,P00094,123,Approved
PO0001095,S0095,P00095,124,Received
PO0001096,S0096,P00096,125,Cancelled
PO0001097,S0097,P00097,126,Created
PO0001098,S0098,P00098,127,Approved
PO0001099,S0099,P00099,128,Received
PO0001100,S0100,P00100,129,Cancelled
PO0001101,S0001,P00101,130,Created
PO0001102,S0002,P00102,131,Approved
PO0001103,S0003,P00103,132,Received
PO0001104,S0004,P00104,133,Cancelled
PO0001105,S0005,P00105,134,Created
PO0001106,S0006,P00106,135,Approved
PO0001107,S0007,P00107,136,Received
PO0001108,S0008,P00108,137,Cancelled
PO0001109,S0009,P00109,138,Created
PO0001110,S0010,P00110,139,Approved
PO0001111,S0011,P00111,140,Received
PO0001112,S0012,P00112,141,Cancelled
PO0001113,S0013,P00113,142,Created
PO0001114,S0014,P00114,143,Approved
PO0001115,S0015,P00115,144,Received
PO0001116,S0016,P00116,145,Cancelled
PO0001117,S0017,P00117,146,Created
PO0001118,S0018,P00118,147,Approved
PO0001119,S0019,P00119,148,Received
PO0001120,S0020,P00120,149,Cancelled
PO0001121,S0021,P00121,150,Created
PO0001122,S0022,P00122,151,Approved
PO0001123,S0023,P00123,152,Received
PO0001124,S0024,P00124,153,Cancelled
PO0001125,S0025,P00125,154,Created
PO0001126,S0026,P00126,155,Approved
PO0001127,S0027,P00127,156,Received
PO0001128,S0028,P00128,157,Cancelled
PO0001129,S0029,P00129,158,Created
PO0001130,S0030,P00130,159,Approved
PO0001131,S0031,P00131,160,Received
PO0001132,S0032,P00132,161,Cancelled
PO0001133,S0033,P00133,162,Created
PO0001134,S0034,P00134,163,Approved
PO0001135,S0035,P00135,164,Received
PO0001136,S0036,P00136,165,Cancelled
PO0001137,S0037,P00137,166,Created
PO0001138,S0038,P00138,167,Approved
PO0001139,S0039,P00139,168,Received
PO0001140,S0040,P00140,169,Cancelled
PO0001141,S0041,P00141,170,Created
PO0001142,S0042,P00142,171,Approved
PO0001143,S0043,P00143,172,Received
PO0001144,S0044,P00144,173,Cancelled
PO0001145,S0045,P00145,174,Created
PO0001146,S0046,P00146,175,Approved
PO0001147,S0047,P00147,176,Received
PO0001148,S0048,P00148,177,Cancelled
PO0001149,S0049,P00149,178,Created
PO0001150,S0050,P00150,179,Approved
PO0001151,S0051,P00151,180,Received
PO0001152,S0052,P00152,181,Cancelled
PO0001153,S0053,P00153,182,Created
PO0001154,S0054,P00154,183,Approved
PO0001155,S0055,P00155,184,Received
PO0001156,S0056,P00156,185,Cancelled
PO0001157,S0057,P00157,186,Created
PO0001158,S0058,P00158,187,Approved
PO0001159,S0059,P00159,188,Received
PO0001160,S0060,P00160,189,Cancelled
PO0001161,S0061,P00161,190,Created
PO0001162,S0062,P00162,191,Approved
PO0001163,S0063,P00163,192,Received
PO0001164,S0064,P00164,193,Cancelled
PO0001165,S0065,P00165,194,Created
PO0001166,S0066,P00166,195,Approved
PO0001167,S0067,P00167,196,Received
PO0001168,S0068,P00168,197,Cancelled
PO0001169,S0069,P00169,198,Created
PO0001170,S0070,P00170,199,Approved
PO0001171,S0071,P00171,200,Received
PO0001172,S0072,P00172,201,Cancelled
PO0001173,S0073,P00173,202,Created
PO0001174,S0074,P00174,203,Approved
PO0001175,S0075,P00175,204,Received
PO0001176,S0076,P00176,205,Cancelled
PO0001177,S0077,P00177,206,Created
PO0001178,S0078,P00178,207,Approved
PO0001179,S0079,P00179,208,Received
PO0001180,S0080,P00180,209,Cancelled
PO0001181,S0081,P00181,210,Created
PO0001182,S0082,P00182,211,Approved
PO0001183,S0083,P00183,212,Received
PO0001184,S0084,P00184,213,Cancelled
PO0001185,S0085,P00185,214,Created
PO0001186,S0086,P00186,215,Approved
PO0001187,S0087,P00187,216,Received
PO0001188,S0088,P00188,217,Cancelled
PO0001189,S0089,P00189,218,Created
PO0001190,S0090,P00190,219,Approved
PO0001191,S0091,P00191,220,Received
PO0001192,S0092,P00192,221,Cancelled
PO0001193,S0093,P00193,222,Created
PO0001194,S0094,P00194,223,Approved
PO0001195,S0095,P00195,224,Received
PO0001196,S0096,P00196,225,Cancelled
PO0001197,S0097,P00197,226,Created
PO0001198,S0098,P00198,227,Approved
PO0001199,S0099,P00199,228,Received
PO0001200,S0100,P00200,229,Cancelled
PO0001201,S0001,P00201,230,Created
PO0001202,S0002,P00202,231,Approved
PO0001203,S0003,P00203,232,Received
PO0001204,S0004,P00204,233,Cancelled
PO0001205,S0005,P00205,234,Created
PO0001206,S0006,P00206,235,Approved
PO0001207,S0007,P00207,236,Received
PO0001208,S0008,P00208,237,Cancelled
PO0001209,S0009,P00209,238,Created
PO0001210,S0010,P00210,239,Approved
PO0001211,S0011,P00211,240,Received
PO0001212,S0012,P00212,241,Cancelled
PO0001213,S0013,P00213,242,Created
PO0001214,S0014,P00214,243,Approved
PO0001215,S0015,P00215,244,Received
PO0001216,S0016,P00216,245,Cancelled
PO0001217,S0017,P00217,246,Created
PO0001218,S0018,P00218,247,Approved
PO0001219,S0019,P00219,248,Received
PO0001220,S0020,P00220,249,Cancelled
PO0001221,S0021,P00221,250,Created
PO0001222,S0022,P00222,251,Approved
PO0001223,S0023,P00223,252,Received
PO0001224,S0024,P00224,253,Cancelled
PO0001225,S0025,P00225,254,Created
PO0001226,S0026,P00226,255,Approved
PO0001227,S0027,P00227,256,Received
PO0001228,S0028,P00228,257,Cancelled
PO0001229,S0029,P00229,258,Created
PO0001230,S0030,P00230,259,Approved
PO0001231,S0031,P00231,260,Received
PO0001232,S0032,P00232,261,Cancelled
PO0001233,S0033,P00233,262,Created
PO0001234,S0034,P00234,263,Approved
PO0001235,S0035,P00235,264,Received
PO0001236,S0036,P00236,265,Cancelled
PO0001237,S0037,P00237,266,Created
PO0001238,S0038,P00238,267,Approved
PO0001239,S0039,P00239,268,Received
PO0001240,S0040,P00240,269,Cancelled
PO0001241,S0041,P00241,270,Created
PO0001242,S0042,P00242,271,Approved
PO0001243,S0043,P00243,272,Received
PO0001244,S0044,P00244,273,Cancelled
PO0001245,S0045,P00245,274,Created
PO0001246,S0046,P00246,275,Approved
PO0001247,S0047,P00247,276,Received
PO0001248,S0048,P00248,277,Cancelled
PO0001249,S0049,P00249,278,Created
PO0001250,S0050,P00250,279,Approved
PO0001251,S0051,P00251,280,Received
PO0001252,S0052,P00252,281,Cancelled
PO0001253,S0053,P00253,282,Created
PO0001254,S0054,P00254,283,Approved
PO0001255,S0055,P00255,284,Received
PO0001256,S0056,P00256,285,Cancelled
PO0001257,S0057,P00257,286,Created
PO0001258,S0058,P00258,287,Approved
PO0001259,S0059,P00259,288,Received
PO0001260,S0060,P00260,289,Cancelled
PO0001261,S0061,P00261,290,Created
PO0001262,S0062,P00262,291,Approved
PO0001263,S0063,P00263,292,Received
PO0001264,S0064,P00264,293,Cancelled
PO0001265,S0065,P00265,294,Created
PO0001266,S0066,P00266,295,Approved
PO0001267,S0067,P00267,296,Received
PO0001268,S0068,P00268,297,Cancelled
PO0001269,S0069,P00269,298,Created
PO0001270,S0070,P00270,299,Approved
PO0001271,S0071,P00271,300,Received
PO0001272,S0072,P00272,301,Cancelled
PO0001273,S0073,P00273,302,Created
PO0001274,S0074,P00274,303,Approved
PO0001275,S0075,P00275,304,Received
PO0001276,S0076,P00276,305,Cancelled
PO0001277,S0077,P00277,306,Created
PO0001278,S0078,P00278,307,Approved
PO0001279,S0079,P00279,308,Received
PO0001280,S0080,P00280,309,Cancelled
PO0001281,S0081,P00281,310,Created
PO0001282,S0082,P00282,311,Approved
PO0001283,S0083,P00283,312,Received
PO0001284,S0084,P00284,313,Cancelled
PO0001285,S0085,P00285,314,Created
PO0001286,S0086,P00286,315,Approved
PO0001287,S0087,P00287,316,Received
PO0001288,S0088,P00288,317,Cancelled
PO0001289,S0089,P00289,318,Created
PO0001290,S0090,P00290,319,Approved
PO0001291,S0091,P00291,320,Received
PO0001292,S0092,P00292,321,Cancelled
PO0001293,S0093,P00293,322,Created
PO0001294,S0094,P00294,323,Approved
PO0001295,S0095,P00295,324,Received
PO0001296,S0096,P00296,325,Cancelled
PO0001297,S0097,P00297,326,Created
PO0001298,S0098,P00298,327,Approved
PO0001299,S0099,P00299,328,Received
PO0001300,S0100,P00300,329,Cancelled
PO0001301,S0001,P00301,330,Created
PO0001302,S0002,P00302,331,Approved
PO0001303,S0003,P00303,332,Received
PO0001304,S0004,P00304,333,Cancelled
PO0001305,S0005,P00305,334,Created
PO0001306,S0006,P00306,335,Approved
PO0001307,S0007,P00307,336,Received
PO0001308,S0008,P00308,337,Cancelled
PO0001309,S0009,P00309,338,Created
PO0001310,S0010,P00310,339,Approved
PO0001311,S0011,P00311,340,Received
PO0001312,S0012,P00312,341,Cancelled
PO0001313,S0013,P00313,342,Created
PO0001314,S0014,P00314,343,Approved
PO0001315,S0015,P00315,344,Received
PO0001316,S0016,P00316,345,Cancelled
PO0001317,S0017,P00317,346,Created
PO0001318,S0018,P00318,347,Approved
PO0001319,S0019,P00319,348,Received
PO0001320,S0020,P00320,349,Cancelled
PO0001321,S0021,P00321,350,Created
PO0001322,S0022,P00322,351,Approved
PO0001323,S0023,P00323,352,Received
PO0001324,S0024,P00324,353,Cancelled
PO0001325,S0025,P00325,354,Created
PO0001326,S0026,P00326,355,Approved
PO0001327,S0027,P00327,356,Received
PO0001328,S0028,P00328,357,Cancelled
PO0001329,S0029,P00329,358,Created
PO0001330,S0030,P00330,359,Approved
PO0001331,S0031,P00331,360,Received
PO0001332,S0032,P00332,361,Cancelled
PO0001333,S0033,P00333,362,Created
PO0001334,S0034,P00334,363,Approved
PO0001335,S0035,P00335,364,Received
PO0001336,S0036,P00336,365,Cancelled
PO0001337,S0037,P00337,366,Created
PO0001338,S0038,P00338,367,Approved
PO0001339,S0039,P00339,368,Received
PO0001340,S0040,P00340,369,Cancelled
PO0001341,S0041,P00341,370,Created
PO0001342,S0042,P00342,371,Approved
PO0001343,S0043,P00343,372,Received
PO0001344,S0044,P00344,373,Cancelled
PO0001345,S0045,P00345,374,Created
PO0001346,S0046,P00346,375,Approved
PO0001347,S0047,P00347,376,Received
PO0001348,S0048,P00348,377,Cancelled
PO0001349,S0049,P00349,378,Created
PO0001350,S0050,P00350,379,Approved
PO0001351,S0051,P00351,380,Received
PO0001352,S0052,P00352,381,Cancelled
PO0001353,S0053,P00353,382,Created
PO0001354,S0054,P00354,383,Approved
PO0001355,S0055,P00355,384,Received
PO0001356,S0056,P00356,385,Cancelled
PO0001357,S0057,P00357,386,Created
PO0001358,S0058,P00358,387,Approved
PO0001359,S0059,P00359,388,Received
PO0001360,S0060,P00360,389,Cancelled
PO0001361,S0061,P00361,390,Created
PO0001362,S0062,P00362,391,Approved
PO0001363,S0063,P00363,392,Received
PO0001364,S0064,P00364,393,Cancelled
PO0001365,S0065,P00365,394,Created
PO0001366,S0066,P00366,395,Approved
PO0001367,S0067,P00367,396,Received
PO0001368,S0068,P00368,397,Cancelled
PO0001369,S0069,P00369,398,Created
PO0001370,S0070,P00370,399,Approved
PO0001371,S0071,P00371,400,Received
PO0001372,S0072,P00372,401,Cancelled
PO0001373,S0073,P00373,402,Created
PO0001374,S0074,P00374,403,Approved
PO0001375,S0075,P00375,404,Received
PO0001376,S0076,P00376,405,Cancelled
PO0001377,S0077,P00377,406,Created
PO0001378,S0078,P00378,407,Approved
PO0001379,S0079,P00379,408,Received
PO0001380,S0080,P00380,409,Cancelled
PO0001381,S0081,P00381,410,Created
PO0001382,S0082,P00382,411,Approved
PO0001383,S0083,P00383,412,Received
PO0001384,S0084,P00384,413,Cancelled
PO0001385,S0085,P00385,414,Created
PO0001386,S0086,P00386,415,Approved
PO0001387,S0087,P00387,416,Received
PO0001388,S0088,P00388,417,Cancelled
PO0001389,S0089,P00389,418,Created
PO0001390,S0090,P00390,419,Approved
PO0001391,S0091,P00391,420,Received
PO0001392,S0092,P00392,421,Cancelled
PO0001393,S0093,P00393,422,Created
PO0001394,S0094,P00394,423,Approved
PO0001395,S0095,P00395,424,Received
PO0001396,S0096,P00396,425,Cancelled
PO0001397,S0097,P00397,426,Created
PO0001398,S0098,P00398,427,Approved
PO0001399,S0099,P00399,428,Received
PO0001400,S0100,P00400,429,Cancelled
PO0001401,S0001,P00401,430,Created
PO0001402,S0002,P00402,431,Approved
PO0001403,S0003,P00403,432,Received
PO0001404,S0004,P00404,433,Cancelled
PO0001405,S0005,P00405,434,Created
PO0001406,S0006,P00406,435,Approved
PO0001407,S0007,P00407,436,Received
PO0001408,S0008,P00408,437,Cancelled
PO0001409,S0009,P00409,438,Created
PO0001410,S0010,P00410,439,Approved
PO0001411,S0011,P00411,440,Received
PO0001412,S0012,P00412,441,Cancelled
PO0001413,S0013,P00413,442,Created
PO0001414,S0014,P00414,443,Approved
PO0001415,S0015,P00415,444,Received
PO0001416,S0016,P00416,445,Cancelled
PO0001417,S0017,P00417,446,Created
PO0001418,S0018,P00418,447,Approved
PO0001419,S0019,P00419,448,Received
PO0001420,S0020,P00420,449,Cancelled
PO0001421,S0021,P00421,450,Created
PO0001422,S0022,P00422,451,Approved
PO0001423,S0023,P00423,452,Received
PO0001424,S0024,P00424,453,Cancelled
PO0001425,S0025,P00425,454,Created
PO0001426,S0026,P00426,455,Approved
PO0001427,S0027,P00427,456,Received
PO0001428,S0028,P00428,457,Cancelled
PO0001429,S0029,P00429,458,Created
PO0001430,S0030,P00430,459,Approved
PO0001431,S0031,P00431,460,Received
PO0001432,S0032,P00432,461,Cancelled
PO0001433,S0033,P00433,462,Created
PO0001434,S0034,P00434,463,Approved
PO0001435,S0035,P00435,464,Received
PO0001436,S0036,P00436,465,Cancelled
PO0001437,S0037,P00437,466,Created
PO0001438,S0038,P00438,467,Approved
PO0001439,S0039,P00439,468,Received
PO0001440,S0040,P00440,469,Cancelled
PO0001441,S0041,P00441,470,Created
PO0001442,S0042,P00442,471,Approved
PO0001443,S0043,P00443,472,Received
PO0001444,S0044,P00444,473,Cancelled
PO0001445,S0045,P00445,474,Created
PO0001446,S0046,P00446,475,Approved
PO0001447,S0047,P00447,476,Received
PO0001448,S0048,P00448,477,Cancelled
PO0001449,S0049,P00449,478,Created
PO0001450,S0050,P00450,479,Approved
PO0001451,S0051,P00451,480,Received
PO0001452,S0052,P00452,481,Cancelled
PO0001453,S0053,P00453,482,Created
PO0001454,S0054,P00454,483,Approved
PO0001455,S0055,P00455,484,Received
PO0001456,S0056,P00456,485,Cancelled
PO0001457,S0057,P00457,486,Created
PO0001458,S0058,P00458,487,Approved
PO0001459,S0059,P00459,488,Received
PO0001460,S0060,P00460,489,Cancelled
PO0001461,S0061,P00461,490,Created
PO0001462,S0062,P00462,491,Approved
PO0001463,S0063,P00463,492,Received
PO0001464,S0064,P00464,493,Cancelled
PO0001465,S0065,P00465,494,Created
PO0001466,S0066,P00466,495,Approved
PO0001467,S0067,P00467,496,Received
PO0001468,S0068,P00468,497,Cancelled
PO0001469,S0069,P00469,498,Created
PO0001470,S0070,P00470,499,Approved
PO0001471,S0071,P00471,10,Received
PO0001472,S0072,P00472,11,Cancelled
PO0001473,S0073,P00473,12,Created
PO0001474,S0074,P00474,13,Approved
PO0001475,S0075,P00475,14,Received
PO0001476,S0076,P00476,15,Cancelled
PO0001477,S0077,P00477,16,Created
PO0001478,S0078,P00478,17,Approved
PO0001479,S0079,P00479,18,Received
PO0001480,S0080,P00480,19,Cancelled
PO0001481,S0081,P00481,20,Created
PO0001482,S0082,P00482,21,Approved
PO0001483,S0083,P00483,22,Received
PO0001484,S0084,P00484,23,Cancelled
PO0001485,S0085,P00485,24,Created
PO0001486,S0086,P00486,25,Approved
PO0001487,S0087,P00487,26,Received
PO0001488,S0088,P00488,27,Cancelled
PO0001489,S0089,P00489,28,Created
PO0001490,S0090,P00490,29,Approved
PO0001491,S0091,P00491,30,Received
PO0001492,S0092,P00492,31,Cancelled
PO0001493,S0093,P00493,32,Created
PO0001494,S0094,P00494,33,Approved
PO0001495,S0095,P00495,34,Received
PO0001496,S0096,P00496,35,Cancelled
PO0001497,S0097,P00497,36,Created
PO0001498,S0098,P00498,37,Approved
PO0001499,S0099,P00499,38,Received
PO0001500,S0100,P00500,39,Cancelled
PO0001501,S0001,P00501,40,Created
PO0001502,S0002,P00502,41,Approved
PO0001503,S0003,P00503,42,Received
PO0001504,S0004,P00504,43,Cancelled
PO0001505,S0005,P00505,44,Created
PO0001506,S0006,P00506,45,Approved
PO0001507,S0007,P00507,46,Received
PO0001508,S0008,P00508,47,Cancelled
PO0001509,S0009,P00509,48,Created
PO0001510,S0010,P00510,49,Approved
PO0001511,S0011,P00511,50,Received
PO0001512,S0012,P00512,51,Cancelled
PO0001513,S0013,P00513,52,Created
PO0001514,S0014,P00514,53,Approved
PO0001515,S0015,P00515,54,Received
PO0001516,S0016,P00516,55,Cancelled
PO0001517,S0017,P00517,56,Created
PO0001518,S0018,P00518,57,Approved
PO0001519,S0019,P00519,58,Received
PO0001520,S0020,P00520,59,Cancelled
PO0001521,S0021,P00521,60,Created
PO0001522,S0022,P00522,61,Approved
PO0001523,S0023,P00523,62,Received
PO0001524,S0024,P00524,63,Cancelled
PO0001525,S0025,P00525,64,Created
PO0001526,S0026,P00526,65,Approved
PO0001527,S0027,P00527,66,Received
PO0001528,S0028,P00528,67,Cancelled
PO0001529,S0029,P00529,68,Created
PO0001530,S0030,P00530,69,Approved
PO0001531,S0031,P00531,70,Received
PO0001532,S0032,P00532,71,Cancelled
PO0001533,S0033,P00533,72,Created
PO0001534,S0034,P00534,73,Approved
PO0001535,S0035,P00535,74,Received
PO0001536,S0036,P00536,75,Cancelled
PO0001537,S0037,P00537,76,Created
PO0001538,S0038,P00538,77,Approved
PO0001539,S0039,P00539,78,Received
PO0001540,S0040,P00540,79,Cancelled
PO0001541,S0041,P00541,80,Created
PO0001542,S0042,P00542,81,Approved
PO0001543,S0043,P00543,82,Received
PO0001544,S0044,P00544,83,Cancelled
PO0001545,S0045,P00545,84,Created
PO0001546,S0046,P00546,85,Approved
PO0001547,S0047,P00547,86,Received
PO0001548,S0048,P00548,87,Cancelled
PO0001549,S0049,P00549,88,Created
PO0001550,S0050,P00550,89,Approved
PO0001551,S0051,P00551,90,Received
PO0001552,S0052,P00552,91,Cancelled
PO0001553,S0053,P00553,92,Created
PO0001554,S0054,P00554,93,Approved
PO0001555,S0055,P00555,94,Received
PO0001556,S0056,P00556,95,Cancelled
PO0001557,S0057,P00557,96,Created
PO0001558,S0058,P00558,97,Approved
PO0001559,S0059,P00559,98,Received
PO0001560,S0060,P00560,99,Cancelled
PO0001561,S0061,P00561,100,Created
PO0001562,S0062,P00562,101,Approved
PO0001563,S0063,P00563,102,Received
PO0001564,S0064,P00564,103,Cancelled
PO0001565,S0065,P00565,104,Created
PO0001566,S0066,P00566,105,Approved
PO0001567,S0067,P00567,106,Received
PO0001568,S0068,P00568,107,Cancelled
PO0001569,S0069,P00569,108,Created
PO0001570,S0070,P00570,109,Approved
PO0001571,S0071,P00571,110,Received
PO0001572,S0072,P00572,111,Cancelled
PO0001573,S0073,P00573,112,Created
PO0001574,S0074,P00574,113,Approved
PO0001575,S0075,P00575,114,Received
PO0001576,S0076,P00576,115,Cancelled
PO0001577,S0077,P00577,116,Created
PO0001578,S0078,P00578,117,Approved
PO0001579,S0079,P00579,118,Received
PO0001580,S0080,P00580,119,Cancelled
PO0001581,S0081,P00581,120,Created
PO0001582,S0082,P00582,121,Approved
PO0001583,S0083,P00583,122,Received
PO0001584,S0084,P00584,123,Cancelled
PO0001585,S0085,P00585,124,Created
PO0001586,S0086,P00586,125,Approved
PO0001587,S0087,P00587,126,Received
PO0001588,S0088,P00588,127,Cancelled
PO0001589,S0089,P00589,128,Created
PO0001590,S0090,P00590,129,Approved
PO0001591,S0091,P00591,130,Received
PO0001592,S0092,P00592,131,Cancelled
PO0001593,S0093,P00593,132,Created
PO0001594,S0094,P00594,133,Approved
PO0001595,S0095,P00595,134,Received
PO0001596,S0096,P00596,135,Cancelled
PO0001597,S0097,P00597,136,Created
PO0001598,S0098,P00598,137,Approved
PO0001599,S0099,P00599,138,Received
PO0001600,S0100,P00600,139,Cancelled
PO0001601,S0001,P00601,140,Created
PO0001602,S0002,P00602,141,Approved
PO0001603,S0003,P00603,142,Received
PO0001604,S0004,P00604,143,Cancelled
PO0001605,S0005,P00605,144,Created
PO0001606,S0006,P00606,145,Approved
PO0001607,S0007,P00607,146,Received
PO0001608,S0008,P00608,147,Cancelled
PO0001609,S0009,P00609,148,Created
PO0001610,S0010,P00610,149,Approved
PO0001611,S0011,P00611,150,Received
PO0001612,S0012,P00612,151,Cancelled
PO0001613,S0013,P00613,152,Created
PO0001614,S0014,P00614,153,Approved
PO0001615,S0015,P00615,154,Received
PO0001616,S0016,P00616,155,Cancelled
PO0001617,S0017,P00617,156,Created
PO0001618,S0018,P00618,157,Approved
PO0001619,S0019,P00619,158,Received
PO0001620,S0020,P00620,159,Cancelled
PO0001621,S0021,P00621,160,Created
PO0001622,S0022,P00622,161,Approved
PO0001623,S0023,P00623,162,Received
PO0001624,S0024,P00624,163,Cancelled
PO0001625,S0025,P00625,164,Created
PO0001626,S0026,P00626,165,Approved
PO0001627,S0027,P00627,166,Received
PO0001628,S0028,P00628,167,Cancelled
PO0001629,S0029,P00629,168,Created
PO0001630,S0030,P00630,169,Approved
PO0001631,S0031,P00631,170,Received
PO0001632,S0032,P00632,171,Cancelled
PO0001633,S0033,P00633,172,Created
PO0001634,S0034,P00634,173,Approved
PO0001635,S0035,P00635,174,Received
PO0001636,S0036,P00636,175,Cancelled
PO0001637,S0037,P00637,176,Created
PO0001638,S0038,P00638,177,Approved
PO0001639,S0039,P00639,178,Received
PO0001640,S0040,P00640,179,Cancelled
PO0001641,S0041,P00641,180,Created
PO0001642,S0042,P00642,181,Approved
PO0001643,S0043,P00643,182,Received
PO0001644,S0044,P00644,183,Cancelled
PO0001645,S0045,P00645,184,Created
PO0001646,S0046,P00646,185,Approved
PO0001647,S0047,P00647,186,Received
PO0001648,S0048,P00648,187,Cancelled
PO0001649,S0049,P00649,188,Created
PO0001650,S0050,P00650,189,Approved
PO0001651,S0051,P00651,190,Received
PO0001652,S0052,P00652,191,Cancelled
PO0001653,S0053,P00653,192,Created
PO0001654,S0054,P00654,193,Approved
PO0001655,S0055,P00655,194,Received
PO0001656,S0056,P00656,195,Cancelled
PO0001657,S0057,P00657,196,Created
PO0001658,S0058,P00658,197,Approved
PO0001659,S0059,P00659,198,Received
PO0001660,S0060,P00660,199,Cancelled
PO0001661,S0061,P00661,200,Created
PO0001662,S0062,P00662,201,Approved
PO0001663,S0063,P00663,202,Received
PO0001664,S0064,P00664,203,Cancelled
PO0001665,S0065,P00665,204,Created
PO0001666,S0066,P00666,205,Approved
PO0001667,S0067,P00667,206,Received
PO0001668,S0068,P00668,207,Cancelled
PO0001669,S0069,P00669,208,Created
PO0001670,S0070,P00670,209,Approved
PO0001671,S0071,P00671,210,Received
PO0001672,S0072,P00672,211,Cancelled
PO0001673,S0073,P00673,212,Created
PO0001674,S0074,P00674,213,Approved
PO0001675,S0075,P00675,214,Received
PO0001676,S0076,P00676,215,Cancelled
PO0001677,S0077,P00677,216,Created
PO0001678,S0078,P00678,217,Approved
PO0001679,S0079,P00679,218,Received
PO0001680,S0080,P00680,219,Cancelled
PO0001681,S0081,P00681,220,Created
PO0001682,S0082,P00682,221,Approved
PO0001683,S0083,P00683,222,Received
PO0001684,S0084,P00684,223,Cancelled
PO0001685,S0085,P00685,224,Created
PO0001686,S0086,P00686,225,Approved
PO0001687,S0087,P00687,226,Received
PO0001688,S0088,P00688,227,Cancelled
PO0001689,S0089,P00689,228,Created
PO0001690,S0090,P00690,229,Approved
PO0001691,S0091,P00691,230,Received
PO0001692,S0092,P00692,231,Cancelled
PO0001693,S0093,P00693,232,Created
PO0001694,S0094,P00694,233,Approved
PO0001695,S0095,P00695,234,Received
PO0001696,S0096,P00696,235,Cancelled
PO0001697,S0097,P00697,236,Created
PO0001698,S0098,P00698,237,Approved
PO0001699,S0099,P00699,238,Received
PO0001700,S0100,P00700,239,Cancelled
PO0001701,S0001,P00701,240,Created
PO0001702,S0002,P00702,241,Approved
PO0001703,S0003,P00703,242,Received
PO0001704,S0004,P00704,243,Cancelled
PO0001705,S0005,P00705,244,Created
PO0001706,S0006,P00706,245,Approved
PO0001707,S0007,P00707,246,Received
PO0001708,S0008,P00708,247,Cancelled
PO0001709,S0009,P00709,248,Created
PO0001710,S0010,P00710,249,Approved
PO0001711,S0011,P00711,250,Received
PO0001712,S0012,P00712,251,Cancelled
PO0001713,S0013,P00713,252,Created
PO0001714,S0014,P00714,253,Approved
PO0001715,S0015,P00715,254,Received
PO0001716,S0016,P00716,255,Cancelled
PO0001717,S0017,P00717,256,Created
PO0001718,S0018,P00718,257,Approved
PO0001719,S0019,P00719,258,Received
PO0001720,S0020,P00720,259,Cancelled
PO0001721,S0021,P00721,260,Created
PO0001722,S0022,P00722,261,Approved
PO0001723,S0023,P00723,262,Received
PO0001724,S0024,P00724,263,Cancelled
PO0001725,S0025,P00725,264,Created
PO0001726,S0026,P00726,265,Approved
PO0001727,S0027,P00727,266,Received
PO0001728,S0028,P00728,267,Cancelled
PO0001729,S0029,P00729,268,Created
PO0001730,S0030,P00730,269,Approved
PO0001731,S0031,P00731,270,Received
PO0001732,S0032,P00732,271,Cancelled
PO0001733,S0033,P00733,272,Created
PO0001734,S0034,P00734,273,Approved
PO0001735,S0035,P00735,274,Received
PO0001736,S0036,P00736,275,Cancelled
PO0001737,S0037,P00737,276,Created
PO0001738,S0038,P00738,277,Approved
PO0001739,S0039,P00739,278,Received
PO0001740,S0040,P00740,279,Cancelled
PO0001741,S0041,P00741,280,Created
PO0001742,S0042,P00742,281,Approved
PO0001743,S0043,P00743,282,Received
PO0001744,S0044,P00744,283,Cancelled
PO0001745,S0045,P00745,284,Created
PO0001746,S0046,P00746,285,Approved
PO0001747,S0047,P00747,286,Received
PO0001748,S0048,P00748,287,Cancelled
PO0001749,S0049,P00749,288,Created
PO0001750,S0050,P00750,289,Approved
PO0001751,S0051,P00751,290,Received
PO0001752,S0052,P00752,291,Cancelled
PO0001753,S0053,P00753,292,Created
PO0001754,S0054,P00754,293,Approved
PO0001755,S0055,P00755,294,Received
PO0001756,S0056,P00756,295,Cancelled
PO0001757,S0057,P00757,296,Created
PO0001758,S0058,P00758,297,Approved
PO0001759,S0059,P00759,298,Received
PO0001760,S0060,P00760,299,Cancelled
PO0001761,S0061,P00761,300,Created
PO0001762,S0062,P00762,301,Approved
PO0001763,S0063,P00763,302,Received
PO0001764,S0064,P00764,303,Cancelled
PO0001765,S0065,P00765,304,Created
PO0001766,S0066,P00766,305,Approved
PO0001767,S0067,P00767,306,Received
PO0001768,S0068,P00768,307,Cancelled
PO0001769,S0069,P00769,308,Created
PO0001770,S0070,P00770,309,Approved
PO0001771,S0071,P00771,310,Received
PO0001772,S0072,P00772,311,Cancelled
PO0001773,S0073,P00773,312,Created
PO0001774,S0074,P00774,313,Approved
PO0001775,S0075,P00775,314,Received
PO0001776,S0076,P00776,315,Cancelled
PO0001777,S0077,P00777,316,Created
PO0001778,S0078,P00778,317,Approved
PO0001779,S0079,P00779,318,Received
PO0001780,S0080,P00780,319,Cancelled
PO0001781,S0081,P00781,320,Created
PO0001782,S0082,P00782,321,Approved
PO0001783,S0083,P00783,322,Received
PO0001784,S0084,P00784,323,Cancelled
PO0001785,S0085,P00785,324,Created
PO0001786,S0086,P00786,325,Approved
PO0001787,S0087,P00787,326,Received
PO0001788,S0088,P00788,327,Cancelled
PO0001789,S0089,P00789,328,Created
PO0001790,S0090,P00790,329,Approved
PO0001791,S0091,P00791,330,Received
PO0001792,S0092,P00792,331,Cancelled
PO0001793,S0093,P00793,332,Created
PO0001794,S0094,P00794,333,Approved
PO0001795,S0095,P00795,334,Received
PO0001796,S0096,P00796,335,Cancelled
PO0001797,S0097,P00797,336,Created
PO0001798,S0098,P00798,337,Approved
PO0001799,S0099,P00799,338,Received
PO0001800,S0100,P00800,339,Cancelled
PO0001801,S0001,P00801,340,Created
PO0001802,S0002,P00802,341,Approved
PO0001803,S0003,P00803,342,Received
PO0001804,S0004,P00804,343,Cancelled
PO0001805,S0005,P00805,344,Created
PO0001806,S0006,P00806,345,Approved
PO0001807,S0007,P00807,346,Received
PO0001808,S0008,P00808,347,Cancelled
PO0001809,S0009,P00809,348,Created
PO0001810,S0010,P00810,349,Approved
PO0001811,S0011,P00811,350,Received
PO0001812,S0012,P00812,351,Cancelled
PO0001813,S0013,P00813,352,Created
PO0001814,S0014,P00814,353,Approved
PO0001815,S0015,P00815,354,Received
PO0001816,S0016,P00816,355,Cancelled
PO0001817,S0017,P00817,356,Created
PO0001818,S0018,P00818,357,Approved
PO0001819,S0019,P00819,358,Received
PO0001820,S0020,P00820,359,Cancelled
PO0001821,S0021,P00821,360,Created
PO0001822,S0022,P00822,361,Approved
PO0001823,S0023,P00823,362,Received
PO0001824,S0024,P00824,363,Cancelled
PO0001825,S0025,P00825,364,Created
PO0001826,S0026,P00826,365,Approved
PO0001827,S0027,P00827,366,Received
PO0001828,S0028,P00828,367,Cancelled
PO0001829,S0029,P00829,368,Created
PO0001830,S0030,P00830,369,Approved
PO0001831,S0031,P00831,370,Received
PO0001832,S0032,P00832,371,Cancelled
PO0001833,S0033,P00833,372,Created
PO0001834,S0034,P00834,373,Approved
PO0001835,S0035,P00835,374,Received
PO0001836,S0036,P00836,375,Cancelled
PO0001837,S0037,P00837,376,Created
PO0001838,S0038,P00838,377,Approved
PO0001839,S0039,P00839,378,Received
PO0001840,S0040,P00840,379,Cancelled
PO0001841,S0041,P00841,380,Created
PO0001842,S0042,P00842,381,Approved
PO0001843,S0043,P00843,382,Received
PO0001844,S0044,P00844,383,Cancelled
PO0001845,S0045,P00845,384,Created
PO0001846,S0046,P00846,385,Approved
PO0001847,S0047,P00847,386,Received
PO0001848,S0048,P00848,387,Cancelled
PO0001849,S0049,P00849,388,Created
PO0001850,S0050,P00850,389,Approved
PO0001851,S0051,P00851,390,Received
PO0001852,S0052,P00852,391,Cancelled
PO0001853,S0053,P00853,392,Created
PO0001854,S0054,P00854,393,Approved
PO0001855,S0055,P00855,394,Received
PO0001856,S0056,P00856,395,Cancelled
PO0001857,S0057,P00857,396,Created
PO0001858,S0058,P00858,397,Approved
PO0001859,S0059,P00859,398,Received
PO0001860,S0060,P00860,399,Cancelled
PO0001861,S0061,P00861,400,Created
PO0001862,S0062,P00862,401,Approved
PO0001863,S0063,P00863,402,Received
PO0001864,S0064,P00864,403,Cancelled
PO0001865,S0065,P00865,404,Created
PO0001866,S0066,P00866,405,Approved
PO0001867,S0067,P00867,406,Received
PO0001868,S0068,P00868,407,Cancelled
PO0001869,S0069,P00869,408,Created
PO0001870,S0070,P00870,409,Approved
PO0001871,S0071,P00871,410,Received
PO0001872,S0072,P00872,411,Cancelled
PO0001873,S0073,P00873,412,Created
PO0001874,S0074,P00874,413,Approved
PO0001875,S0075,P00875,414,Received
PO0001876,S0076,P00876,415,Cancelled
PO0001877,S0077,P00877,416,Created
PO0001878,S0078,P00878,417,Approved
PO0001879,S0079,P00879,418,Received
PO0001880,S0080,P00880,419,Cancelled
PO0001881,S0081,P00881,420,Created
PO0001882,S0082,P00882,421,Approved
PO0001883,S0083,P00883,422,Received
PO0001884,S0084,P00884,423,Cancelled
PO0001885,S0085,P00885,424,Created
PO0001886,S0086,P00886,425,Approved
PO0001887,S0087,P00887,426,Received
PO0001888,S0088,P00888,427,Cancelled
PO0001889,S0089,P00889,428,Created
PO0001890,S0090,P00890,429,Approved
PO0001891,S0091,P00891,430,Received
PO0001892,S0092,P00892,431,Cancelled
PO0001893,S0093,P00893,432,Created
PO0001894,S0094,P00894,433,Approved
PO0001895,S0095,P00895,434,Received
PO0001896,S0096,P00896,435,Cancelled
PO0001897,S0097,P00897,436,Created
PO0001898,S0098,P00898,437,Approved
PO0001899,S0099,P00899,438,Received
PO0001900,S0100,P00900,439,Cancelled
PO0001901,S0001,P00901,440,Created
PO0001902,S0002,P00902,441,Approved
PO0001903,S0003,P00903,442,Received
PO0001904,S0004,P00904,443,Cancelled
PO0001905,S0005,P00905,444,Created
PO0001906,S0006,P00906,445,Approved
PO0001907,S0007,P00907,446,Received
PO0001908,S0008,P00908,447,Cancelled
PO0001909,S0009,P00909,448,Created
PO0001910,S0010,P00910,449,Approved
PO0001911,S0011,P00911,450,Received
PO0001912,S0012,P00912,451,Cancelled
PO0001913,S0013,P00913,452,Created
PO0001914,S0014,P00914,453,Approved
PO0001915,S0015,P00915,454,Received
PO0001916,S0016,P00916,455,Cancelled
PO0001917,S0017,P00917,456,Created
PO0001918,S0018,P00918,457,Approved
PO0001919,S0019,P00919,458,Received
PO0001920,S0020,P00920,459,Cancelled
PO0001921,S0021,P00921,460,Created
PO0001922,S0022,P00922,461,Approved
PO0001923,S0023,P00923,462,Received
PO0001924,S0024,P00924,463,Cancelled
PO0001925,S0025,P00925,464,Created
PO0001926,S0026,P00926,465,Approved
PO0001927,S0027,P00927,466,Received
PO0001928,S0028,P00928,467,Cancelled
PO0001929,S0029,P00929,468,Created
PO0001930,S0030,P00930,469,Approved
PO0001931,S0031,P00931,470,Received
PO0001932,S0032,P00932,471,Cancelled
PO0001933,S0033,P00933,472,Created
PO0001934,S0034,P00934,473,Approved
PO0001935,S0035,P00935,474,Received
PO0001936,S0036,P00936,475,Cancelled
PO0001937,S0037,P00937,476,Created
PO0001938,S0038,P00938,477,Approved
PO0001939,S0039,P00939,478,Received
PO0001940,S0040,P00940,479,Cancelled
PO0001941,S0041,P00941,480,Created
PO0001942,S0042,P00942,481,Approved
PO0001943,S0043,P00943,482,Received
PO0001944,S0044,P00944,483,Cancelled
PO0001945,S0045,P00945,484,Created
PO0001946,S0046,P00946,485,Approved
PO0001947,S0047,P00947,486,Received
PO0001948,S0048,P00948,487,Cancelled
PO0001949,S0049,P00949,488,Created
PO0001950,S0050,P00950,489,Approved
PO0001951,S0051,P00951,490,Received
PO0001952,S0052,P00952,491,Cancelled
PO0001953,S0053,P00953,492,Created
PO0001954,S0054,P00954,493,Approved
PO0001955,S0055,P00955,494,Received
PO0001956,S0056,P00956,495,Cancelled
PO0001957,S0057,P00957,496,Created
PO0001958,S0058,P00958,497,Approved
PO0001959,S0059,P00959,498,Received
PO0001960,S0060,P00960,499,Cancelled
PO0001961,S0061,P00961,10,Created
PO0001962,S0062,P00962,11,Approved
PO0001963,S0063,P00963,12,Received
PO0001964,S0064,P00964,13,Cancelled
PO0001965,S0065,P00965,14,Created
PO0001966,S0066,P00966,15,Approved
PO0001967,S0067,P00967,16,Received
PO0001968,S0068,P00968,17,Cancelled
PO0001969,S0069,P00969,18,Created
PO0001970,S0070,P00970,19,Approved
PO0001971,S0071,P00971,20,Received
PO0001972,S0072,P00972,21,Cancelled
PO0001973,S0073,P00973,22,Created
PO0001974,S0074,P00974,23,Approved
PO0001975,S0075,P00975,24,Received
PO0001976,S0076,P00976,25,Cancelled
PO0001977,S0077,P00977,26,Created
PO0001978,S0078,P00978,27,Approved
PO0001979,S0079,P00979,28,Received
PO0001980,S0080,P00980,29,Cancelled
PO0001981,S0081,P00981,30,Created
PO0001982,S0082,P00982,31,Approved
PO0001983,S0083,P00983,32,Received
PO0001984,S0084,P00984,33,Cancelled
PO0001985,S0085,P00985,34,Created
PO0001986,S0086,P00986,35,Approved
PO0001987,S0087,P00987,36,Received
PO0001988,S0088,P00988,37,Cancelled
PO0001989,S0089,P00989,38,Created
PO0001990,S0090,P00990,39,Approved
PO0001991,S0091,P00991,40,Received
PO0001992,S0092,P00992,41,Cancelled
PO0001993,S0093,P00993,42,Created
PO0001994,S0094,P00994,43,Approved
PO0001995,S0095,P00995,44,Received
PO0001996,S0096,P00996,45,Cancelled
PO0001997,S0097,P00997,46,Created
PO0001998,S0098,P00998,47,Approved
PO0001999,S0099,P00999,48,Received
PO0002000,S0100,P01000,49,Cancelled
PO0002001,S0001,P00001,50,Created
PO0002002,S0002,P00002,51,Approved
PO0002003,S0003,P00003,52,Received
PO0002004,S0004,P00004,53,Cancelled
PO0002005,S0005,P00005,54,Created
PO0002006,S0006,P00006,55,Approved
PO0002007,S0007,P00007,56,Received
PO0002008,S0008,P00008,57,Cancelled
PO0002009,S0009,P00009,58,Created
PO0002010,S0010,P00010,59,Approved
PO0002011,S0011,P00011,60,Received
PO0002012,S0012,P00012,61,Cancelled
PO0002013,S0013,P00013,62,Created
PO0002014,S0014,P00014,63,Approved
PO0002015,S0015,P00015,64,Received
PO0002016,S0016,P00016,65,Cancelled
PO0002017,S0017,P00017,66,Created
PO0002018,S0018,P00018,67,Approved
PO0002019,S0019,P00019,68,Received
PO0002020,S0020,P00020,69,Cancelled
PO0002021,S0021,P00021,70,Created
PO0002022,S0022,P00022,71,Approved
PO0002023,S0023,P00023,72,Received
PO0002024,S0024,P00024,73,Cancelled
PO0002025,S0025,P00025,74,Created
PO0002026,S0026,P00026,75,Approved
PO0002027,S0027,P00027,76,Received
PO0002028,S0028,P00028,77,Cancelled
PO0002029,S0029,P00029,78,Created
PO0002030,S0030,P00030,79,Approved
PO0002031,S0031,P00031,80,Received
PO0002032,S0032,P00032,81,Cancelled
PO0002033,S0033,P00033,82,Created
PO0002034,S0034,P00034,83,Approved
PO0002035,S0035,P00035,84,Received
PO0002036,S0036,P00036,85,Cancelled
PO0002037,S0037,P00037,86,Created
PO0002038,S0038,P00038,87,Approved
PO0002039,S0039,P00039,88,Received
PO0002040,S0040,P00040,89,Cancelled
PO0002041,S0041,P00041,90,Created
PO0002042,S0042,P00042,91,Approved
PO0002043,S0043,P00043,92,Received
PO0002044,S0044,P00044,93,Cancelled
PO0002045,S0045,P00045,94,Created
PO0002046,S0046,P00046,95,Approved
PO0002047,S0047,P00047,96,Received
PO0002048,S0048,P00048,97,Cancelled
PO0002049,S0049,P00049,98,Created
PO0002050,S0050,P00050,99,Approved
PO0002051,S0051,P00051,100,Received
PO0002052,S0052,P00052,101,Cancelled
PO0002053,S0053,P00053,102,Created
PO0002054,S0054,P00054,103,Approved
PO0002055,S0055,P00055,104,Received
PO0002056,S0056,P00056,105,Cancelled
PO0002057,S0057,P00057,106,Created
PO0002058,S0058,P00058,107,Approved
PO0002059,S0059,P00059,108,Received
PO0002060,S0060,P00060,109,Cancelled
PO0002061,S0061,P00061,110,Created
PO0002062,S0062,P00062,111,Approved
PO0002063,S0063,P00063,112,Received
PO0002064,S0064,P00064,113,Cancelled
PO0002065,S0065,P00065,114,Created
PO0002066,S0066,P00066,115,Approved
PO0002067,S0067,P00067,116,Received
PO0002068,S0068,P00068,117,Cancelled
PO0002069,S0069,P00069,118,Created
PO0002070,S0070,P00070,119,Approved
PO0002071,S0071,P00071,120,Received
PO0002072,S0072,P00072,121,Cancelled
PO0002073,S0073,P00073,122,Created
PO0002074,S0074,P00074,123,Approved
PO0002075,S0075,P00075,124,Received
PO0002076,S0076,P00076,125,Cancelled
PO0002077,S0077,P00077,126,Created
PO0002078,S0078,P00078,127,Approved
PO0002079,S0079,P00079,128,Received
PO0002080,S0080,P00080,129,Cancelled
PO0002081,S0081,P00081,130,Created
PO0002082,S0082,P00082,131,Approved
PO0002083,S0083,P00083,132,Received
PO0002084,S0084,P00084,133,Cancelled
PO0002085,S0085,P00085,134,Created
PO0002086,S0086,P00086,135,Approved
PO0002087,S0087,P00087,136,Received
PO0002088,S0088,P00088,137,Cancelled
PO0002089,S0089,P00089,138,Created
PO0002090,S0090,P00090,139,Approved
PO0002091,S0091,P00091,140,Received
PO0002092,S0092,P00092,141,Cancelled
PO0002093,S0093,P00093,142,Created
PO0002094,S0094,P00094,143,Approved
PO0002095,S0095,P00095,144,Received
PO0002096,S0096,P00096,145,Cancelled
PO0002097,S0097,P00097,146,Created
PO0002098,S0098,P00098,147,Approved
PO0002099,S0099,P00099,148,Received
PO0002100,S0100,P00100,149,Cancelled
PO0002101,S0001,P00101,150,Created
PO0002102,S0002,P00102,151,Approved
PO0002103,S0003,P00103,152,Received
PO0002104,S0004,P00104,153,Cancelled
PO0002105,S0005,P00105,154,Created
PO0002106,S0006,P00106,155,Approved
PO0002107,S0007,P00107,156,Received
PO0002108,S0008,P00108,157,Cancelled
PO0002109,S0009,P00109,158,Created
PO0002110,S0010,P00110,159,Approved
PO0002111,S0011,P00111,160,Received
PO0002112,S0012,P00112,161,Cancelled
PO0002113,S0013,P00113,162,Created
PO0002114,S0014,P00114,163,Approved
PO0002115,S0015,P00115,164,Received
PO0002116,S0016,P00116,165,Cancelled
PO0002117,S0017,P00117,166,Created
PO0002118,S0018,P00118,167,Approved
PO0002119,S0019,P00119,168,Received
PO0002120,S0020,P00120,169,Cancelled
PO0002121,S0021,P00121,170,Created
PO0002122,S0022,P00122,171,Approved
PO0002123,S0023,P00123,172,Received
PO0002124,S0024,P00124,173,Cancelled
PO0002125,S0025,P00125,174,Created
PO0002126,S0026,P00126,175,Approved
PO0002127,S0027,P00127,176,Received
PO0002128,S0028,P00128,177,Cancelled
PO0002129,S0029,P00129,178,Created
PO0002130,S0030,P00130,179,Approved
PO0002131,S0031,P00131,180,Received
PO0002132,S0032,P00132,181,Cancelled
PO0002133,S0033,P00133,182,Created
PO0002134,S0034,P00134,183,Approved
PO0002135,S0035,P00135,184,Received
PO0002136,S0036,P00136,185,Cancelled
PO0002137,S0037,P00137,186,Created
PO0002138,S0038,P00138,187,Approved
PO0002139,S0039,P00139,188,Received
PO0002140,S0040,P00140,189,Cancelled
PO0002141,S0041,P00141,190,Created
PO0002142,S0042,P00142,191,Approved
PO0002143,S0043,P00143,192,Received
PO0002144,S0044,P00144,193,Cancelled
PO0002145,S0045,P00145,194,Created
PO0002146,S0046,P00146,195,Approved
PO0002147,S0047,P00147,196,Received
PO0002148,S0048,P00148,197,Cancelled
PO0002149,S0049,P00149,198,Created
PO0002150,S0050,P00150,199,Approved
PO0002151,S0051,P00151,200,Received
PO0002152,S0052,P00152,201,Cancelled
PO0002153,S0053,P00153,202,Created
PO0002154,S0054,P00154,203,Approved
PO0002155,S0055,P00155,204,Received
PO0002156,S0056,P00156,205,Cancelled
PO0002157,S0057,P00157,206,Created
PO0002158,S0058,P00158,207,Approved
PO0002159,S0059,P00159,208,Received
PO0002160,S0060,P00160,209,Cancelled
PO0002161,S0061,P00161,210,Created
PO0002162,S0062,P00162,211,Approved
PO0002163,S0063,P00163,212,Received
PO0002164,S0064,P00164,213,Cancelled
PO0002165,S0065,P00165,214,Created
PO0002166,S0066,P00166,215,Approved
PO0002167,S0067,P00167,216,Received
PO0002168,S0068,P00168,217,Cancelled
PO0002169,S0069,P00169,218,Created
PO0002170,S0070,P00170,219,Approved
PO0002171,S0071,P00171,220,Received
PO0002172,S0072,P00172,221,Cancelled
PO0002173,S0073,P00173,222,Created
PO0002174,S0074,P00174,223,Approved
PO0002175,S0075,P00175,224,Received
PO0002176,S0076,P00176,225,Cancelled
PO0002177,S0077,P00177,226,Created
PO0002178,S0078,P00178,227,Approved
PO0002179,S0079,P00179,228,Received
PO0002180,S0080,P00180,229,Cancelled
PO0002181,S0081,P00181,230,Created
PO0002182,S0082,P00182,231,Approved
PO0002183,S0083,P00183,232,Received
PO0002184,S0084,P00184,233,Cancelled
PO0002185,S0085,P00185,234,Created
PO0002186,S0086,P00186,235,Approved
PO0002187,S0087,P00187,236,Received
PO0002188,S0088,P00188,237,Cancelled
PO0002189,S0089,P00189,238,Created
PO0002190,S0090,P00190,239,Approved
PO0002191,S0091,P00191,240,Received
PO0002192,S0092,P00192,241,Cancelled
PO0002193,S0093,P00193,242,Created
PO0002194,S0094,P00194,243,Approved
PO0002195,S0095,P00195,244,Received
PO0002196,S0096,P00196,245,Cancelled
PO0002197,S0097,P00197,246,Created
PO0002198,S0098,P00198,247,Approved
PO0002199,S0099,P00199,248,Received
PO0002200,S0100,P00200,249,Cancelled
PO0002201,S0001,P00201,250,Created
PO0002202,S0002,P00202,251,Approved
PO0002203,S0003,P00203,252,Received
PO0002204,S0004,P00204,253,Cancelled
PO0002205,S0005,P00205,254,Created
PO0002206,S0006,P00206,255,Approved
PO0002207,S0007,P00207,256,Received
PO0002208,S0008,P00208,257,Cancelled
PO0002209,S0009,P00209,258,Created
PO0002210,S0010,P00210,259,Approved
PO0002211,S0011,P00211,260,Received
PO0002212,S0012,P00212,261,Cancelled
PO0002213,S0013,P00213,262,Created
PO0002214,S0014,P00214,263,Approved
PO0002215,S0015,P00215,264,Received
PO0002216,S0016,P00216,265,Cancelled
PO0002217,S0017,P00217,266,Created
PO0002218,S0018,P00218,267,Approved
PO0002219,S0019,P00219,268,Received
PO0002220,S0020,P00220,269,Cancelled
PO0002221,S0021,P00221,270,Created
PO0002222,S0022,P00222,271,Approved
PO0002223,S0023,P00223,272,Received
PO0002224,S0024,P00224,273,Cancelled
PO0002225,S0025,P00225,274,Created
PO0002226,S0026,P00226,275,Approved
PO0002227,S0027,P00227,276,Received
PO0002228,S0028,P00228,277,Cancelled
PO0002229,S0029,P00229,278,Created
PO0002230,S0030,P00230,279,Approved
PO0002231,S0031,P00231,280,Received
PO0002232,S0032,P00232,281,Cancelled
PO0002233,S0033,P00233,282,Created
PO0002234,S0034,P00234,283,Approved
PO0002235,S0035,P00235,284,Received
PO0002236,S0036,P00236,285,Cancelled
PO0002237,S0037,P00237,286,Created
PO0002238,S0038,P00238,287,Approved
PO0002239,S0039,P00239,288,Received
PO0002240,S0040,P00240,289,Cancelled
PO0002241,S0041,P00241,290,Created
PO0002242,S0042,P00242,291,Approved
PO0002243,S0043,P00243,292,Received
PO0002244,S0044,P00244,293,Cancelled
PO0002245,S0045,P00245,294,Created
PO0002246,S0046,P00246,295,Approved
PO0002247,S0047,P00247,296,Received
PO0002248,S0048,P00248,297,Cancelled
PO0002249,S0049,P00249,298,Created
PO0002250,S0050,P00250,299,Approved
PO0002251,S0051,P00251,300,Received
PO0002252,S0052,P00252,301,Cancelled
PO0002253,S0053,P00253,302,Created
PO0002254,S0054,P00254,303,Approved
PO0002255,S0055,P00255,304,Received
PO0002256,S0056,P00256,305,Cancelled
PO0002257,S0057,P00257,306,Created
PO0002258,S0058,P00258,307,Approved
PO0002259,S0059,P00259,308,Received
PO0002260,S0060,P00260,309,Cancelled
PO0002261,S0061,P00261,310,Created
PO0002262,S0062,P00262,311,Approved
PO0002263,S0063,P00263,312,Received
PO0002264,S0064,P00264,313,Cancelled
PO0002265,S0065,P00265,314,Created
PO0002266,S0066,P00266,315,Approved
PO0002267,S0067,P00267,316,Received
PO0002268,S0068,P00268,317,Cancelled
PO0002269,S0069,P00269,318,Created
PO0002270,S0070,P00270,319,Approved
PO0002271,S0071,P00271,320,Received
PO0002272,S0072,P00272,321,Cancelled
PO0002273,S0073,P00273,322,Created
PO0002274,S0074,P00274,323,Approved
PO0002275,S0075,P00275,324,Received
PO0002276,S0076,P00276,325,Cancelled
PO0002277,S0077,P00277,326,Created
PO0002278,S0078,P00278,327,Approved
PO0002279,S0079,P00279,328,Received
PO0002280,S0080,P00280,329,Cancelled
PO0002281,S0081,P00281,330,Created
PO0002282,S0082,P00282,331,Approved
PO0002283,S0083,P00283,332,Received
PO0002284,S0084,P00284,333,Cancelled
PO0002285,S0085,P00285,334,Created
PO0002286,S0086,P00286,335,Approved
PO0002287,S0087,P00287,336,Received
PO0002288,S0088,P00288,337,Cancelled
PO0002289,S0089,P00289,338,Created
PO0002290,S0090,P00290,339,Approved
PO0002291,S0091,P00291,340,Received
PO0002292,S0092,P00292,341,Cancelled
PO0002293,S0093,P00293,342,Created
PO0002294,S0094,P00294,343,Approved
PO0002295,S0095,P00295,344,Received
PO0002296,S0096,P00296,345,Cancelled
PO0002297,S0097,P00297,346,Created
PO0002298,S0098,P00298,347,Approved
PO0002299,S0099,P00299,348,Received
PO0002300,S0100,P00300,349,Cancelled
PO0002301,S0001,P00301,350,Created
PO0002302,S0002,P00302,351,Approved
PO0002303,S0003,P00303,352,Received
PO0002304,S0004,P00304,353,Cancelled
PO0002305,S0005,P00305,354,Created
PO0002306,S0006,P00306,355,Approved
PO0002307,S0007,P00307,356,Received
PO0002308,S0008,P00308,357,Cancelled
PO0002309,S0009,P00309,358,Created
PO0002310,S0010,P00310,359,Approved
PO0002311,S0011,P00311,360,Received
PO0002312,S0012,P00312,361,Cancelled
PO0002313,S0013,P00313,362,Created
PO0002314,S0014,P00314,363,Approved
PO0002315,S0015,P00315,364,Received
PO0002316,S0016,P00316,365,Cancelled
PO0002317,S0017,P00317,366,Created
PO0002318,S0018,P00318,367,Approved
PO0002319,S0019,P00319,368,Received
PO0002320,S0020,P00320,369,Cancelled
PO0002321,S0021,P00321,370,Created
PO0002322,S0022,P00322,371,Approved
PO0002323,S0023,P00323,372,Received
PO0002324,S0024,P00324,373,Cancelled
PO0002325,S0025,P00325,374,Created
PO0002326,S0026,P00326,375,Approved
PO0002327,S0027,P00327,376,Received
PO0002328,S0028,P00328,377,Cancelled
PO0002329,S0029,P00329,378,Created
PO0002330,S0030,P00330,379,Approved
PO0002331,S0031,P00331,380,Received
PO0002332,S0032,P00332,381,Cancelled
PO0002333,S0033,P00333,382,Created
PO0002334,S0034,P00334,383,Approved
PO0002335,S0035,P00335,384,Received
PO0002336,S0036,P00336,385,Cancelled
PO0002337,S0037,P00337,386,Created
PO0002338,S0038,P00338,387,Approved
PO0002339,S0039,P00339,388,Received
PO0002340,S0040,P00340,389,Cancelled
PO0002341,S0041,P00341,390,Created
PO0002342,S0042,P00342,391,Approved
PO0002343,S0043,P00343,392,Received
PO0002344,S0044,P00344,393,Cancelled
PO0002345,S0045,P00345,394,Created
PO0002346,S0046,P00346,395,Approved
PO0002347,S0047,P00347,396,Received
PO0002348,S0048,P00348,397,Cancelled
PO0002349,S0049,P00349,398,Created
PO0002350,S0050,P00350,399,Approved
PO0002351,S0051,P00351,400,Received
PO0002352,S0052,P00352,401,Cancelled
PO0002353,S0053,P00353,402,Created
PO0002354,S0054,P00354,403,Approved
PO0002355,S0055,P00355,404,Received
PO0002356,S0056,P00356,405,Cancelled
PO0002357,S0057,P00357,406,Created
PO0002358,S0058,P00358,407,Approved
PO0002359,S0059,P00359,408,Received
PO0002360,S0060,P00360,409,Cancelled
PO0002361,S0061,P00361,410,Created
PO0002362,S0062,P00362,411,Approved
PO0002363,S0063,P00363,412,Received
PO0002364,S0064,P00364,413,Cancelled
PO0002365,S0065,P00365,414,Created
PO0002366,S0066,P00366,415,Approved
PO0002367,S0067,P00367,416,Received
PO0002368,S0068,P00368,417,Cancelled
PO0002369,S0069,P00369,418,Created
PO0002370,S0070,P00370,419,Approved
PO0002371,S0071,P00371,420,Received
PO0002372,S0072,P00372,421,Cancelled
PO0002373,S0073,P00373,422,Created
PO0002374,S0074,P00374,423,Approved
PO0002375,S0075,P00375,424,Received
PO0002376,S0076,P00376,425,Cancelled
PO0002377,S0077,P00377,426,Created
PO0002378,S0078,P00378,427,Approved
PO0002379,S0079,P00379,428,Received
PO0002380,S0080,P00380,429,Cancelled
PO0002381,S0081,P00381,430,Created
PO0002382,S0082,P00382,431,Approved
PO0002383,S0083,P00383,432,Received
PO0002384,S0084,P00384,433,Cancelled
PO0002385,S0085,P00385,434,Created
PO0002386,S0086,P00386,435,Approved
PO0002387,S0087,P00387,436,Received
PO0002388,S0088,P00388,437,Cancelled
PO0002389,S0089,P00389,438,Created
PO0002390,S0090,P00390,439,Approved
PO0002391,S0091,P00391,440,Received
PO0002392,S0092,P00392,441,Cancelled
PO0002393,S0093,P00393,442,Created
PO0002394,S0094,P00394,443,Approved
PO0002395,S0095,P00395,444,Received
PO0002396,S0096,P00396,445,Cancelled
PO0002397,S0097,P00397,446,Created
PO0002398,S0098,P00398,447,Approved
PO0002399,S0099,P00399,448,Received
PO0002400,S0100,P00400,449,Cancelled
PO0002401,S0001,P00401,450,Created
PO0002402,S0002,P00402,451,Approved
PO0002403,S0003,P00403,452,Received
PO0002404,S0004,P00404,453,Cancelled
PO0002405,S0005,P00405,454,Created
PO0002406,S0006,P00406,455,Approved
PO0002407,S0007,P00407,456,Received
PO0002408,S0008,P00408,457,Cancelled
PO0002409,S0009,P00409,458,Created
PO0002410,S0010,P00410,459,Approved
PO0002411,S0011,P00411,460,Received
PO0002412,S0012,P00412,461,Cancelled
PO0002413,S0013,P00413,462,Created
PO0002414,S0014,P00414,463,Approved
PO0002415,S0015,P00415,464,Received
PO0002416,S0016,P00416,465,Cancelled
PO0002417,S0017,P00417,466,Created
PO0002418,S0018,P00418,467,Approved
PO0002419,S0019,P00419,468,Received
PO0002420,S0020,P00420,469,Cancelled
PO0002421,S0021,P00421,470,Created
PO0002422,S0022,P00422,471,Approved
PO0002423,S0023,P00423,472,Received
PO0002424,S0024,P00424,473,Cancelled
PO0002425,S0025,P00425,474,Created
PO0002426,S0026,P00426,475,Approved
PO0002427,S0027,P00427,476,Received
PO0002428,S0028,P00428,477,Cancelled
PO0002429,S0029,P00429,478,Created
PO0002430,S0030,P00430,479,Approved
PO0002431,S0031,P00431,480,Received
PO0002432,S0032,P00432,481,Cancelled
PO0002433,S0033,P00433,482,Created
PO0002434,S0034,P00434,483,Approved
PO0002435,S0035,P00435,484,Received
PO0002436,S0036,P00436,485,Cancelled
PO0002437,S0037,P00437,486,Created
PO0002438,S0038,P00438,487,Approved
PO0002439,S0039,P00439,488,Received
PO0002440,S0040,P00440,489,Cancelled
PO0002441,S0041,P00441,490,Created
PO0002442,S0042,P00442,491,Approved
PO0002443,S0043,P00443,492,Received
PO0002444,S0044,P00444,493,Cancelled
PO0002445,S0045,P00445,494,Created
PO0002446,S0046,P00446,495,Approved
PO0002447,S0047,P00447,496,Received
PO0002448,S0048,P00448,497,Cancelled
PO0002449,S0049,P00449,498,Created
PO0002450,S0050,P00450,499,Approved
PO0002451,S0051,P00451,10,Received
PO0002452,S0052,P00452,11,Cancelled
PO0002453,S0053,P00453,12,Created
PO0002454,S0054,P00454,13,Approved
PO0002455,S0055,P00455,14,Received
PO0002456,S0056,P00456,15,Cancelled
PO0002457,S0057,P00457,16,Created
PO0002458,S0058,P00458,17,Approved
PO0002459,S0059,P00459,18,Received
PO0002460,S0060,P00460,19,Cancelled
PO0002461,S0061,P00461,20,Created
PO0002462,S0062,P00462,21,Approved
PO0002463,S0063,P00463,22,Received
PO0002464,S0064,P00464,23,Cancelled
PO0002465,S0065,P00465,24,Created
PO0002466,S0066,P00466,25,Approved
PO0002467,S0067,P00467,26,Received
PO0002468,S0068,P00468,27,Cancelled
PO0002469,S0069,P00469,28,Created
PO0002470,S0070,P00470,29,Approved
PO0002471,S0071,P00471,30,Received
PO0002472,S0072,P00472,31,Cancelled
PO0002473,S0073,P00473,32,Created
PO0002474,S0074,P00474,33,Approved
PO0002475,S0075,P00475,34,Received
PO0002476,S0076,P00476,35,Cancelled
PO0002477,S0077,P00477,36,Created
PO0002478,S0078,P00478,37,Approved
PO0002479,S0079,P00479,38,Received
PO0002480,S0080,P00480,39,Cancelled
PO0002481,S0081,P00481,40,Created
PO0002482,S0082,P00482,41,Approved
PO0002483,S0083,P00483,42,Received
PO0002484,S0084,P00484,43,Cancelled
PO0002485,S0085,P00485,44,Created
PO0002486,S0086,P00486,45,Approved
PO0002487,S0087,P00487,46,Received
PO0002488,S0088,P00488,47,Cancelled
PO0002489,S0089,P00489,48,Created
PO0002490,S0090,P00490,49,Approved
PO0002491,S0091,P00491,50,Received
PO0002492,S0092,P00492,51,Cancelled
PO0002493,S0093,P00493,52,Created
PO0002494,S0094,P00494,53,Approved
PO0002495,S0095,P00495,54,Received
PO0002496,S0096,P00496,55,Cancelled
PO0002497,S0097,P00497,56,Created
PO0002498,S0098,P00498,57,Approved
PO0002499,S0099,P00499,58,Received
PO0002500,S0100,P00500,59,Cancelled
PO0002501,S0001,P00501,60,Created
PO0002502,S0002,P00502,61,Approved
PO0002503,S0003,P00503,62,Received
PO0002504,S0004,P00504,63,Cancelled
PO0002505,S0005,P00505,64,Created
PO0002506,S0006,P00506,65,Approved
PO0002507,S0007,P00507,66,Received
PO0002508,S0008,P00508,67,Cancelled
PO0002509,S0009,P00509,68,Created
PO0002510,S0010,P00510,69,Approved
PO0002511,S0011,P00511,70,Received
PO0002512,S0012,P00512,71,Cancelled
PO0002513,S0013,P00513,72,Created
PO0002514,S0014,P00514,73,Approved
PO0002515,S0015,P00515,74,Received
PO0002516,S0016,P00516,75,Cancelled
PO0002517,S0017,P00517,76,Created
PO0002518,S0018,P00518,77,Approved
PO0002519,S0019,P00519,78,Received
PO0002520,S0020,P00520,79,Cancelled
PO0002521,S0021,P00521,80,Created
PO0002522,S0022,P00522,81,Approved
PO0002523,S0023,P00523,82,Received
PO0002524,S0024,P00524,83,Cancelled
PO0002525,S0025,P00525,84,Created
PO0002526,S0026,P00526,85,Approved
PO0002527,S0027,P00527,86,Received
PO0002528,S0028,P00528,87,Cancelled
PO0002529,S0029,P00529,88,Created
PO0002530,S0030,P00530,89,Approved
PO0002531,S0031,P00531,90,Received
PO0002532,S0032,P00532,91,Cancelled
PO0002533,S0033,P00533,92,Created
PO0002534,S0034,P00534,93,Approved
PO0002535,S0035,P00535,94,Received
PO0002536,S0036,P00536,95,Cancelled
PO0002537,S0037,P00537,96,Created
PO0002538,S0038,P00538,97,Approved
PO0002539,S0039,P00539,98,Received
PO0002540,S0040,P00540,99,Cancelled
PO0002541,S0041,P00541,100,Created
PO0002542,S0042,P00542,101,Approved
PO0002543,S0043,P00543,102,Received
PO0002544,S0044,P00544,103,Cancelled
PO0002545,S0045,P00545,104,Created
PO0002546,S0046,P00546,105,Approved
PO0002547,S0047,P00547,106,Received
PO0002548,S0048,P00548,107,Cancelled
PO0002549,S0049,P00549,108,Created
PO0002550,S0050,P00550,109,Approved
PO0002551,S0051,P00551,110,Received
PO0002552,S0052,P00552,111,Cancelled
PO0002553,S0053,P00553,112,Created
PO0002554,S0054,P00554,113,Approved
PO0002555,S0055,P00555,114,Received
PO0002556,S0056,P00556,115,Cancelled
PO0002557,S0057,P00557,116,Created
PO0002558,S0058,P00558,117,Approved
PO0002559,S0059,P00559,118,Received
PO0002560,S0060,P00560,119,Cancelled
PO0002561,S0061,P00561,120,Created
PO0002562,S0062,P00562,121,Approved
PO0002563,S0063,P00563,122,Received
PO0002564,S0064,P00564,123,Cancelled
PO0002565,S0065,P00565,124,Created
PO0002566,S0066,P00566,125,Approved
PO0002567,S0067,P00567,126,Received
PO0002568,S0068,P00568,127,Cancelled
PO0002569,S0069,P00569,128,Created
PO0002570,S0070,P00570,129,Approved
PO0002571,S0071,P00571,130,Received
PO0002572,S0072,P00572,131,Cancelled
PO0002573,S0073,P00573,132,Created
PO0002574,S0074,P00574,133,Approved
PO0002575,S0075,P00575,134,Received
PO0002576,S0076,P00576,135,Cancelled
PO0002577,S0077,P00577,136,Created
PO0002578,S0078,P00578,137,Approved
PO0002579,S0079,P00579,138,Received
PO0002580,S0080,P00580,139,Cancelled
PO0002581,S0081,P00581,140,Created
PO0002582,S0082,P00582,141,Approved
PO0002583,S0083,P00583,142,Received
PO0002584,S0084,P00584,143,Cancelled
PO0002585,S0085,P00585,144,Created
PO0002586,S0086,P00586,145,Approved
PO0002587,S0087,P00587,146,Received
PO0002588,S0088,P00588,147,Cancelled
PO0002589,S0089,P00589,148,Created
PO0002590,S0090,P00590,149,Approved
PO0002591,S0091,P00591,150,Received
PO0002592,S0092,P00592,151,Cancelled
PO0002593,S0093,P00593,152,Created
PO0002594,S0094,P00594,153,Approved
PO0002595,S0095,P00595,154,Received
PO0002596,S0096,P00596,155,Cancelled
PO0002597,S0097,P00597,156,Created
PO0002598,S0098,P00598,157,Approved
PO0002599,S0099,P00599,158,Received
PO0002600,S0100,P00600,159,Cancelled
PO0002601,S0001,P00601,160,Created
PO0002602,S0002,P00602,161,Approved
PO0002603,S0003,P00603,162,Received
PO0002604,S0004,P00604,163,Cancelled
PO0002605,S0005,P00605,164,Created
PO0002606,S0006,P00606,165,Approved
PO0002607,S0007,P00607,166,Received
PO0002608,S0008,P00608,167,Cancelled
PO0002609,S0009,P00609,168,Created
PO0002610,S0010,P00610,169,Approved
PO0002611,S0011,P00611,170,Received
PO0002612,S0012,P00612,171,Cancelled
PO0002613,S0013,P00613,172,Created
PO0002614,S0014,P00614,173,Approved
PO0002615,S0015,P00615,174,Received
PO0002616,S0016,P00616,175,Cancelled
PO0002617,S0017,P00617,176,Created
PO0002618,S0018,P00618,177,Approved
PO0002619,S0019,P00619,178,Received
PO0002620,S0020,P00620,179,Cancelled
PO0002621,S0021,P00621,180,Created
PO0002622,S0022,P00622,181,Approved
PO0002623,S0023,P00623,182,Received
PO0002624,S0024,P00624,183,Cancelled
PO0002625,S0025,P00625,184,Created
PO0002626,S0026,P00626,185,Approved
PO0002627,S0027,P00627,186,Received
PO0002628,S0028,P00628,187,Cancelled
PO0002629,S0029,P00629,188,Created
PO0002630,S0030,P00630,189,Approved
PO0002631,S0031,P00631,190,Received
PO0002632,S0032,P00632,191,Cancelled
PO0002633,S0033,P00633,192,Created
PO0002634,S0034,P00634,193,Approved
PO0002635,S0035,P00635,194,Received
PO0002636,S0036,P00636,195,Cancelled
PO0002637,S0037,P00637,196,Created
PO0002638,S0038,P00638,197,Approved
PO0002639,S0039,P00639,198,Received
PO0002640,S0040,P00640,199,Cancelled
PO0002641,S0041,P00641,200,Created
PO0002642,S0042,P00642,201,Approved
PO0002643,S0043,P00643,202,Received
PO0002644,S0044,P00644,203,Cancelled
PO0002645,S0045,P00645,204,Created
PO0002646,S0046,P00646,205,Approved
PO0002647,S0047,P00647,206,Received
PO0002648,S0048,P00648,207,Cancelled
PO0002649,S0049,P00649,208,Created
PO0002650,S0050,P00650,209,Approved
PO0002651,S0051,P00651,210,Received
PO0002652,S0052,P00652,211,Cancelled
PO0002653,S0053,P00653,212,Created
PO0002654,S0054,P00654,213,Approved
PO0002655,S0055,P00655,214,Received
PO0002656,S0056,P00656,215,Cancelled
PO0002657,S0057,P00657,216,Created
PO0002658,S0058,P00658,217,Approved
PO0002659,S0059,P00659,218,Received
PO0002660,S0060,P00660,219,Cancelled
PO0002661,S0061,P00661,220,Created
PO0002662,S0062,P00662,221,Approved
PO0002663,S0063,P00663,222,Received
PO0002664,S0064,P00664,223,Cancelled
PO0002665,S0065,P00665,224,Created
PO0002666,S0066,P00666,225,Approved
PO0002667,S0067,P00667,226,Received
PO0002668,S0068,P00668,227,Cancelled
PO0002669,S0069,P00669,228,Created
PO0002670,S0070,P00670,229,Approved
PO0002671,S0071,P00671,230,Received
PO0002672,S0072,P00672,231,Cancelled
PO0002673,S0073,P00673,232,Created
PO0002674,S0074,P00674,233,Approved
PO0002675,S0075,P00675,234,Received
PO0002676,S0076,P00676,235,Cancelled
PO0002677,S0077,P00677,236,Created
PO0002678,S0078,P00678,237,Approved
PO0002679,S0079,P00679,238,Received
PO0002680,S0080,P00680,239,Cancelled
PO0002681,S0081,P00681,240,Created
PO0002682,S0082,P00682,241,Approved
PO0002683,S0083,P00683,242,Received
PO0002684,S0084,P00684,243,Cancelled
PO0002685,S0085,P00685,244,Created
PO0002686,S0086,P00686,245,Approved
PO0002687,S0087,P00687,246,Received
PO0002688,S0088,P00688,247,Cancelled
PO0002689,S0089,P00689,248,Created
PO0002690,S0090,P00690,249,Approved
PO0002691,S0091,P00691,250,Received
PO0002692,S0092,P00692,251,Cancelled
PO0002693,S0093,P00693,252,Created
PO0002694,S0094,P00694,253,Approved
PO0002695,S0095,P00695,254,Received
PO0002696,S0096,P00696,255,Cancelled
PO0002697,S0097,P00697,256,Created
PO0002698,S0098,P00698,257,Approved
PO0002699,S0099,P00699,258,Received
PO0002700,S0100,P00700,259,Cancelled
PO0002701,S0001,P00701,260,Created
PO0002702,S0002,P00702,261,Approved
PO0002703,S0003,P00703,262,Received
PO0002704,S0004,P00704,263,Cancelled
PO0002705,S0005,P00705,264,Created
PO0002706,S0006,P00706,265,Approved
PO0002707,S0007,P00707,266,Received
PO0002708,S0008,P00708,267,Cancelled
PO0002709,S0009,P00709,268,Created
PO0002710,S0010,P00710,269,Approved
PO0002711,S0011,P00711,270,Received
PO0002712,S0012,P00712,271,Cancelled
PO0002713,S0013,P00713,272,Created
PO0002714,S0014,P00714,273,Approved
PO0002715,S0015,P00715,274,Received
PO0002716,S0016,P00716,275,Cancelled
PO0002717,S0017,P00717,276,Created
PO0002718,S0018,P00718,277,Approved
PO0002719,S0019,P00719,278,Received
PO0002720,S0020,P00720,279,Cancelled
PO0002721,S0021,P00721,280,Created
PO0002722,S0022,P00722,281,Approved
PO0002723,S0023,P00723,282,Received
PO0002724,S0024,P00724,283,Cancelled
PO0002725,S0025,P00725,284,Created
PO0002726,S0026,P00726,285,Approved
PO0002727,S0027,P00727,286,Received
PO0002728,S0028,P00728,287,Cancelled
PO0002729,S0029,P00729,288,Created
PO0002730,S0030,P00730,289,Approved
PO0002731,S0031,P00731,290,Received
PO0002732,S0032,P00732,291,Cancelled
PO0002733,S0033,P00733,292,Created
PO0002734,S0034,P00734,293,Approved
PO0002735,S0035,P00735,294,Received
PO0002736,S0036,P00736,295,Cancelled
PO0002737,S0037,P00737,296,Created
PO0002738,S0038,P00738,297,Approved
PO0002739,S0039,P00739,298,Received
PO0002740,S0040,P00740,299,Cancelled
PO0002741,S0041,P00741,300,Created
PO0002742,S0042,P00742,301,Approved
PO0002743,S0043,P00743,302,Received
PO0002744,S0044,P00744,303,Cancelled
PO0002745,S0045,P00745,304,Created
PO0002746,S0046,P00746,305,Approved
PO0002747,S0047,P00747,306,Received
PO0002748,S0048,P00748,307,Cancelled
PO0002749,S0049,P00749,308,Created
PO0002750,S0050,P00750,309,Approved
PO0002751,S0051,P00751,310,Received
PO0002752,S0052,P00752,311,Cancelled
PO0002753,S0053,P00753,312,Created
PO0002754,S0054,P00754,313,Approved
PO0002755,S0055,P00755,314,Received
PO0002756,S0056,P00756,315,Cancelled
PO0002757,S0057,P00757,316,Created
PO0002758,S0058,P00758,317,Approved
PO0002759,S0059,P00759,318,Received
PO0002760,S0060,P00760,319,Cancelled
PO0002761,S0061,P00761,320,Created
PO0002762,S0062,P00762,321,Approved
PO0002763,S0063,P00763,322,Received
PO0002764,S0064,P00764,323,Cancelled
PO0002765,S0065,P00765,324,Created
PO0002766,S0066,P00766,325,Approved
PO0002767,S0067,P00767,326,Received
PO0002768,S0068,P00768,327,Cancelled
PO0002769,S0069,P00769,328,Created
PO0002770,S0070,P00770,329,Approved
PO0002771,S0071,P00771,330,Received
PO0002772,S0072,P00772,331,Cancelled
PO0002773,S0073,P00773,332,Created
PO0002774,S0074,P00774,333,Approved
PO0002775,S0075,P00775,334,Received
PO0002776,S0076,P00776,335,Cancelled
PO0002777,S0077,P00777,336,Created
PO0002778,S0078,P00778,337,Approved
PO0002779,S0079,P00779,338,Received
PO0002780,S0080,P00780,339,Cancelled
PO0002781,S0081,P00781,340,Created
PO0002782,S0082,P00782,341,Approved
PO0002783,S0083,P00783,342,Received
PO0002784,S0084,P00784,343,Cancelled
PO0002785,S0085,P00785,344,Created
PO0002786,S0086,P00786,345,Approved
PO0002787,S0087,P00787,346,Received
PO0002788,S0088,P00788,347,Cancelled
PO0002789,S0089,P00789,348,Created
PO0002790,S0090,P00790,349,Approved
PO0002791,S0091,P00791,350,Received
PO0002792,S0092,P00792,351,Cancelled
PO0002793,S0093,P00793,352,Created
PO0002794,S0094,P00794,353,Approved
PO0002795,S0095,P00795,354,Received
PO0002796,S0096,P00796,355,Cancelled
PO0002797,S0097,P00797,356,Created
PO0002798,S0098,P00798,357,Approved
PO0002799,S0099,P00799,358,Received
PO0002800,S0100,P00800,359,Cancelled
PO0002801,S0001,P00801,360,Created
PO0002802,S0002,P00802,361,Approved
PO0002803,S0003,P00803,362,Received
PO0002804,S0004,P00804,363,Cancelled
PO0002805,S0005,P00805,364,Created
PO0002806,S0006,P00806,365,Approved
PO0002807,S0007,P00807,366,Received
PO0002808,S0008,P00808,367,Cancelled
PO0002809,S0009,P00809,368,Created
PO0002810,S0010,P00810,369,Approved
PO0002811,S0011,P00811,370,Received
PO0002812,S0012,P00812,371,Cancelled
PO0002813,S0013,P00813,372,Created
PO0002814,S0014,P00814,373,Approved
PO0002815,S0015,P00815,374,Received
PO0002816,S0016,P00816,375,Cancelled
PO0002817,S0017,P00817,376,Created
PO0002818,S0018,P00818,377,Approved
PO0002819,S0019,P00819,378,Received
PO0002820,S0020,P00820,379,Cancelled
PO0002821,S0021,P00821,380,Created
PO0002822,S0022,P00822,381,Approved
PO0002823,S0023,P00823,382,Received
PO0002824,S0024,P00824,383,Cancelled
PO0002825,S0025,P00825,384,Created
PO0002826,S0026,P00826,385,Approved
PO0002827,S0027,P00827,386,Received
PO0002828,S0028,P00828,387,Cancelled
PO0002829,S0029,P00829,388,Created
PO0002830,S0030,P00830,389,Approved
PO0002831,S0031,P00831,390,Received
PO0002832,S0032,P00832,391,Cancelled
PO0002833,S0033,P00833,392,Created
PO0002834,S0034,P00834,393,Approved
PO0002835,S0035,P00835,394,Received
PO0002836,S0036,P00836,395,Cancelled
PO0002837,S0037,P00837,396,Created
PO0002838,S0038,P00838,397,Approved
PO0002839,S0039,P00839,398,Received
PO0002840,S0040,P00840,399,Cancelled
PO0002841,S0041,P00841,400,Created
PO0002842,S0042,P00842,401,Approved
PO0002843,S0043,P00843,402,Received
PO0002844,S0044,P00844,403,Cancelled
PO0002845,S0045,P00845,404,Created
PO0002846,S0046,P00846,405,Approved
PO0002847,S0047,P00847,406,Received
PO0002848,S0048,P00848,407,Cancelled
PO0002849,S0049,P00849,408,Created
PO0002850,S0050,P00850,409,Approved
PO0002851,S0051,P00851,410,Received
PO0002852,S0052,P00852,411,Cancelled
PO0002853,S0053,P00853,412,Created
PO0002854,S0054,P00854,413,Approved
PO0002855,S0055,P00855,414,Received
PO0002856,S0056,P00856,415,Cancelled
PO0002857,S0057,P00857,416,Created
PO0002858,S0058,P00858,417,Approved
PO0002859,S0059,P00859,418,Received
PO0002860,S0060,P00860,419,Cancelled
PO0002861,S0061,P00861,420,Created
PO0002862,S0062,P00862,421,Approved
PO0002863,S0063,P00863,422,Received
PO0002864,S0064,P00864,423,Cancelled
PO0002865,S0065,P00865,424,Created
PO0002866,S0066,P00866,425,Approved
PO0002867,S0067,P00867,426,Received
PO0002868,S0068,P00868,427,Cancelled
PO0002869,S0069,P00869,428,Created
PO0002870,S0070,P00870,429,Approved
PO0002871,S0071,P00871,430,Received
PO0002872,S0072,P00872,431,Cancelled
PO0002873,S0073,P00873,432,Created
PO0002874,S0074,P00874,433,Approved
PO0002875,S0075,P00875,434,Received
PO0002876,S0076,P00876,435,Cancelled
PO0002877,S0077,P00877,436,Created
PO0002878,S0078,P00878,437,Approved
PO0002879,S0079,P00879,438,Received
PO0002880,S0080,P00880,439,Cancelled
PO0002881,S0081,P00881,440,Created
PO0002882,S0082,P00882,441,Approved
PO0002883,S0083,P00883,442,Received
PO0002884,S0084,P00884,443,Cancelled
PO0002885,S0085,P00885,444,Created
PO0002886,S0086,P00886,445,Approved
PO0002887,S0087,P00887,446,Received
PO0002888,S0088,P00888,447,Cancelled
PO0002889,S0089,P00889,448,Created
PO0002890,S0090,P00890,449,Approved
PO0002891,S0091,P00891,450,Received
PO0002892,S0092,P00892,451,Cancelled
PO0002893,S0093,P00893,452,Created
PO0002894,S0094,P00894,453,Approved
PO0002895,S0095,P00895,454,Received
PO0002896,S0096,P00896,455,Cancelled
PO0002897,S0097,P00897,456,Created
PO0002898,S0098,P00898,457,Approved
PO0002899,S0099,P00899,458,Received
PO0002900,S0100,P00900,459,Cancelled
PO0002901,S0001,P00901,460,Created
PO0002902,S0002,P00902,461,Approved
PO0002903,S0003,P00903,462,Received
PO0002904,S0004,P00904,463,Cancelled
PO0002905,S0005,P00905,464,Created
PO0002906,S0006,P00906,465,Approved
PO0002907,S0007,P00907,466,Received
PO0002908,S0008,P00908,467,Cancelled
PO0002909,S0009,P00909,468,Created
PO0002910,S0010,P00910,469,Approved
PO0002911,S0011,P00911,470,Received
PO0002912,S0012,P00912,471,Cancelled
PO0002913,S0013,P00913,472,Created
PO0002914,S0014,P00914,473,Approved
PO0002915,S0015,P00915,474,Received
PO0002916,S0016,P00916,475,Cancelled
PO0002917,S0017,P00917,476,Created
PO0002918,S0018,P00918,477,Approved
PO0002919,S0019,P00919,478,Received
PO0002920,S0020,P00920,479,Cancelled
PO0002921,S0021,P00921,480,Created
PO0002922,S0022,P00922,481,Approved
PO0002923,S0023,P00923,482,Received
PO0002924,S0024,P00924,483,Cancelled
PO0002925,S0025,P00925,484,Created
PO0002926,S0026,P00926,485,Approved
PO0002927,S0027,P00927,486,Received
PO0002928,S0028,P00928,487,Cancelled
PO0002929,S0029,P00929,488,Created
PO0002930,S0030,P00930,489,Approved
PO0002931,S0031,P00931,490,Received
PO0002932,S0032,P00932,491,Cancelled
PO0002933,S0033,P00933,492,Created
PO0002934,S0034,P00934,493,Approved
PO0002935,S0035,P00935,494,Received
PO0002936,S0036,P00936,495,Cancelled
PO0002937,S0037,P00937,496,Created
PO0002938,S0038,P00938,497,Approved
PO0002939,S0039,P00939,498,Received
PO0002940,S0040,P00940,499,Cancelled
PO0002941,S0041,P00941,10,Created
PO0002942,S0042,P00942,11,Approved
PO0002943,S0043,P00943,12,Received
PO0002944,S0044,P00944,13,Cancelled
PO0002945,S0045,P00945,14,Created
PO0002946,S0046,P00946,15,Approved
PO0002947,S0047,P00947,16,Received
PO0002948,S0048,P00948,17,Cancelled
PO0002949,S0049,P00949,18,Created
PO0002950,S0050,P00950,19,Approved
PO0002951,S0051,P00951,20,Received
PO0002952,S0052,P00952,21,Cancelled
PO0002953,S0053,P00953,22,Created
PO0002954,S0054,P00954,23,Approved
PO0002955,S0055,P00955,24,Received
PO0002956,S0056,P00956,25,Cancelled
PO0002957,S0057,P00957,26,Created
PO0002958,S0058,P00958,27,Approved
PO0002959,S0059,P00959,28,Received
PO0002960,S0060,P00960,29,Cancelled
PO0002961,S0061,P00961,30,Created
PO0002962,S0062,P00962,31,Approved
PO0002963,S0063,P00963,32,Received
PO0002964,S0064,P00964,33,Cancelled
PO0002965,S0065,P00965,34,Created
PO0002966,S0066,P00966,35,Approved
PO0002967,S0067,P00967,36,Received
PO0002968,S0068,P00968,37,Cancelled
PO0002969,S0069,P00969,38,Created
PO0002970,S0070,P00970,39,Approved
PO0002971,S0071,P00971,40,Received
PO0002972,S0072,P00972,41,Cancelled
PO0002973,S0073,P00973,42,Created
PO0002974,S0074,P00974,43,Approved
PO0002975,S0075,P00975,44,Received
PO0002976,S0076,P00976,45,Cancelled
PO0002977,S0077,P00977,46,Created
PO0002978,S0078,P00978,47,Approved
PO0002979,S0079,P00979,48,Received
PO0002980,S0080,P00980,49,Cancelled
PO0002981,S0081,P00981,50,Created
PO0002982,S0082,P00982,51,Approved
PO0002983,S0083,P00983,52,Received
PO0002984,S0084,P00984,53,Cancelled
PO0002985,S0085,P00985,54,Created
PO0002986,S0086,P00986,55,Approved
PO0002987,S0087,P00987,56,Received
PO0002988,S0088,P00988,57,Cancelled
PO0002989,S0089,P00989,58,Created
PO0002990,S0090,P00990,59,Approved
PO0002991,S0091,P00991,60,Received
PO0002992,S0092,P00992,61,Cancelled
PO0002993,S0093,P00993,62,Created
PO0002994,S0094,P00994,63,Approved
PO0002995,S0095,P00995,64,Received
PO0002996,S0096,P00996,65,Cancelled
PO0002997,S0097,P00997,66,Created
PO0002998,S0098,P00998,67,Approved
PO0002999,S0099,P00999,68,Received
PO0003000,S0100,P01000,69,Cancelled
PO0003001,S0001,P00001,70,Created
PO0003002,S0002,P00002,71,Approved
PO0003003,S0003,P00003,72,Received
PO0003004,S0004,P00004,73,Cancelled
PO0003005,S0005,P00005,74,Created
PO0003006,S0006,P00006,75,Approved
PO0003007,S0007,P00007,76,Received
PO0003008,S0008,P00008,77,Cancelled
PO0003009,S0009,P00009,78,Created
PO0003010,S0010,P00010,79,Approved
PO0003011,S0011,P00011,80,Received
PO0003012,S0012,P00012,81,Cancelled
PO0003013,S0013,P00013,82,Created
PO0003014,S0014,P00014,83,Approved
PO0003015,S0015,P00015,84,Received
PO0003016,S0016,P00016,85,Cancelled
PO0003017,S0017,P00017,86,Created
PO0003018,S0018,P00018,87,Approved
PO0003019,S0019,P00019,88,Received
PO0003020,S0020,P00020,89,Cancelled
PO0003021,S0021,P00021,90,Created
PO0003022,S0022,P00022,91,Approved
PO0003023,S0023,P00023,92,Received
PO0003024,S0024,P00024,93,Cancelled
PO0003025,S0025,P00025,94,Created
PO0003026,S0026,P00026,95,Approved
PO0003027,S0027,P00027,96,Received
PO0003028,S0028,P00028,97,Cancelled
PO0003029,S0029,P00029,98,Created
PO0003030,S0030,P00030,99,Approved
PO0003031,S0031,P00031,100,Received
PO0003032,S0032,P00032,101,Cancelled
PO0003033,S0033,P00033,102,Created
PO0003034,S0034,P00034,103,Approved
PO0003035,S0035,P00035,104,Received
PO0003036,S0036,P00036,105,Cancelled
PO0003037,S0037,P00037,106,Created
PO0003038,S0038,P00038,107,Approved
PO0003039,S0039,P00039,108,Received
PO0003040,S0040,P00040,109,Cancelled
PO0003041,S0041,P00041,110,Created
PO0003042,S0042,P00042,111,Approved
PO0003043,S0043,P00043,112,Received
PO0003044,S0044,P00044,113,Cancelled
PO0003045,S0045,P00045,114,Created
PO0003046,S0046,P00046,115,Approved
PO0003047,S0047,P00047,116,Received
PO0003048,S0048,P00048,117,Cancelled
PO0003049,S0049,P00049,118,Created
PO0003050,S0050,P00050,119,Approved
PO0003051,S0051,P00051,120,Received
PO0003052,S0052,P00052,121,Cancelled
PO0003053,S0053,P00053,122,Created
PO0003054,S0054,P00054,123,Approved
PO0003055,S0055,P00055,124,Received
PO0003056,S0056,P00056,125,Cancelled
PO0003057,S0057,P00057,126,Created
PO0003058,S0058,P00058,127,Approved
PO0003059,S0059,P00059,128,Received
PO0003060,S0060,P00060,129,Cancelled
PO0003061,S0061,P00061,130,Created
PO0003062,S0062,P00062,131,Approved
PO0003063,S0063,P00063,132,Received
PO0003064,S0064,P00064,133,Cancelled
PO0003065,S0065,P00065,134,Created
PO0003066,S0066,P00066,135,Approved
PO0003067,S0067,P00067,136,Received
PO0003068,S0068,P00068,137,Cancelled
PO0003069,S0069,P00069,138,Created
PO0003070,S0070,P00070,139,Approved
PO0003071,S0071,P00071,140,Received
PO0003072,S0072,P00072,141,Cancelled
PO0003073,S0073,P00073,142,Created
PO0003074,S0074,P00074,143,Approved
PO0003075,S0075,P00075,144,Received
PO0003076,S0076,P00076,145,Cancelled
PO0003077,S0077,P00077,146,Created
PO0003078,S0078,P00078,147,Approved
PO0003079,S0079,P00079,148,Received
PO0003080,S0080,P00080,149,Cancelled
PO0003081,S0081,P00081,150,Created
PO0003082,S0082,P00082,151,Approved
PO0003083,S0083,P00083,152,Received
PO0003084,S0084,P00084,153,Cancelled
PO0003085,S0085,P00085,154,Created
PO0003086,S0086,P00086,155,Approved
PO0003087,S0087,P00087,156,Received
PO0003088,S0088,P00088,157,Cancelled
PO0003089,S0089,P00089,158,Created
PO0003090,S0090,P00090,159,Approved
PO0003091,S0091,P00091,160,Received
PO0003092,S0092,P00092,161,Cancelled
PO0003093,S0093,P00093,162,Created
PO0003094,S0094,P00094,163,Approved
PO0003095,S0095,P00095,164,Received
PO0003096,S0096,P00096,165,Cancelled
PO0003097,S0097,P00097,166,Created
PO0003098,S0098,P00098,167,Approved
PO0003099,S0099,P00099,168,Received
PO0003100,S0100,P00100,169,Cancelled
PO0003101,S0001,P00101,170,Created
PO0003102,S0002,P00102,171,Approved
PO0003103,S0003,P00103,172,Received
PO0003104,S0004,P00104,173,Cancelled
PO0003105,S0005,P00105,174,Created
PO0003106,S0006,P00106,175,Approved
PO0003107,S0007,P00107,176,Received
PO0003108,S0008,P00108,177,Cancelled
PO0003109,S0009,P00109,178,Created
PO0003110,S0010,P00110,179,Approved
PO0003111,S0011,P00111,180,Received
PO0003112,S0012,P00112,181,Cancelled
PO0003113,S0013,P00113,182,Created
PO0003114,S0014,P00114,183,Approved
PO0003115,S0015,P00115,184,Received
PO0003116,S0016,P00116,185,Cancelled
PO0003117,S0017,P00117,186,Created
PO0003118,S0018,P00118,187,Approved
PO0003119,S0019,P00119,188,Received
PO0003120,S0020,P00120,189,Cancelled
PO0003121,S0021,P00121,190,Created
PO0003122,S0022,P00122,191,Approved
PO0003123,S0023,P00123,192,Received
PO0003124,S0024,P00124,193,Cancelled
PO0003125,S0025,P00125,194,Created
PO0003126,S0026,P00126,195,Approved
PO0003127,S0027,P00127,196,Received
PO0003128,S0028,P00128,197,Cancelled
PO0003129,S0029,P00129,198,Created
PO0003130,S0030,P00130,199,Approved
PO0003131,S0031,P00131,200,Received
PO0003132,S0032,P00132,201,Cancelled
PO0003133,S0033,P00133,202,Created
PO0003134,S0034,P00134,203,Approved
PO0003135,S0035,P00135,204,Received
PO0003136,S0036,P00136,205,Cancelled
PO0003137,S0037,P00137,206,Created
PO0003138,S0038,P00138,207,Approved
PO0003139,S0039,P00139,208,Received
PO0003140,S0040,P00140,209,Cancelled
PO0003141,S0041,P00141,210,Created
PO0003142,S0042,P00142,211,Approved
PO0003143,S0043,P00143,212,Received
PO0003144,S0044,P00144,213,Cancelled
PO0003145,S0045,P00145,214,Created
PO0003146,S0046,P00146,215,Approved
PO0003147,S0047,P00147,216,Received
PO0003148,S0048,P00148,217,Cancelled
PO0003149,S0049,P00149,218,Created
PO0003150,S0050,P00150,219,Approved
PO0003151,S0051,P00151,220,Received
PO0003152,S0052,P00152,221,Cancelled
PO0003153,S0053,P00153,222,Created
PO0003154,S0054,P00154,223,Approved
PO0003155,S0055,P00155,224,Received
PO0003156,S0056,P00156,225,Cancelled
PO0003157,S0057,P00157,226,Created
PO0003158,S0058,P00158,227,Approved
PO0003159,S0059,P00159,228,Received
PO0003160,S0060,P00160,229,Cancelled
PO0003161,S0061,P00161,230,Created
PO0003162,S0062,P00162,231,Approved
PO0003163,S0063,P00163,232,Received
PO0003164,S0064,P00164,233,Cancelled
PO0003165,S0065,P00165,234,Created
PO0003166,S0066,P00166,235,Approved
PO0003167,S0067,P00167,236,Received
PO0003168,S0068,P00168,237,Cancelled
PO0003169,S0069,P00169,238,Created
PO0003170,S0070,P00170,239,Approved
PO0003171,S0071,P00171,240,Received
PO0003172,S0072,P00172,241,Cancelled
PO0003173,S0073,P00173,242,Created
PO0003174,S0074,P00174,243,Approved
PO0003175,S0075,P00175,244,Received
PO0003176,S0076,P00176,245,Cancelled
PO0003177,S0077,P00177,246,Created
PO0003178,S0078,P00178,247,Approved
PO0003179,S0079,P00179,248,Received
PO0003180,S0080,P00180,249,Cancelled
PO0003181,S0081,P00181,250,Created
PO0003182,S0082,P00182,251,Approved
PO0003183,S0083,P00183,252,Received
PO0003184,S0084,P00184,253,Cancelled
PO0003185,S0085,P00185,254,Created
PO0003186,S0086,P00186,255,Approved
PO0003187,S0087,P00187,256,Received
PO0003188,S0088,P00188,257,Cancelled
PO0003189,S0089,P00189,258,Created
PO0003190,S0090,P00190,259,Approved
PO0003191,S0091,P00191,260,Received
PO0003192,S0092,P00192,261,Cancelled
PO0003193,S0093,P00193,262,Created
PO0003194,S0094,P00194,263,Approved
PO0003195,S0095,P00195,264,Received
PO0003196,S0096,P00196,265,Cancelled
PO0003197,S0097,P00197,266,Created
PO0003198,S0098,P00198,267,Approved
PO0003199,S0099,P00199,268,Received
PO0003200,S0100,P00200,269,Cancelled
PO0003201,S0001,P00201,270,Created
PO0003202,S0002,P00202,271,Approved
PO0003203,S0003,P00203,272,Received
PO0003204,S0004,P00204,273,Cancelled
PO0003205,S0005,P00205,274,Created
PO0003206,S0006,P00206,275,Approved
PO0003207,S0007,P00207,276,Received
PO0003208,S0008,P00208,277,Cancelled
PO0003209,S0009,P00209,278,Created
PO0003210,S0010,P00210,279,Approved
PO0003211,S0011,P00211,280,Received
PO0003212,S0012,P00212,281,Cancelled
PO0003213,S0013,P00213,282,Created
PO0003214,S0014,P00214,283,Approved
PO0003215,S0015,P00215,284,Received
PO0003216,S0016,P00216,285,Cancelled
PO0003217,S0017,P00217,286,Created
PO0003218,S0018,P00218,287,Approved
PO0003219,S0019,P00219,288,Received
PO0003220,S0020,P00220,289,Cancelled
PO0003221,S0021,P00221,290,Created
PO0003222,S0022,P00222,291,Approved
PO0003223,S0023,P00223,292,Received
PO0003224,S0024,P00224,293,Cancelled
PO0003225,S0025,P00225,294,Created
PO0003226,S0026,P00226,295,Approved
PO0003227,S0027,P00227,296,Received
PO0003228,S0028,P00228,297,Cancelled
PO0003229,S0029,P00229,298,Created
PO0003230,S0030,P00230,299,Approved
PO0003231,S0031,P00231,300,Received
PO0003232,S0032,P00232,301,Cancelled
PO0003233,S0033,P00233,302,Created
PO0003234,S0034,P00234,303,Approved
PO0003235,S0035,P00235,304,Received
PO0003236,S0036,P00236,305,Cancelled
PO0003237,S0037,P00237,306,Created
PO0003238,S0038,P00238,307,Approved
PO0003239,S0039,P00239,308,Received
PO0003240,S0040,P00240,309,Cancelled
PO0003241,S0041,P00241,310,Created
PO0003242,S0042,P00242,311,Approved
PO0003243,S0043,P00243,312,Received
PO0003244,S0044,P00244,313,Cancelled
PO0003245,S0045,P00245,314,Created
PO0003246,S0046,P00246,315,Approved
PO0003247,S0047,P00247,316,Received
PO0003248,S0048,P00248,317,Cancelled
PO0003249,S0049,P00249,318,Created
PO0003250,S0050,P00250,319,Approved
PO0003251,S0051,P00251,320,Received
PO0003252,S0052,P00252,321,Cancelled
PO0003253,S0053,P00253,322,Created
PO0003254,S0054,P00254,323,Approved
PO0003255,S0055,P00255,324,Received
PO0003256,S0056,P00256,325,Cancelled
PO0003257,S0057,P00257,326,Created
PO0003258,S0058,P00258,327,Approved
PO0003259,S0059,P00259,328,Received
PO0003260,S0060,P00260,329,Cancelled
PO0003261,S0061,P00261,330,Created
PO0003262,S0062,P00262,331,Approved
PO0003263,S0063,P00263,332,Received
PO0003264,S0064,P00264,333,Cancelled
PO0003265,S0065,P00265,334,Created
PO0003266,S0066,P00266,335,Approved
PO0003267,S0067,P00267,336,Received
PO0003268,S0068,P00268,337,Cancelled
PO0003269,S0069,P00269,338,Created
PO0003270,S0070,P00270,339,Approved
PO0003271,S0071,P00271,340,Received
PO0003272,S0072,P00272,341,Cancelled
PO0003273,S0073,P00273,342,Created
PO0003274,S0074,P00274,343,Approved
PO0003275,S0075,P00275,344,Received
PO0003276,S0076,P00276,345,Cancelled
PO0003277,S0077,P00277,346,Created
PO0003278,S0078,P00278,347,Approved
PO0003279,S0079,P00279,348,Received
PO0003280,S0080,P00280,349,Cancelled
PO0003281,S0081,P00281,350,Created
PO0003282,S0082,P00282,351,Approved
PO0003283,S0083,P00283,352,Received
PO0003284,S0084,P00284,353,Cancelled
PO0003285,S0085,P00285,354,Created
PO0003286,S0086,P00286,355,Approved
PO0003287,S0087,P00287,356,Received
PO0003288,S0088,P00288,357,Cancelled
PO0003289,S0089,P00289,358,Created
PO0003290,S0090,P00290,359,Approved
PO0003291,S0091,P00291,360,Received
PO0003292,S0092,P00292,361,Cancelled
PO0003293,S0093,P00293,362,Created
PO0003294,S0094,P00294,363,Approved
PO0003295,S0095,P00295,364,Received
PO0003296,S0096,P00296,365,Cancelled
PO0003297,S0097,P00297,366,Created
PO0003298,S0098,P00298,367,Approved
PO0003299,S0099,P00299,368,Received
PO0003300,S0100,P00300,369,Cancelled
PO0003301,S0001,P00301,370,Created
PO0003302,S0002,P00302,371,Approved
PO0003303,S0003,P00303,372,Received
PO0003304,S0004,P00304,373,Cancelled
PO0003305,S0005,P00305,374,Created
PO0003306,S0006,P00306,375,Approved
PO0003307,S0007,P00307,376,Received
PO0003308,S0008,P00308,377,Cancelled
PO0003309,S0009,P00309,378,Created
PO0003310,S0010,P00310,379,Approved
PO0003311,S0011,P00311,380,Received
PO0003312,S0012,P00312,381,Cancelled
PO0003313,S0013,P00313,382,Created
PO0003314,S0014,P00314,383,Approved
PO0003315,S0015,P00315,384,Received
PO0003316,S0016,P00316,385,Cancelled
PO0003317,S0017,P00317,386,Created
PO0003318,S0018,P00318,387,Approved
PO0003319,S0019,P00319,388,Received
PO0003320,S0020,P00320,389,Cancelled
PO0003321,S0021,P00321,390,Created
PO0003322,S0022,P00322,391,Approved
PO0003323,S0023,P00323,392,Received
PO0003324,S0024,P00324,393,Cancelled
PO0003325,S0025,P00325,394,Created
PO0003326,S0026,P00326,395,Approved
PO0003327,S0027,P00327,396,Received
PO0003328,S0028,P00328,397,Cancelled
PO0003329,S0029,P00329,398,Created
PO0003330,S0030,P00330,399,Approved
PO0003331,S0031,P00331,400,Received
PO0003332,S0032,P00332,401,Cancelled
PO0003333,S0033,P00333,402,Created
PO0003334,S0034,P00334,403,Approved
PO0003335,S0035,P00335,404,Received
PO0003336,S0036,P00336,405,Cancelled
PO0003337,S0037,P00337,406,Created
PO0003338,S0038,P00338,407,Approved
PO0003339,S0039,P00339,408,Received
PO0003340,S0040,P00340,409,Cancelled
PO0003341,S0041,P00341,410,Created
PO0003342,S0042,P00342,411,Approved
PO0003343,S0043,P00343,412,Received
PO0003344,S0044,P00344,413,Cancelled
PO0003345,S0045,P00345,414,Created
PO0003346,S0046,P00346,415,Approved
PO0003347,S0047,P00347,416,Received
PO0003348,S0048,P00348,417,Cancelled
PO0003349,S0049,P00349,418,Created
PO0003350,S0050,P00350,419,Approved
PO0003351,S0051,P00351,420,Received
PO0003352,S0052,P00352,421,Cancelled
PO0003353,S0053,P00353,422,Created
PO0003354,S0054,P00354,423,Approved
PO0003355,S0055,P00355,424,Received
PO0003356,S0056,P00356,425,Cancelled
PO0003357,S0057,P00357,426,Created
PO0003358,S0058,P00358,427,Approved
PO0003359,S0059,P00359,428,Received
PO0003360,S0060,P00360,429,Cancelled
PO0003361,S0061,P00361,430,Created
PO0003362,S0062,P00362,431,Approved
PO0003363,S0063,P00363,432,Received
PO0003364,S0064,P00364,433,Cancelled
PO0003365,S0065,P00365,434,Created
PO0003366,S0066,P00366,435,Approved
PO0003367,S0067,P00367,436,Received
PO0003368,S0068,P00368,437,Cancelled
PO0003369,S0069,P00369,438,Created
PO0003370,S0070,P00370,439,Approved
PO0003371,S0071,P00371,440,Received
PO0003372,S0072,P00372,441,Cancelled
PO0003373,S0073,P00373,442,Created
PO0003374,S0074,P00374,443,Approved
PO0003375,S0075,P00375,444,Received
PO0003376,S0076,P00376,445,Cancelled
PO0003377,S0077,P00377,446,Created
PO0003378,S0078,P00378,447,Approved
PO0003379,S0079,P00379,448,Received
PO0003380,S0080,P00380,449,Cancelled
PO0003381,S0081,P00381,450,Created
PO0003382,S0082,P00382,451,Approved
PO0003383,S0083,P00383,452,Received
PO0003384,S0084,P00384,453,Cancelled
PO0003385,S0085,P00385,454,Created
PO0003386,S0086,P00386,455,Approved
PO0003387,S0087,P00387,456,Received
PO0003388,S0088,P00388,457,Cancelled
PO0003389,S0089,P00389,458,Created
PO0003390,S0090,P00390,459,Approved
PO0003391,S0091,P00391,460,Received
PO0003392,S0092,P00392,461,Cancelled
PO0003393,S0093,P00393,462,Created
PO0003394,S0094,P00394,463,Approved
PO0003395,S0095,P00395,464,Received
PO0003396,S0096,P00396,465,Cancelled
PO0003397,S0097,P00397,466,Created
PO0003398,S0098,P00398,467,Approved
PO0003399,S0099,P00399,468,Received
PO0003400,S0100,P00400,469,Cancelled
PO0003401,S0001,P00401,470,Created
PO0003402,S0002,P00402,471,Approved
PO0003403,S0003,P00403,472,Received
PO0003404,S0004,P00404,473,Cancelled
PO0003405,S0005,P00405,474,Created
PO0003406,S0006,P00406,475,Approved
PO0003407,S0007,P00407,476,Received
PO0003408,S0008,P00408,477,Cancelled
PO0003409,S0009,P00409,478,Created
PO0003410,S0010,P00410,479,Approved
PO0003411,S0011,P00411,480,Received
PO0003412,S0012,P00412,481,Cancelled
PO0003413,S0013,P00413,482,Created
PO0003414,S0014,P00414,483,Approved
PO0003415,S0015,P00415,484,Received
PO0003416,S0016,P00416,485,Cancelled
PO0003417,S0017,P00417,486,Created
PO0003418,S0018,P00418,487,Approved
PO0003419,S0019,P00419,488,Received
PO0003420,S0020,P00420,489,Cancelled
PO0003421,S0021,P00421,490,Created
PO0003422,S0022,P00422,491,Approved
PO0003423,S0023,P00423,492,Received
PO0003424,S0024,P00424,493,Cancelled
PO0003425,S0025,P00425,494,Created
PO0003426,S0026,P00426,495,Approved
PO0003427,S0027,P00427,496,Received
PO0003428,S0028,P00428,497,Cancelled
PO0003429,S0029,P00429,498,Created
PO0003430,S0030,P00430,499,Approved
PO0003431,S0031,P00431,10,Received
PO0003432,S0032,P00432,11,Cancelled
PO0003433,S0033,P00433,12,Created
PO0003434,S0034,P00434,13,Approved
PO0003435,S0035,P00435,14,Received
PO0003436,S0036,P00436,15,Cancelled
PO0003437,S0037,P00437,16,Created
PO0003438,S0038,P00438,17,Approved
PO0003439,S0039,P00439,18,Received
PO0003440,S0040,P00440,19,Cancelled
PO0003441,S0041,P00441,20,Created
PO0003442,S0042,P00442,21,Approved
PO0003443,S0043,P00443,22,Received
PO0003444,S0044,P00444,23,Cancelled
PO0003445,S0045,P00445,24,Created
PO0003446,S0046,P00446,25,Approved
PO0003447,S0047,P00447,26,Received
PO0003448,S0048,P00448,27,Cancelled
PO0003449,S0049,P00449,28,Created
PO0003450,S0050,P00450,29,Approved
PO0003451,S0051,P00451,30,Received
PO0003452,S0052,P00452,31,Cancelled
PO0003453,S0053,P00453,32,Created
PO0003454,S0054,P00454,33,Approved
PO0003455,S0055,P00455,34,Received
PO0003456,S0056,P00456,35,Cancelled
PO0003457,S0057,P00457,36,Created
PO0003458,S0058,P00458,37,Approved
PO0003459,S0059,P00459,38,Received
PO0003460,S0060,P00460,39,Cancelled
PO0003461,S0061,P00461,40,Created
PO0003462,S0062,P00462,41,Approved
PO0003463,S0063,P00463,42,Received
PO0003464,S0064,P00464,43,Cancelled
PO0003465,S0065,P00465,44,Created
PO0003466,S0066,P00466,45,Approved
PO0003467,S0067,P00467,46,Received
PO0003468,S0068,P00468,47,Cancelled
PO0003469,S0069,P00469,48,Created
PO0003470,S0070,P00470,49,Approved
PO0003471,S0071,P00471,50,Received
PO0003472,S0072,P00472,51,Cancelled
PO0003473,S0073,P00473,52,Created
PO0003474,S0074,P00474,53,Approved
PO0003475,S0075,P00475,54,Received
PO0003476,S0076,P00476,55,Cancelled
PO0003477,S0077,P00477,56,Created
PO0003478,S0078,P00478,57,Approved
PO0003479,S0079,P00479,58,Received
PO0003480,S0080,P00480,59,Cancelled
PO0003481,S0081,P00481,60,Created
PO0003482,S0082,P00482,61,Approved
PO0003483,S0083,P00483,62,Received
PO0003484,S0084,P00484,63,Cancelled
PO0003485,S0085,P00485,64,Created
PO0003486,S0086,P00486,65,Approved
PO0003487,S0087,P00487,66,Received
PO0003488,S0088,P00488,67,Cancelled
PO0003489,S0089,P00489,68,Created
PO0003490,S0090,P00490,69,Approved
PO0003491,S0091,P00491,70,Received
PO0003492,S0092,P00492,71,Cancelled
PO0003493,S0093,P00493,72,Created
PO0003494,S0094,P00494,73,Approved
PO0003495,S0095,P00495,74,Received
PO0003496,S0096,P00496,75,Cancelled
PO0003497,S0097,P00497,76,Created
PO0003498,S0098,P00498,77,Approved
PO0003499,S0099,P00499,78,Received
PO0003500,S0100,P00500,79,Cancelled
PO0003501,S0001,P00501,80,Created
PO0003502,S0002,P00502,81,Approved
PO0003503,S0003,P00503,82,Received
PO0003504,S0004,P00504,83,Cancelled
PO0003505,S0005,P00505,84,Created
PO0003506,S0006,P00506,85,Approved
PO0003507,S0007,P00507,86,Received
PO0003508,S0008,P00508,87,Cancelled
PO0003509,S0009,P00509,88,Created
PO0003510,S0010,P00510,89,Approved
PO0003511,S0011,P00511,90,Received
PO0003512,S0012,P00512,91,Cancelled
PO0003513,S0013,P00513,92,Created
PO0003514,S0014,P00514,93,Approved
PO0003515,S0015,P00515,94,Received
PO0003516,S0016,P00516,95,Cancelled
PO0003517,S0017,P00517,96,Created
PO0003518,S0018,P00518,97,Approved
PO0003519,S0019,P00519,98,Received
PO0003520,S0020,P00520,99,Cancelled
PO0003521,S0021,P00521,100,Created
PO0003522,S0022,P00522,101,Approved
PO0003523,S0023,P00523,102,Received
PO0003524,S0024,P00524,103,Cancelled
PO0003525,S0025,P00525,104,Created
PO0003526,S0026,P00526,105,Approved
PO0003527,S0027,P00527,106,Received
PO0003528,S0028,P00528,107,Cancelled
PO0003529,S0029,P00529,108,Created
PO0003530,S0030,P00530,109,Approved
PO0003531,S0031,P00531,110,Received
PO0003532,S0032,P00532,111,Cancelled
PO0003533,S0033,P00533,112,Created
PO0003534,S0034,P00534,113,Approved
PO0003535,S0035,P00535,114,Received
PO0003536,S0036,P00536,115,Cancelled
PO0003537,S0037,P00537,116,Created
PO0003538,S0038,P00538,117,Approved
PO0003539,S0039,P00539,118,Received
PO0003540,S0040,P00540,119,Cancelled
PO0003541,S0041,P00541,120,Created
PO0003542,S0042,P00542,121,Approved
PO0003543,S0043,P00543,122,Received
PO0003544,S0044,P00544,123,Cancelled
PO0003545,S0045,P00545,124,Created
PO0003546,S0046,P00546,125,Approved
PO0003547,S0047,P00547,126,Received
PO0003548,S0048,P00548,127,Cancelled
PO0003549,S0049,P00549,128,Created
PO0003550,S0050,P00550,129,Approved
PO0003551,S0051,P00551,130,Received
PO0003552,S0052,P00552,131,Cancelled
PO0003553,S0053,P00553,132,Created
PO0003554,S0054,P00554,133,Approved
PO0003555,S0055,P00555,134,Received
PO0003556,S0056,P00556,135,Cancelled
PO0003557,S0057,P00557,136,Created
PO0003558,S0058,P00558,137,Approved
PO0003559,S0059,P00559,138,Received
PO0003560,S0060,P00560,139,Cancelled
PO0003561,S0061,P00561,140,Created
PO0003562,S0062,P00562,141,Approved
PO0003563,S0063,P00563,142,Received
PO0003564,S0064,P00564,143,Cancelled
PO0003565,S0065,P00565,144,Created
PO0003566,S0066,P00566,145,Approved
PO0003567,S0067,P00567,146,Received
PO0003568,S0068,P00568,147,Cancelled
PO0003569,S0069,P00569,148,Created
PO0003570,S0070,P00570,149,Approved
PO0003571,S0071,P00571,150,Received
PO0003572,S0072,P00572,151,Cancelled
PO0003573,S0073,P00573,152,Created
PO0003574,S0074,P00574,153,Approved
PO0003575,S0075,P00575,154,Received
PO0003576,S0076,P00576,155,Cancelled
PO0003577,S0077,P00577,156,Created
PO0003578,S0078,P00578,157,Approved
PO0003579,S0079,P00579,158,Received
PO0003580,S0080,P00580,159,Cancelled
PO0003581,S0081,P00581,160,Created
PO0003582,S0082,P00582,161,Approved
PO0003583,S0083,P00583,162,Received
PO0003584,S0084,P00584,163,Cancelled
PO0003585,S0085,P00585,164,Created
PO0003586,S0086,P00586,165,Approved
PO0003587,S0087,P00587,166,Received
PO0003588,S0088,P00588,167,Cancelled
PO0003589,S0089,P00589,168,Created
PO0003590,S0090,P00590,169,Approved
PO0003591,S0091,P00591,170,Received
PO0003592,S0092,P00592,171,Cancelled
PO0003593,S0093,P00593,172,Created
PO0003594,S0094,P00594,173,Approved
PO0003595,S0095,P00595,174,Received
PO0003596,S0096,P00596,175,Cancelled
PO0003597,S0097,P00597,176,Created
PO0003598,S0098,P00598,177,Approved
PO0003599,S0099,P00599,178,Received
PO0003600,S0100,P00600,179,Cancelled
PO0003601,S0001,P00601,180,Created
PO0003602,S0002,P00602,181,Approved
PO0003603,S0003,P00603,182,Received
PO0003604,S0004,P00604,183,Cancelled
PO0003605,S0005,P00605,184,Created
PO0003606,S0006,P00606,185,Approved
PO0003607,S0007,P00607,186,Received
PO0003608,S0008,P00608,187,Cancelled
PO0003609,S0009,P00609,188,Created
PO0003610,S0010,P00610,189,Approved
PO0003611,S0011,P00611,190,Received
PO0003612,S0012,P00612,191,Cancelled
PO0003613,S0013,P00613,192,Created
PO0003614,S0014,P00614,193,Approved
PO0003615,S0015,P00615,194,Received
PO0003616,S0016,P00616,195,Cancelled
PO0003617,S0017,P00617,196,Created
PO0003618,S0018,P00618,197,Approved
PO0003619,S0019,P00619,198,Received
PO0003620,S0020,P00620,199,Cancelled
PO0003621,S0021,P00621,200,Created
PO0003622,S0022,P00622,201,Approved
PO0003623,S0023,P00623,202,Received
PO0003624,S0024,P00624,203,Cancelled
PO0003625,S0025,P00625,204,Created
PO0003626,S0026,P00626,205,Approved
PO0003627,S0027,P00627,206,Received
PO0003628,S0028,P00628,207,Cancelled
PO0003629,S0029,P00629,208,Created
PO0003630,S0030,P00630,209,Approved
PO0003631,S0031,P00631,210,Received
PO0003632,S0032,P00632,211,Cancelled
PO0003633,S0033,P00633,212,Created
PO0003634,S0034,P00634,213,Approved
PO0003635,S0035,P00635,214,Received
PO0003636,S0036,P00636,215,Cancelled
PO0003637,S0037,P00637,216,Created
PO0003638,S0038,P00638,217,Approved
PO0003639,S0039,P00639,218,Received
PO0003640,S0040,P00640,219,Cancelled
PO0003641,S0041,P00641,220,Created
PO0003642,S0042,P00642,221,Approved
PO0003643,S0043,P00643,222,Received
PO0003644,S0044,P00644,223,Cancelled
PO0003645,S0045,P00645,224,Created
PO0003646,S0046,P00646,225,Approved
PO0003647,S0047,P00647,226,Received
PO0003648,S0048,P00648,227,Cancelled
PO0003649,S0049,P00649,228,Created
PO0003650,S0050,P00650,229,Approved
PO0003651,S0051,P00651,230,Received
PO0003652,S0052,P00652,231,Cancelled
PO0003653,S0053,P00653,232,Created
PO0003654,S0054,P00654,233,Approved
PO0003655,S0055,P00655,234,Received
PO0003656,S0056,P00656,235,Cancelled
PO0003657,S0057,P00657,236,Created
PO0003658,S0058,P00658,237,Approved
PO0003659,S0059,P00659,238,Received
PO0003660,S0060,P00660,239,Cancelled
PO0003661,S0061,P00661,240,Created
PO0003662,S0062,P00662,241,Approved
PO0003663,S0063,P00663,242,Received
PO0003664,S0064,P00664,243,Cancelled
PO0003665,S0065,P00665,244,Created
PO0003666,S0066,P00666,245,Approved
PO0003667,S0067,P00667,246,Received
PO0003668,S0068,P00668,247,Cancelled
PO0003669,S0069,P00669,248,Created
PO0003670,S0070,P00670,249,Approved
PO0003671,S0071,P00671,250,Received
PO0003672,S0072,P00672,251,Cancelled
PO0003673,S0073,P00673,252,Created
PO0003674,S0074,P00674,253,Approved
PO0003675,S0075,P00675,254,Received
PO0003676,S0076,P00676,255,Cancelled
PO0003677,S0077,P00677,256,Created
PO0003678,S0078,P00678,257,Approved
PO0003679,S0079,P00679,258,Received
PO0003680,S0080,P00680,259,Cancelled
PO0003681,S0081,P00681,260,Created
PO0003682,S0082,P00682,261,Approved
PO0003683,S0083,P00683,262,Received
PO0003684,S0084,P00684,263,Cancelled
PO0003685,S0085,P00685,264,Created
PO0003686,S0086,P00686,265,Approved
PO0003687,S0087,P00687,266,Received
PO0003688,S0088,P00688,267,Cancelled
PO0003689,S0089,P00689,268,Created
PO0003690,S0090,P00690,269,Approved
PO0003691,S0091,P00691,270,Received
PO0003692,S0092,P00692,271,Cancelled
PO0003693,S0093,P00693,272,Created
PO0003694,S0094,P00694,273,Approved
PO0003695,S0095,P00695,274,Received
PO0003696,S0096,P00696,275,Cancelled
PO0003697,S0097,P00697,276,Created
PO0003698,S0098,P00698,277,Approved
PO0003699,S0099,P00699,278,Received
PO0003700,S0100,P00700,279,Cancelled
PO0003701,S0001,P00701,280,Created
PO0003702,S0002,P00702,281,Approved
PO0003703,S0003,P00703,282,Received
PO0003704,S0004,P00704,283,Cancelled
PO0003705,S0005,P00705,284,Created
PO0003706,S0006,P00706,285,Approved
PO0003707,S0007,P00707,286,Received
PO0003708,S0008,P00708,287,Cancelled
PO0003709,S0009,P00709,288,Created
PO0003710,S0010,P00710,289,Approved
PO0003711,S0011,P00711,290,Received
PO0003712,S0012,P00712,291,Cancelled
PO0003713,S0013,P00713,292,Created
PO0003714,S0014,P00714,293,Approved
PO0003715,S0015,P00715,294,Received
PO0003716,S0016,P00716,295,Cancelled
PO0003717,S0017,P00717,296,Created
PO0003718,S0018,P00718,297,Approved
PO0003719,S0019,P00719,298,Received
PO0003720,S0020,P00720,299,Cancelled
PO0003721,S0021,P00721,300,Created
PO0003722,S0022,P00722,301,Approved
PO0003723,S0023,P00723,302,Received
PO0003724,S0024,P00724,303,Cancelled
PO0003725,S0025,P00725,304,Created
PO0003726,S0026,P00726,305,Approved
PO0003727,S0027,P00727,306,Received
PO0003728,S0028,P00728,307,Cancelled
PO0003729,S0029,P00729,308,Created
PO0003730,S0030,P00730,309,Approved
PO0003731,S0031,P00731,310,Received
PO0003732,S0032,P00732,311,Cancelled
PO0003733,S0033,P00733,312,Created
PO0003734,S0034,P00734,313,Approved
PO0003735,S0035,P00735,314,Received
PO0003736,S0036,P00736,315,Cancelled
PO0003737,S0037,P00737,316,Created
PO0003738,S0038,P00738,317,Approved
PO0003739,S0039,P00739,318,Received
PO0003740,S0040,P00740,319,Cancelled
PO0003741,S0041,P00741,320,Created
PO0003742,S0042,P00742,321,Approved
PO0003743,S0043,P00743,322,Received
PO0003744,S0044,P00744,323,Cancelled
PO0003745,S0045,P00745,324,Created
PO0003746,S0046,P00746,325,Approved
PO0003747,S0047,P00747,326,Received
PO0003748,S0048,P00748,327,Cancelled
PO0003749,S0049,P00749,328,Created
PO0003750,S0050,P00750,329,Approved
PO0003751,S0051,P00751,330,Received
PO0003752,S0052,P00752,331,Cancelled
PO0003753,S0053,P00753,332,Created
PO0003754,S0054,P00754,333,Approved
PO0003755,S0055,P00755,334,Received
PO0003756,S0056,P00756,335,Cancelled
PO0003757,S0057,P00757,336,Created
PO0003758,S0058,P00758,337,Approved
PO0003759,S0059,P00759,338,Received
PO0003760,S0060,P00760,339,Cancelled
PO0003761,S0061,P00761,340,Created
PO0003762,S0062,P00762,341,Approved
PO0003763,S0063,P00763,342,Received
PO0003764,S0064,P00764,343,Cancelled
PO0003765,S0065,P00765,344,Created
PO0003766,S0066,P00766,345,Approved
PO0003767,S0067,P00767,346,Received
PO0003768,S0068,P00768,347,Cancelled
PO0003769,S0069,P00769,348,Created
PO0003770,S0070,P00770,349,Approved
PO0003771,S0071,P00771,350,Received
PO0003772,S0072,P00772,351,Cancelled
PO0003773,S0073,P00773,352,Created
PO0003774,S0074,P00774,353,Approved
PO0003775,S0075,P00775,354,Received
PO0003776,S0076,P00776,355,Cancelled
PO0003777,S0077,P00777,356,Created
PO0003778,S0078,P00778,357,Approved
PO0003779,S0079,P00779,358,Received
PO0003780,S0080,P00780,359,Cancelled
PO0003781,S0081,P00781,360,Created
PO0003782,S0082,P00782,361,Approved
PO0003783,S0083,P00783,362,Received
PO0003784,S0084,P00784,363,Cancelled
PO0003785,S0085,P00785,364,Created
PO0003786,S0086,P00786,365,Approved
PO0003787,S0087,P00787,366,Received
PO0003788,S0088,P00788,367,Cancelled
PO0003789,S0089,P00789,368,Created
PO0003790,S0090,P00790,369,Approved
PO0003791,S0091,P00791,370,Received
PO0003792,S0092,P00792,371,Cancelled
PO0003793,S0093,P00793,372,Created
PO0003794,S0094,P00794,373,Approved
PO0003795,S0095,P00795,374,Received
PO0003796,S0096,P00796,375,Cancelled
PO0003797,S0097,P00797,376,Created
PO0003798,S0098,P00798,377,Approved
PO0003799,S0099,P00799,378,Received
PO0003800,S0100,P00800,379,Cancelled
PO0003801,S0001,P00801,380,Created
PO0003802,S0002,P00802,381,Approved
PO0003803,S0003,P00803,382,Received
PO0003804,S0004,P00804,383,Cancelled
PO0003805,S0005,P00805,384,Created
PO0003806,S0006,P00806,385,Approved
PO0003807,S0007,P00807,386,Received
PO0003808,S0008,P00808,387,Cancelled
PO0003809,S0009,P00809,388,Created
PO0003810,S0010,P00810,389,Approved
PO0003811,S0011,P00811,390,Received
PO0003812,S0012,P00812,391,Cancelled
PO0003813,S0013,P00813,392,Created
PO0003814,S0014,P00814,393,Approved
PO0003815,S0015,P00815,394,Received
PO0003816,S0016,P00816,395,Cancelled
PO0003817,S0017,P00817,396,Created
PO0003818,S0018,P00818,397,Approved
PO0003819,S0019,P00819,398,Received
PO0003820,S0020,P00820,399,Cancelled
PO0003821,S0021,P00821,400,Created
PO0003822,S0022,P00822,401,Approved
PO0003823,S0023,P00823,402,Received
PO0003824,S0024,P00824,403,Cancelled
PO0003825,S0025,P00825,404,Created
PO0003826,S0026,P00826,405,Approved
PO0003827,S0027,P00827,406,Received
PO0003828,S0028,P00828,407,Cancelled
PO0003829,S0029,P00829,408,Created
PO0003830,S0030,P00830,409,Approved
PO0003831,S0031,P00831,410,Received
PO0003832,S0032,P00832,411,Cancelled
PO0003833,S0033,P00833,412,Created
PO0003834,S0034,P00834,413,Approved
PO0003835,S0035,P00835,414,Received
PO0003836,S0036,P00836,415,Cancelled
PO0003837,S0037,P00837,416,Created
PO0003838,S0038,P00838,417,Approved
PO0003839,S0039,P00839,418,Received
PO0003840,S0040,P00840,419,Cancelled
PO0003841,S0041,P00841,420,Created
PO0003842,S0042,P00842,421,Approved
PO0003843,S0043,P00843,422,Received
PO0003844,S0044,P00844,423,Cancelled
PO0003845,S0045,P00845,424,Created
PO0003846,S0046,P00846,425,Approved
PO0003847,S0047,P00847,426,Received
PO0003848,S0048,P00848,427,Cancelled
PO0003849,S0049,P00849,428,Created
PO0003850,S0050,P00850,429,Approved
PO0003851,S0051,P00851,430,Received
PO0003852,S0052,P00852,431,Cancelled
PO0003853,S0053,P00853,432,Created
PO0003854,S0054,P00854,433,Approved
PO0003855,S0055,P00855,434,Received
PO0003856,S0056,P00856,435,Cancelled
PO0003857,S0057,P00857,436,Created
PO0003858,S0058,P00858,437,Approved
PO0003859,S0059,P00859,438,Received
PO0003860,S0060,P00860,439,Cancelled
PO0003861,S0061,P00861,440,Created
PO0003862,S0062,P00862,441,Approved
PO0003863,S0063,P00863,442,Received
PO0003864,S0064,P00864,443,Cancelled
PO0003865,S0065,P00865,444,Created
PO0003866,S0066,P00866,445,Approved
PO0003867,S0067,P00867,446,Received
PO0003868,S0068,P00868,447,Cancelled
PO0003869,S0069,P00869,448,Created
PO0003870,S0070,P00870,449,Approved
PO0003871,S0071,P00871,450,Received
PO0003872,S0072,P00872,451,Cancelled
PO0003873,S0073,P00873,452,Created
PO0003874,S0074,P00874,453,Approved
PO0003875,S0075,P00875,454,Received
PO0003876,S0076,P00876,455,Cancelled
PO0003877,S0077,P00877,456,Created
PO0003878,S0078,P00878,457,Approved
PO0003879,S0079,P00879,458,Received
PO0003880,S0080,P00880,459,Cancelled
PO0003881,S0081,P00881,460,Created
PO0003882,S0082,P00882,461,Approved
PO0003883,S0083,P00883,462,Received
PO0003884,S0084,P00884,463,Cancelled
PO0003885,S0085,P00885,464,Created
PO0003886,S0086,P00886,465,Approved
PO0003887,S0087,P00887,466,Received
PO0003888,S0088,P00888,467,Cancelled
PO0003889,S0089,P00889,468,Created
PO0003890,S0090,P00890,469,Approved
PO0003891,S0091,P00891,470,Received
PO0003892,S0092,P00892,471,Cancelled
PO0003893,S0093,P00893,472,Created
PO0003894,S0094,P00894,473,Approved
PO0003895,S0095,P00895,474,Received
PO0003896,S0096,P00896,475,Cancelled
PO0003897,S0097,P00897,476,Created
PO0003898,S0098,P00898,477,Approved
PO0003899,S0099,P00899,478,Received
PO0003900,S0100,P00900,479,Cancelled
PO0003901,S0001,P00901,480,Created
PO0003902,S0002,P00902,481,Approved
PO0003903,S0003,P00903,482,Received
PO0003904,S0004,P00904,483,Cancelled
PO0003905,S0005,P00905,484,Created
PO0003906,S0006,P00906,485,Approved
PO0003907,S0007,P00907,486,Received
PO0003908,S0008,P00908,487,Cancelled
PO0003909,S0009,P00909,488,Created
PO0003910,S0010,P00910,489,Approved
PO0003911,S0011,P00911,490,Received
PO0003912,S0012,P00912,491,Cancelled
PO0003913,S0013,P00913,492,Created
PO0003914,S0014,P00914,493,Approved
PO0003915,S0015,P00915,494,Received
PO0003916,S0016,P00916,495,Cancelled
PO0003917,S0017,P00917,496,Created
PO0003918,S0018,P00918,497,Approved
PO0003919,S0019,P00919,498,Received
PO0003920,S0020,P00920,499,Cancelled
PO0003921,S0021,P00921,10,Created
PO0003922,S0022,P00922,11,Approved
PO0003923,S0023,P00923,12,Received
PO0003924,S0024,P00924,13,Cancelled
PO0003925,S0025,P00925,14,Created
PO0003926,S0026,P00926,15,Approved
PO0003927,S0027,P00927,16,Received
PO0003928,S0028,P00928,17,Cancelled
PO0003929,S0029,P00929,18,Created
PO0003930,S0030,P00930,19,Approved
PO0003931,S0031,P00931,20,Received
PO0003932,S0032,P00932,21,Cancelled
PO0003933,S0033,P00933,22,Created
PO0003934,S0034,P00934,23,Approved
PO0003935,S0035,P00935,24,Received
PO0003936,S0036,P00936,25,Cancelled
PO0003937,S0037,P00937,26,Created
PO0003938,S0038,P00938,27,Approved
PO0003939,S0039,P00939,28,Received
PO0003940,S0040,P00940,29,Cancelled
PO0003941,S0041,P00941,30,Created
PO0003942,S0042,P00942,31,Approved
PO0003943,S0043,P00943,32,Received
PO0003944,S0044,P00944,33,Cancelled
PO0003945,S0045,P00945,34,Created
PO0003946,S0046,P00946,35,Approved
PO0003947,S0047,P00947,36,Received
PO0003948,S0048,P00948,37,Cancelled
PO0003949,S0049,P00949,38,Created
PO0003950,S0050,P00950,39,Approved
PO0003951,S0051,P00951,40,Received
PO0003952,S0052,P00952,41,Cancelled
PO0003953,S0053,P00953,42,Created
PO0003954,S0054,P00954,43,Approved
PO0003955,S0055,P00955,44,Received
PO0003956,S0056,P00956,45,Cancelled
PO0003957,S0057,P00957,46,Created
PO0003958,S0058,P00958,47,Approved
PO0003959,S0059,P00959,48,Received
PO0003960,S0060,P00960,49,Cancelled
PO0003961,S0061,P00961,50,Created
PO0003962,S0062,P00962,51,Approved
PO0003963,S0063,P00963,52,Received
PO0003964,S0064,P00964,53,Cancelled
PO0003965,S0065,P00965,54,Created
PO0003966,S0066,P00966,55,Approved
PO0003967,S0067,P00967,56,Received
PO0003968,S0068,P00968,57,Cancelled
PO0003969,S0069,P00969,58,Created
PO0003970,S0070,P00970,59,Approved
PO0003971,S0071,P00971,60,Received
PO0003972,S0072,P00972,61,Cancelled
PO0003973,S0073,P00973,62,Created
PO0003974,S0074,P00974,63,Approved
PO0003975,S0075,P00975,64,Received
PO0003976,S0076,P00976,65,Cancelled
PO0003977,S0077,P00977,66,Created
PO0003978,S0078,P00978,67,Approved
PO0003979,S0079,P00979,68,Received
PO0003980,S0080,P00980,69,Cancelled
PO0003981,S0081,P00981,70,Created
PO0003982,S0082,P00982,71,Approved
PO0003983,S0083,P00983,72,Received
PO0003984,S0084,P00984,73,Cancelled
PO0003985,S0085,P00985,74,Created
PO0003986,S0086,P00986,75,Approved
PO0003987,S0087,P00987,76,Received
PO0003988,S0088,P00988,77,Cancelled
PO0003989,S0089,P00989,78,Created
PO0003990,S0090,P00990,79,Approved
PO0003991,S0091,P00991,80,Received
PO0003992,S0092,P00992,81,Cancelled
PO0003993,S0093,P00993,82,Created
PO0003994,S0094,P00994,83,Approved
PO0003995,S0095,P00995,84,Received
PO0003996,S0096,P00996,85,Cancelled
PO0003997,S0097,P00997,86,Created
PO0003998,S0098,P00998,87,Approved
PO0003999,S0099,P00999,88,Received
PO0004000,S0100,P01000,89,Cancelled
PO0004001,S0001,P00001,90,Created
PO0004002,S0002,P00002,91,Approved
PO0004003,S0003,P00003,92,Received
PO0004004,S0004,P00004,93,Cancelled
PO0004005,S0005,P00005,94,Created
PO0004006,S0006,P00006,95,Approved
PO0004007,S0007,P00007,96,Received
PO0004008,S0008,P00008,97,Cancelled
PO0004009,S0009,P00009,98,Created
PO0004010,S0010,P00010,99,Approved
PO0004011,S0011,P00011,100,Received
PO0004012,S0012,P00012,101,Cancelled
PO0004013,S0013,P00013,102,Created
PO0004014,S0014,P00014,103,Approved
PO0004015,S0015,P00015,104,Received
PO0004016,S0016,P00016,105,Cancelled
PO0004017,S0017,P00017,106,Created
PO0004018,S0018,P00018,107,Approved
PO0004019,S0019,P00019,108,Received
PO0004020,S0020,P00020,109,Cancelled
PO0004021,S0021,P00021,110,Created
PO0004022,S0022,P00022,111,Approved
PO0004023,S0023,P00023,112,Received
PO0004024,S0024,P00024,113,Cancelled
PO0004025,S0025,P00025,114,Created
PO0004026,S0026,P00026,115,Approved
PO0004027,S0027,P00027,116,Received
PO0004028,S0028,P00028,117,Cancelled
PO0004029,S0029,P00029,118,Created
PO0004030,S0030,P00030,119,Approved
PO0004031,S0031,P00031,120,Received
PO0004032,S0032,P00032,121,Cancelled
PO0004033,S0033,P00033,122,Created
PO0004034,S0034,P00034,123,Approved
PO0004035,S0035,P00035,124,Received
PO0004036,S0036,P00036,125,Cancelled
PO0004037,S0037,P00037,126,Created
PO0004038,S0038,P00038,127,Approved
PO0004039,S0039,P00039,128,Received
PO0004040,S0040,P00040,129,Cancelled
PO0004041,S0041,P00041,130,Created
PO0004042,S0042,P00042,131,Approved
PO0004043,S0043,P00043,132,Received
PO0004044,S0044,P00044,133,Cancelled
PO0004045,S0045,P00045,134,Created
PO0004046,S0046,P00046,135,Approved
PO0004047,S0047,P00047,136,Received
PO0004048,S0048,P00048,137,Cancelled
PO0004049,S0049,P00049,138,Created
PO0004050,S0050,P00050,139,Approved
PO0004051,S0051,P00051,140,Received
PO0004052,S0052,P00052,141,Cancelled
PO0004053,S0053,P00053,142,Created
PO0004054,S0054,P00054,143,Approved
PO0004055,S0055,P00055,144,Received
PO0004056,S0056,P00056,145,Cancelled
PO0004057,S0057,P00057,146,Created
PO0004058,S0058,P00058,147,Approved
PO0004059,S0059,P00059,148,Received
PO0004060,S0060,P00060,149,Cancelled
PO0004061,S0061,P00061,150,Created
PO0004062,S0062,P00062,151,Approved
PO0004063,S0063,P00063,152,Received
PO0004064,S0064,P00064,153,Cancelled
PO0004065,S0065,P00065,154,Created
PO0004066,S0066,P00066,155,Approved
PO0004067,S0067,P00067,156,Received
PO0004068,S0068,P00068,157,Cancelled
PO0004069,S0069,P00069,158,Created
PO0004070,S0070,P00070,159,Approved
PO0004071,S0071,P00071,160,Received
PO0004072,S0072,P00072,161,Cancelled
PO0004073,S0073,P00073,162,Created
PO0004074,S0074,P00074,163,Approved
PO0004075,S0075,P00075,164,Received
PO0004076,S0076,P00076,165,Cancelled
PO0004077,S0077,P00077,166,Created
PO0004078,S0078,P00078,167,Approved
PO0004079,S0079,P00079,168,Received
PO0004080,S0080,P00080,169,Cancelled
PO0004081,S0081,P00081,170,Created
PO0004082,S0082,P00082,171,Approved
PO0004083,S0083,P00083,172,Received
PO0004084,S0084,P00084,173,Cancelled
PO0004085,S0085,P00085,174,Created
PO0004086,S0086,P00086,175,Approved
PO0004087,S0087,P00087,176,Received
PO0004088,S0088,P00088,177,Cancelled
PO0004089,S0089,P00089,178,Created
PO0004090,S0090,P00090,179,Approved
PO0004091,S0091,P00091,180,Received
PO0004092,S0092,P00092,181,Cancelled
PO0004093,S0093,P00093,182,Created
PO0004094,S0094,P00094,183,Approved
PO0004095,S0095,P00095,184,Received
PO0004096,S0096,P00096,185,Cancelled
PO0004097,S0097,P00097,186,Created
PO0004098,S0098,P00098,187,Approved
PO0004099,S0099,P00099,188,Received
PO0004100,S0100,P00100,189,Cancelled
PO0004101,S0001,P00101,190,Created
PO0004102,S0002,P00102,191,Approved
PO0004103,S0003,P00103,192,Received
PO0004104,S0004,P00104,193,Cancelled
PO0004105,S0005,P00105,194,Created
PO0004106,S0006,P00106,195,Approved
PO0004107,S0007,P00107,196,Received
PO0004108,S0008,P00108,197,Cancelled
PO0004109,S0009,P00109,198,Created
PO0004110,S0010,P00110,199,Approved
PO0004111,S0011,P00111,200,Received
PO0004112,S0012,P00112,201,Cancelled
PO0004113,S0013,P00113,202,Created
PO0004114,S0014,P00114,203,Approved
PO0004115,S0015,P00115,204,Received
PO0004116,S0016,P00116,205,Cancelled
PO0004117,S0017,P00117,206,Created
PO0004118,S0018,P00118,207,Approved
PO0004119,S0019,P00119,208,Received
PO0004120,S0020,P00120,209,Cancelled
PO0004121,S0021,P00121,210,Created
PO0004122,S0022,P00122,211,Approved
PO0004123,S0023,P00123,212,Received
PO0004124,S0024,P00124,213,Cancelled
PO0004125,S0025,P00125,214,Created
PO0004126,S0026,P00126,215,Approved
PO0004127,S0027,P00127,216,Received
PO0004128,S0028,P00128,217,Cancelled
PO0004129,S0029,P00129,218,Created
PO0004130,S0030,P00130,219,Approved
PO0004131,S0031,P00131,220,Received
PO0004132,S0032,P00132,221,Cancelled
PO0004133,S0033,P00133,222,Created
PO0004134,S0034,P00134,223,Approved
PO0004135,S0035,P00135,224,Received
PO0004136,S0036,P00136,225,Cancelled
PO0004137,S0037,P00137,226,Created
PO0004138,S0038,P00138,227,Approved
PO0004139,S0039,P00139,228,Received
PO0004140,S0040,P00140,229,Cancelled
PO0004141,S0041,P00141,230,Created
PO0004142,S0042,P00142,231,Approved
PO0004143,S0043,P00143,232,Received
PO0004144,S0044,P00144,233,Cancelled
PO0004145,S0045,P00145,234,Created
PO0004146,S0046,P00146,235,Approved
PO0004147,S0047,P00147,236,Received
PO0004148,S0048,P00148,237,Cancelled
PO0004149,S0049,P00149,238,Created
PO0004150,S0050,P00150,239,Approved
PO0004151,S0051,P00151,240,Received
PO0004152,S0052,P00152,241,Cancelled
PO0004153,S0053,P00153,242,Created
PO0004154,S0054,P00154,243,Approved
PO0004155,S0055,P00155,244,Received
PO0004156,S0056,P00156,245,Cancelled
PO0004157,S0057,P00157,246,Created
PO0004158,S0058,P00158,247,Approved
PO0004159,S0059,P00159,248,Received
PO0004160,S0060,P00160,249,Cancelled
PO0004161,S0061,P00161,250,Created
PO0004162,S0062,P00162,251,Approved
PO0004163,S0063,P00163,252,Received
PO0004164,S0064,P00164,253,Cancelled
PO0004165,S0065,P00165,254,Created
PO0004166,S0066,P00166,255,Approved
PO0004167,S0067,P00167,256,Received
PO0004168,S0068,P00168,257,Cancelled
PO0004169,S0069,P00169,258,Created
PO0004170,S0070,P00170,259,Approved
PO0004171,S0071,P00171,260,Received
PO0004172,S0072,P00172,261,Cancelled
PO0004173,S0073,P00173,262,Created
PO0004174,S0074,P00174,263,Approved
PO0004175,S0075,P00175,264,Received
PO0004176,S0076,P00176,265,Cancelled
PO0004177,S0077,P00177,266,Created
PO0004178,S0078,P00178,267,Approved
PO0004179,S0079,P00179,268,Received
PO0004180,S0080,P00180,269,Cancelled
PO0004181,S0081,P00181,270,Created
PO0004182,S0082,P00182,271,Approved
PO0004183,S0083,P00183,272,Received
PO0004184,S0084,P00184,273,Cancelled
PO0004185,S0085,P00185,274,Created
PO0004186,S0086,P00186,275,Approved
PO0004187,S0087,P00187,276,Received
PO0004188,S0088,P00188,277,Cancelled
PO0004189,S0089,P00189,278,Created
PO0004190,S0090,P00190,279,Approved
PO0004191,S0091,P00191,280,Received
PO0004192,S0092,P00192,281,Cancelled
PO0004193,S0093,P00193,282,Created
PO0004194,S0094,P00194,283,Approved
PO0004195,S0095,P00195,284,Received
PO0004196,S0096,P00196,285,Cancelled
PO0004197,S0097,P00197,286,Created
PO0004198,S0098,P00198,287,Approved
PO0004199,S0099,P00199,288,Received
PO0004200,S0100,P00200,289,Cancelled
PO0004201,S0001,P00201,290,Created
PO0004202,S0002,P00202,291,Approved
PO0004203,S0003,P00203,292,Received
PO0004204,S0004,P00204,293,Cancelled
PO0004205,S0005,P00205,294,Created
PO0004206,S0006,P00206,295,Approved
PO0004207,S0007,P00207,296,Received
PO0004208,S0008,P00208,297,Cancelled
PO0004209,S0009,P00209,298,Created
PO0004210,S0010,P00210,299,Approved
PO0004211,S0011,P00211,300,Received
PO0004212,S0012,P00212,301,Cancelled
PO0004213,S0013,P00213,302,Created
PO0004214,S0014,P00214,303,Approved
PO0004215,S0015,P00215,304,Received
PO0004216,S0016,P00216,305,Cancelled
PO0004217,S0017,P00217,306,Created
PO0004218,S0018,P00218,307,Approved
PO0004219,S0019,P00219,308,Received
PO0004220,S0020,P00220,309,Cancelled
PO0004221,S0021,P00221,310,Created
PO0004222,S0022,P00222,311,Approved
PO0004223,S0023,P00223,312,Received
PO0004224,S0024,P00224,313,Cancelled
PO0004225,S0025,P00225,314,Created
PO0004226,S0026,P00226,315,Approved
PO0004227,S0027,P00227,316,Received
PO0004228,S0028,P00228,317,Cancelled
PO0004229,S0029,P00229,318,Created
PO0004230,S0030,P00230,319,Approved
PO0004231,S0031,P00231,320,Received
PO0004232,S0032,P00232,321,Cancelled
PO0004233,S0033,P00233,322,Created
PO0004234,S0034,P00234,323,Approved
PO0004235,S0035,P00235,324,Received
PO0004236,S0036,P00236,325,Cancelled
PO0004237,S0037,P00237,326,Created
PO0004238,S0038,P00238,327,Approved
PO0004239,S0039,P00239,328,Received
PO0004240,S0040,P00240,329,Cancelled
PO0004241,S0041,P00241,330,Created
PO0004242,S0042,P00242,331,Approved
PO0004243,S0043,P00243,332,Received
PO0004244,S0044,P00244,333,Cancelled
PO0004245,S0045,P00245,334,Created
PO0004246,S0046,P00246,335,Approved
PO0004247,S0047,P00247,336,Received
PO0004248,S0048,P00248,337,Cancelled
PO0004249,S0049,P00249,338,Created
PO0004250,S0050,P00250,339,Approved
PO0004251,S0051,P00251,340,Received
PO0004252,S0052,P00252,341,Cancelled
PO0004253,S0053,P00253,342,Created
PO0004254,S0054,P00254,343,Approved
PO0004255,S0055,P00255,344,Received
PO0004256,S0056,P00256,345,Cancelled
PO0004257,S0057,P00257,346,Created
PO0004258,S0058,P00258,347,Approved
PO0004259,S0059,P00259,348,Received
PO0004260,S0060,P00260,349,Cancelled
PO0004261,S0061,P00261,350,Created
PO0004262,S0062,P00262,351,Approved
PO0004263,S0063,P00263,352,Received
PO0004264,S0064,P00264,353,Cancelled
PO0004265,S0065,P00265,354,Created
PO0004266,S0066,P00266,355,Approved
PO0004267,S0067,P00267,356,Received
PO0004268,S0068,P00268,357,Cancelled
PO0004269,S0069,P00269,358,Created
PO0004270,S0070,P00270,359,Approved
PO0004271,S0071,P00271,360,Received
PO0004272,S0072,P00272,361,Cancelled
PO0004273,S0073,P00273,362,Created
PO0004274,S0074,P00274,363,Approved
PO0004275,S0075,P00275,364,Received
PO0004276,S0076,P00276,365,Cancelled
PO0004277,S0077,P00277,366,Created
PO0004278,S0078,P00278,367,Approved
PO0004279,S0079,P00279,368,Received
PO0004280,S0080,P00280,369,Cancelled
PO0004281,S0081,P00281,370,Created
PO0004282,S0082,P00282,371,Approved
PO0004283,S0083,P00283,372,Received
PO0004284,S0084,P00284,373,Cancelled
PO0004285,S0085,P00285,374,Created
PO0004286,S0086,P00286,375,Approved
PO0004287,S0087,P00287,376,Received
PO0004288,S0088,P00288,377,Cancelled
PO0004289,S0089,P00289,378,Created
PO0004290,S0090,P00290,379,Approved
PO0004291,S0091,P00291,380,Received
PO0004292,S0092,P00292,381,Cancelled
PO0004293,S0093,P00293,382,Created
PO0004294,S0094,P00294,383,Approved
PO0004295,S0095,P00295,384,Received
PO0004296,S0096,P00296,385,Cancelled
PO0004297,S0097,P00297,386,Created
PO0004298,S0098,P00298,387,Approved
PO0004299,S0099,P00299,388,Received
PO0004300,S0100,P00300,389,Cancelled
PO0004301,S0001,P00301,390,Created
PO0004302,S0002,P00302,391,Approved
PO0004303,S0003,P00303,392,Received
PO0004304,S0004,P00304,393,Cancelled
PO0004305,S0005,P00305,394,Created
PO0004306,S0006,P00306,395,Approved
PO0004307,S0007,P00307,396,Received
PO0004308,S0008,P00308,397,Cancelled
PO0004309,S0009,P00309,398,Created
PO0004310,S0010,P00310,399,Approved
PO0004311,S0011,P00311,400,Received
PO0004312,S0012,P00312,401,Cancelled
PO0004313,S0013,P00313,402,Created
PO0004314,S0014,P00314,403,Approved
PO0004315,S0015,P00315,404,Received
PO0004316,S0016,P00316,405,Cancelled
PO0004317,S0017,P00317,406,Created
PO0004318,S0018,P00318,407,Approved
PO0004319,S0019,P00319,408,Received
PO0004320,S0020,P00320,409,Cancelled
PO0004321,S0021,P00321,410,Created
PO0004322,S0022,P00322,411,Approved
PO0004323,S0023,P00323,412,Received
PO0004324,S0024,P00324,413,Cancelled
PO0004325,S0025,P00325,414,Created
PO0004326,S0026,P00326,415,Approved
PO0004327,S0027,P00327,416,Received
PO0004328,S0028,P00328,417,Cancelled
PO0004329,S0029,P00329,418,Created
PO0004330,S0030,P00330,419,Approved
PO0004331,S0031,P00331,420,Received
PO0004332,S0032,P00332,421,Cancelled
PO0004333,S0033,P00333,422,Created
PO0004334,S0034,P00334,423,Approved
PO0004335,S0035,P00335,424,Received
PO0004336,S0036,P00336,425,Cancelled
PO0004337,S0037,P00337,426,Created
PO0004338,S0038,P00338,427,Approved
PO0004339,S0039,P00339,428,Received
PO0004340,S0040,P00340,429,Cancelled
PO0004341,S0041,P00341,430,Created
PO0004342,S0042,P00342,431,Approved
PO0004343,S0043,P00343,432,Received
PO0004344,S0044,P00344,433,Cancelled
PO0004345,S0045,P00345,434,Created
PO0004346,S0046,P00346,435,Approved
PO0004347,S0047,P00347,436,Received
PO0004348,S0048,P00348,437,Cancelled
PO0004349,S0049,P00349,438,Created
PO0004350,S0050,P00350,439,Approved
PO0004351,S0051,P00351,440,Received
PO0004352,S0052,P00352,441,Cancelled
PO0004353,S0053,P00353,442,Created
PO0004354,S0054,P00354,443,Approved
PO0004355,S0055,P00355,444,Received
PO0004356,S0056,P00356,445,Cancelled
PO0004357,S0057,P00357,446,Created
PO0004358,S0058,P00358,447,Approved
PO0004359,S0059,P00359,448,Received
PO0004360,S0060,P00360,449,Cancelled
PO0004361,S0061,P00361,450,Created
PO0004362,S0062,P00362,451,Approved
PO0004363,S0063,P00363,452,Received
PO0004364,S0064,P00364,453,Cancelled
PO0004365,S0065,P00365,454,Created
PO0004366,S0066,P00366,455,Approved
PO0004367,S0067,P00367,456,Received
PO0004368,S0068,P00368,457,Cancelled
PO0004369,S0069,P00369,458,Created
PO0004370,S0070,P00370,459,Approved
PO0004371,S0071,P00371,460,Received
PO0004372,S0072,P00372,461,Cancelled
PO0004373,S0073,P00373,462,Created
PO0004374,S0074,P00374,463,Approved
PO0004375,S0075,P00375,464,Received
PO0004376,S0076,P00376,465,Cancelled
PO0004377,S0077,P00377,466,Created
PO0004378,S0078,P00378,467,Approved
PO0004379,S0079,P00379,468,Received
PO0004380,S0080,P00380,469,Cancelled
PO0004381,S0081,P00381,470,Created
PO0004382,S0082,P00382,471,Approved
PO0004383,S0083,P00383,472,Received
PO0004384,S0084,P00384,473,Cancelled
PO0004385,S0085,P00385,474,Created
PO0004386,S0086,P00386,475,Approved
PO0004387,S0087,P00387,476,Received
PO0004388,S0088,P00388,477,Cancelled
PO0004389,S0089,P00389,478,Created
PO0004390,S0090,P00390,479,Approved
PO0004391,S0091,P00391,480,Received
PO0004392,S0092,P00392,481,Cancelled
PO0004393,S0093,P00393,482,Created
PO0004394,S0094,P00394,483,Approved
PO0004395,S0095,P00395,484,Received
PO0004396,S0096,P00396,485,Cancelled
PO0004397,S0097,P00397,486,Created
PO0004398,S0098,P00398,487,Approved
PO0004399,S0099,P00399,488,Received
PO0004400,S0100,P00400,489,Cancelled
PO0004401,S0001,P00401,490,Created
PO0004402,S0002,P00402,491,Approved
PO0004403,S0003,P00403,492,Received
PO0004404,S0004,P00404,493,Cancelled
PO0004405,S0005,P00405,494,Created
PO0004406,S0006,P00406,495,Approved
PO0004407,S0007,P00407,496,Received
PO0004408,S0008,P00408,497,Cancelled
PO0004409,S0009,P00409,498,Created
PO0004410,S0010,P00410,499,Approved
PO0004411,S0011,P00411,10,Received
PO0004412,S0012,P00412,11,Cancelled
PO0004413,S0013,P00413,12,Created
PO0004414,S0014,P00414,13,Approved
PO0004415,S0015,P00415,14,Received
PO0004416,S0016,P00416,15,Cancelled
PO0004417,S0017,P00417,16,Created
PO0004418,S0018,P00418,17,Approved
PO0004419,S0019,P00419,18,Received
PO0004420,S0020,P00420,19,Cancelled
PO0004421,S0021,P00421,20,Created
PO0004422,S0022,P00422,21,Approved
PO0004423,S0023,P00423,22,Received
PO0004424,S0024,P00424,23,Cancelled
PO0004425,S0025,P00425,24,Created
PO0004426,S0026,P00426,25,Approved
PO0004427,S0027,P00427,26,Received
PO0004428,S0028,P00428,27,Cancelled
PO0004429,S0029,P00429,28,Created
PO0004430,S0030,P00430,29,Approved
PO0004431,S0031,P00431,30,Received
PO0004432,S0032,P00432,31,Cancelled
PO0004433,S0033,P00433,32,Created
PO0004434,S0034,P00434,33,Approved
PO0004435,S0035,P00435,34,Received
PO0004436,S0036,P00436,35,Cancelled
PO0004437,S0037,P00437,36,Created
PO0004438,S0038,P00438,37,Approved
PO0004439,S0039,P00439,38,Received
PO0004440,S0040,P00440,39,Cancelled
PO0004441,S0041,P00441,40,Created
PO0004442,S0042,P00442,41,Approved
PO0004443,S0043,P00443,42,Received
PO0004444,S0044,P00444,43,Cancelled
PO0004445,S0045,P00445,44,Created
PO0004446,S0046,P00446,45,Approved
PO0004447,S0047,P00447,46,Received
PO0004448,S0048,P00448,47,Cancelled
PO0004449,S0049,P00449,48,Created
PO0004450,S0050,P00450,49,Approved
PO0004451,S0051,P00451,50,Received
PO0004452,S0052,P00452,51,Cancelled
PO0004453,S0053,P00453,52,Created
PO0004454,S0054,P00454,53,Approved
PO0004455,S0055,P00455,54,Received
PO0004456,S0056,P00456,55,Cancelled
PO0004457,S0057,P00457,56,Created
PO0004458,S0058,P00458,57,Approved
PO0004459,S0059,P00459,58,Received
PO0004460,S0060,P00460,59,Cancelled
PO0004461,S0061,P00461,60,Created
PO0004462,S0062,P00462,61,Approved
PO0004463,S0063,P00463,62,Received
PO0004464,S0064,P00464,63,Cancelled
PO0004465,S0065,P00465,64,Created
PO0004466,S0066,P00466,65,Approved
PO0004467,S0067,P00467,66,Received
PO0004468,S0068,P00468,67,Cancelled
PO0004469,S0069,P00469,68,Created
PO0004470,S0070,P00470,69,Approved
PO0004471,S0071,P00471,70,Received
PO0004472,S0072,P00472,71,Cancelled
PO0004473,S0073,P00473,72,Created
PO0004474,S0074,P00474,73,Approved
PO0004475,S0075,P00475,74,Received
PO0004476,S0076,P00476,75,Cancelled
PO0004477,S0077,P00477,76,Created
PO0004478,S0078,P00478,77,Approved
PO0004479,S0079,P00479,78,Received
PO0004480,S0080,P00480,79,Cancelled
PO0004481,S0081,P00481,80,Created
PO0004482,S0082,P00482,81,Approved
PO0004483,S0083,P00483,82,Received
PO0004484,S0084,P00484,83,Cancelled
PO0004485,S0085,P00485,84,Created
PO0004486,S0086,P00486,85,Approved
PO0004487,S0087,P00487,86,Received
PO0004488,S0088,P00488,87,Cancelled
PO0004489,S0089,P00489,88,Created
PO0004490,S0090,P00490,89,Approved
PO0004491,S0091,P00491,90,Received
PO0004492,S0092,P00492,91,Cancelled
PO0004493,S0093,P00493,92,Created
PO0004494,S0094,P00494,93,Approved
PO0004495,S0095,P00495,94,Received
PO0004496,S0096,P00496,95,Cancelled
PO0004497,S0097,P00497,96,Created
PO0004498,S0098,P00498,97,Approved
PO0004499,S0099,P00499,98,Received
PO0004500,S0100,P00500,99,Cancelled
PO0004501,S0001,P00501,100,Created
PO0004502,S0002,P00502,101,Approved
PO0004503,S0003,P00503,102,Received
PO0004504,S0004,P00504,103,Cancelled
PO0004505,S0005,P00505,104,Created
PO0004506,S0006,P00506,105,Approved
PO0004507,S0007,P00507,106,Received
PO0004508,S0008,P00508,107,Cancelled
PO0004509,S0009,P00509,108,Created
PO0004510,S0010,P00510,109,Approved
PO0004511,S0011,P00511,110,Received
PO0004512,S0012,P00512,111,Cancelled
PO0004513,S0013,P00513,112,Created
PO0004514,S0014,P00514,113,Approved
PO0004515,S0015,P00515,114,Received
PO0004516,S0016,P00516,115,Cancelled
PO0004517,S0017,P00517,116,Created
PO0004518,S0018,P00518,117,Approved
PO0004519,S0019,P00519,118,Received
PO0004520,S0020,P00520,119,Cancelled
PO0004521,S0021,P00521,120,Created
PO0004522,S0022,P00522,121,Approved
PO0004523,S0023,P00523,122,Received
PO0004524,S0024,P00524,123,Cancelled
PO0004525,S0025,P00525,124,Created
PO0004526,S0026,P00526,125,Approved
PO0004527,S0027,P00527,126,Received
PO0004528,S0028,P00528,127,Cancelled
PO0004529,S0029,P00529,128,Created
PO0004530,S0030,P00530,129,Approved
PO0004531,S0031,P00531,130,Received
PO0004532,S0032,P00532,131,Cancelled
PO0004533,S0033,P00533,132,Created
PO0004534,S0034,P00534,133,Approved
PO0004535,S0035,P00535,134,Received
PO0004536,S0036,P00536,135,Cancelled
PO0004537,S0037,P00537,136,Created
PO0004538,S0038,P00538,137,Approved
PO0004539,S0039,P00539,138,Received
PO0004540,S0040,P00540,139,Cancelled
PO0004541,S0041,P00541,140,Created
PO0004542,S0042,P00542,141,Approved
PO0004543,S0043,P00543,142,Received
PO0004544,S0044,P00544,143,Cancelled
PO0004545,S0045,P00545,144,Created
PO0004546,S0046,P00546,145,Approved
PO0004547,S0047,P00547,146,Received
PO0004548,S0048,P00548,147,Cancelled
PO0004549,S0049,P00549,148,Created
PO0004550,S0050,P00550,149,Approved
PO0004551,S0051,P00551,150,Received
PO0004552,S0052,P00552,151,Cancelled
PO0004553,S0053,P00553,152,Created
PO0004554,S0054,P00554,153,Approved
PO0004555,S0055,P00555,154,Received
PO0004556,S0056,P00556,155,Cancelled
PO0004557,S0057,P00557,156,Created
PO0004558,S0058,P00558,157,Approved
PO0004559,S0059,P00559,158,Received
PO0004560,S0060,P00560,159,Cancelled
PO0004561,S0061,P00561,160,Created
PO0004562,S0062,P00562,161,Approved
PO0004563,S0063,P00563,162,Received
PO0004564,S0064,P00564,163,Cancelled
PO0004565,S0065,P00565,164,Created
PO0004566,S0066,P00566,165,Approved
PO0004567,S0067,P00567,166,Received
PO0004568,S0068,P00568,167,Cancelled
PO0004569,S0069,P00569,168,Created
PO0004570,S0070,P00570,169,Approved
PO0004571,S0071,P00571,170,Received
PO0004572,S0072,P00572,171,Cancelled
PO0004573,S0073,P00573,172,Created
PO0004574,S0074,P00574,173,Approved
PO0004575,S0075,P00575,174,Received
PO0004576,S0076,P00576,175,Cancelled
PO0004577,S0077,P00577,176,Created
PO0004578,S0078,P00578,177,Approved
PO0004579,S0079,P00579,178,Received
PO0004580,S0080,P00580,179,Cancelled
PO0004581,S0081,P00581,180,Created
PO0004582,S0082,P00582,181,Approved
PO0004583,S0083,P00583,182,Received
PO0004584,S0084,P00584,183,Cancelled
PO0004585,S0085,P00585,184,Created
PO0004586,S0086,P00586,185,Approved
PO0004587,S0087,P00587,186,Received
PO0004588,S0088,P00588,187,Cancelled
PO0004589,S0089,P00589,188,Created
PO0004590,S0090,P00590,189,Approved
PO0004591,S0091,P00591,190,Received
PO0004592,S0092,P00592,191,Cancelled
PO0004593,S0093,P00593,192,Created
PO0004594,S0094,P00594,193,Approved
PO0004595,S0095,P00595,194,Received
PO0004596,S0096,P00596,195,Cancelled
PO0004597,S0097,P00597,196,Created
PO0004598,S0098,P00598,197,Approved
PO0004599,S0099,P00599,198,Received
PO0004600,S0100,P00600,199,Cancelled
PO0004601,S0001,P00601,200,Created
PO0004602,S0002,P00602,201,Approved
PO0004603,S0003,P00603,202,Received
PO0004604,S0004,P00604,203,Cancelled
PO0004605,S0005,P00605,204,Created
PO0004606,S0006,P00606,205,Approved
PO0004607,S0007,P00607,206,Received
PO0004608,S0008,P00608,207,Cancelled
PO0004609,S0009,P00609,208,Created
PO0004610,S0010,P00610,209,Approved
PO0004611,S0011,P00611,210,Received
PO0004612,S0012,P00612,211,Cancelled
PO0004613,S0013,P00613,212,Created
PO0004614,S0014,P00614,213,Approved
PO0004615,S0015,P00615,214,Received
PO0004616,S0016,P00616,215,Cancelled
PO0004617,S0017,P00617,216,Created
PO0004618,S0018,P00618,217,Approved
PO0004619,S0019,P00619,218,Received
PO0004620,S0020,P00620,219,Cancelled
PO0004621,S0021,P00621,220,Created
PO0004622,S0022,P00622,221,Approved
PO0004623,S0023,P00623,222,Received
PO0004624,S0024,P00624,223,Cancelled
PO0004625,S0025,P00625,224,Created
PO0004626,S0026,P00626,225,Approved
PO0004627,S0027,P00627,226,Received
PO0004628,S0028,P00628,227,Cancelled
PO0004629,S0029,P00629,228,Created
PO0004630,S0030,P00630,229,Approved
PO0004631,S0031,P00631,230,Received
PO0004632,S0032,P00632,231,Cancelled
PO0004633,S0033,P00633,232,Created
PO0004634,S0034,P00634,233,Approved
PO0004635,S0035,P00635,234,Received
PO0004636,S0036,P00636,235,Cancelled
PO0004637,S0037,P00637,236,Created
PO0004638,S0038,P00638,237,Approved
PO0004639,S0039,P00639,238,Received
PO0004640,S0040,P00640,239,Cancelled
PO0004641,S0041,P00641,240,Created
PO0004642,S0042,P00642,241,Approved
PO0004643,S0043,P00643,242,Received
PO0004644,S0044,P00644,243,Cancelled
PO0004645,S0045,P00645,244,Created
PO0004646,S0046,P00646,245,Approved
PO0004647,S0047,P00647,246,Received
PO0004648,S0048,P00648,247,Cancelled
PO0004649,S0049,P00649,248,Created
PO0004650,S0050,P00650,249,Approved
PO0004651,S0051,P00651,250,Received
PO0004652,S0052,P00652,251,Cancelled
PO0004653,S0053,P00653,252,Created
PO0004654,S0054,P00654,253,Approved
PO0004655,S0055,P00655,254,Received
PO0004656,S0056,P00656,255,Cancelled
PO0004657,S0057,P00657,256,Created
PO0004658,S0058,P00658,257,Approved
PO0004659,S0059,P00659,258,Received
PO0004660,S0060,P00660,259,Cancelled
PO0004661,S0061,P00661,260,Created
PO0004662,S0062,P00662,261,Approved
PO0004663,S0063,P00663,262,Received
PO0004664,S0064,P00664,263,Cancelled
PO0004665,S0065,P00665,264,Created
PO0004666,S0066,P00666,265,Approved
PO0004667,S0067,P00667,266,Received
PO0004668,S0068,P00668,267,Cancelled
PO0004669,S0069,P00669,268,Created
PO0004670,S0070,P00670,269,Approved
PO0004671,S0071,P00671,270,Received
PO0004672,S0072,P00672,271,Cancelled
PO0004673,S0073,P00673,272,Created
PO0004674,S0074,P00674,273,Approved
PO0004675,S0075,P00675,274,Received
PO0004676,S0076,P00676,275,Cancelled
PO0004677,S0077,P00677,276,Created
PO0004678,S0078,P00678,277,Approved
PO0004679,S0079,P00679,278,Received
PO0004680,S0080,P00680,279,Cancelled
PO0004681,S0081,P00681,280,Created
PO0004682,S0082,P00682,281,Approved
PO0004683,S0083,P00683,282,Received
PO0004684,S0084,P00684,283,Cancelled
PO0004685,S0085,P00685,284,Created
PO0004686,S0086,P00686,285,Approved
PO0004687,S0087,P00687,286,Received
PO0004688,S0088,P00688,287,Cancelled
PO0004689,S0089,P00689,288,Created
PO0004690,S0090,P00690,289,Approved
PO0004691,S0091,P00691,290,Received
PO0004692,S0092,P00692,291,Cancelled
PO0004693,S0093,P00693,292,Created
PO0004694,S0094,P00694,293,Approved
PO0004695,S0095,P00695,294,Received
PO0004696,S0096,P00696,295,Cancelled
PO0004697,S0097,P00697,296,Created
PO0004698,S0098,P00698,297,Approved
PO0004699,S0099,P00699,298,Received
PO0004700,S0100,P00700,299,Cancelled
PO0004701,S0001,P00701,300,Created
PO0004702,S0002,P00702,301,Approved
PO0004703,S0003,P00703,302,Received
PO0004704,S0004,P00704,303,Cancelled
PO0004705,S0005,P00705,304,Created
PO0004706,S0006,P00706,305,Approved
PO0004707,S0007,P00707,306,Received
PO0004708,S0008,P00708,307,Cancelled
PO0004709,S0009,P00709,308,Created
PO0004710,S0010,P00710,309,Approved
PO0004711,S0011,P00711,310,Received
PO0004712,S0012,P00712,311,Cancelled
PO0004713,S0013,P00713,312,Created
PO0004714,S0014,P00714,313,Approved
PO0004715,S0015,P00715,314,Received
PO0004716,S0016,P00716,315,Cancelled
PO0004717,S0017,P00717,316,Created
PO0004718,S0018,P00718,317,Approved
PO0004719,S0019,P00719,318,Received
PO0004720,S0020,P00720,319,Cancelled
PO0004721,S0021,P00721,320,Created
PO0004722,S0022,P00722,321,Approved
PO0004723,S0023,P00723,322,Received
PO0004724,S0024,P00724,323,Cancelled
PO0004725,S0025,P00725,324,Created
PO0004726,S0026,P00726,325,Approved
PO0004727,S0027,P00727,326,Received
PO0004728,S0028,P00728,327,Cancelled
PO0004729,S0029,P00729,328,Created
PO0004730,S0030,P00730,329,Approved
PO0004731,S0031,P00731,330,Received
PO0004732,S0032,P00732,331,Cancelled
PO0004733,S0033,P00733,332,Created
PO0004734,S0034,P00734,333,Approved
PO0004735,S0035,P00735,334,Received
PO0004736,S0036,P00736,335,Cancelled
PO0004737,S0037,P00737,336,Created
PO0004738,S0038,P00738,337,Approved
PO0004739,S0039,P00739,338,Received
PO0004740,S0040,P00740,339,Cancelled
PO0004741,S0041,P00741,340,Created
PO0004742,S0042,P00742,341,Approved
PO0004743,S0043,P00743,342,Received
PO0004744,S0044,P00744,343,Cancelled
PO0004745,S0045,P00745,344,Created
PO0004746,S0046,P00746,345,Approved
PO0004747,S0047,P00747,346,Received
PO0004748,S0048,P00748,347,Cancelled
PO0004749,S0049,P00749,348,Created
PO0004750,S0050,P00750,349,Approved
PO0004751,S0051,P00751,350,Received
PO0004752,S0052,P00752,351,Cancelled
PO0004753,S0053,P00753,352,Created
PO0004754,S0054,P00754,353,Approved
PO0004755,S0055,P00755,354,Received
PO0004756,S0056,P00756,355,Cancelled
PO0004757,S0057,P00757,356,Created
PO0004758,S0058,P00758,357,Approved
PO0004759,S0059,P00759,358,Received
PO0004760,S0060,P00760,359,Cancelled
PO0004761,S0061,P00761,360,Created
PO0004762,S0062,P00762,361,Approved
PO0004763,S0063,P00763,362,Received
PO0004764,S0064,P00764,363,Cancelled
PO0004765,S0065,P00765,364,Created
PO0004766,S0066,P00766,365,Approved
PO0004767,S0067,P00767,366,Received
PO0004768,S0068,P00768,367,Cancelled
PO0004769,S0069,P00769,368,Created
PO0004770,S0070,P00770,369,Approved
PO0004771,S0071,P00771,370,Received
PO0004772,S0072,P00772,371,Cancelled
PO0004773,S0073,P00773,372,Created
PO0004774,S0074,P00774,373,Approved
PO0004775,S0075,P00775,374,Received
PO0004776,S0076,P00776,375,Cancelled
PO0004777,S0077,P00777,376,Created
PO0004778,S0078,P00778,377,Approved
PO0004779,S0079,P00779,378,Received
PO0004780,S0080,P00780,379,Cancelled
PO0004781,S0081,P00781,380,Created
PO0004782,S0082,P00782,381,Approved
PO0004783,S0083,P00783,382,Received
PO0004784,S0084,P00784,383,Cancelled
PO0004785,S0085,P00785,384,Created
PO0004786,S0086,P00786,385,Approved
PO0004787,S0087,P00787,386,Received
PO0004788,S0088,P00788,387,Cancelled
PO0004789,S0089,P00789,388,Created
PO0004790,S0090,P00790,389,Approved
PO0004791,S0091,P00791,390,Received
PO0004792,S0092,P00792,391,Cancelled
PO0004793,S0093,P00793,392,Created
PO0004794,S0094,P00794,393,Approved
PO0004795,S0095,P00795,394,Received
PO0004796,S0096,P00796,395,Cancelled
PO0004797,S0097,P00797,396,Created
PO0004798,S0098,P00798,397,Approved
PO0004799,S0099,P00799,398,Received
PO0004800,S0100,P00800,399,Cancelled
PO0004801,S0001,P00801,400,Created
PO0004802,S0002,P00802,401,Approved
PO0004803,S0003,P00803,402,Received
PO0004804,S0004,P00804,403,Cancelled
PO0004805,S0005,P00805,404,Created
PO0004806,S0006,P00806,405,Approved
PO0004807,S0007,P00807,406,Received
PO0004808,S0008,P00808,407,Cancelled
PO0004809,S0009,P00809,408,Created
PO0004810,S0010,P00810,409,Approved
PO0004811,S0011,P00811,410,Received
PO0004812,S0012,P00812,411,Cancelled
PO0004813,S0013,P00813,412,Created
PO0004814,S0014,P00814,413,Approved
PO0004815,S0015,P00815,414,Received
PO0004816,S0016,P00816,415,Cancelled
PO0004817,S0017,P00817,416,Created
PO0004818,S0018,P00818,417,Approved
PO0004819,S0019,P00819,418,Received
PO0004820,S0020,P00820,419,Cancelled
PO0004821,S0021,P00821,420,Created
PO0004822,S0022,P00822,421,Approved
PO0004823,S0023,P00823,422,Received
PO0004824,S0024,P00824,423,Cancelled
PO0004825,S0025,P00825,424,Created
PO0004826,S0026,P00826,425,Approved
PO0004827,S0027,P00827,426,Received
PO0004828,S0028,P00828,427,Cancelled
PO0004829,S0029,P00829,428,Created
PO0004830,S0030,P00830,429,Approved
PO0004831,S0031,P00831,430,Received
PO0004832,S0032,P00832,431,Cancelled
PO0004833,S0033,P00833,432,Created
PO0004834,S0034,P00834,433,Approved
PO0004835,S0035,P00835,434,Received
PO0004836,S0036,P00836,435,Cancelled
PO0004837,S0037,P00837,436,Created
PO0004838,S0038,P00838,437,Approved
PO0004839,S0039,P00839,438,Received
PO0004840,S0040,P00840,439,Cancelled
PO0004841,S0041,P00841,440,Created
PO0004842,S0042,P00842,441,Approved
PO0004843,S0043,P00843,442,Received
PO0004844,S0044,P00844,443,Cancelled
PO0004845,S0045,P00845,444,Created
PO0004846,S0046,P00846,445,Approved
PO0004847,S0047,P00847,446,Received
PO0004848,S0048,P00848,447,Cancelled
PO0004849,S0049,P00849,448,Created
PO0004850,S0050,P00850,449,Approved
PO0004851,S0051,P00851,450,Received
PO0004852,S0052,P00852,451,Cancelled
PO0004853,S0053,P00853,452,Created
PO0004854,S0054,P00854,453,Approved
PO0004855,S0055,P00855,454,Received
PO0004856,S0056,P00856,455,Cancelled
PO0004857,S0057,P00857,456,Created
PO0004858,S0058,P00858,457,Approved
PO0004859,S0059,P00859,458,Received
PO0004860,S0060,P00860,459,Cancelled
PO0004861,S0061,P00861,460,Created
PO0004862,S0062,P00862,461,Approved
PO0004863,S0063,P00863,462,Received
PO0004864,S0064,P00864,463,Cancelled
PO0004865,S0065,P00865,464,Created
PO0004866,S0066,P00866,465,Approved
PO0004867,S0067,P00867,466,Received
PO0004868,S0068,P00868,467,Cancelled
PO0004869,S0069,P00869,468,Created
PO0004870,S0070,P00870,469,Approved
PO0004871,S0071,P00871,470,Received
PO0004872,S0072,P00872,471,Cancelled
PO0004873,S0073,P00873,472,Created
PO0004874,S0074,P00874,473,Approved
PO0004875,S0075,P00875,474,Received
PO0004876,S0076,P00876,475,Cancelled
PO0004877,S0077,P00877,476,Created
PO0004878,S0078,P00878,477,Approved
PO0004879,S0079,P00879,478,Received
PO0004880,S0080,P00880,479,Cancelled
PO0004881,S0081,P00881,480,Created
PO0004882,S0082,P00882,481,Approved
PO0004883,S0083,P00883,482,Received
PO0004884,S0084,P00884,483,Cancelled
PO0004885,S0085,P00885,484,Created
PO0004886,S0086,P00886,485,Approved
PO0004887,S0087,P00887,486,Received
PO0004888,S0088,P00888,487,Cancelled
PO0004889,S0089,P00889,488,Created
PO0004890,S0090,P00890,489,Approved
PO0004891,S0091,P00891,490,Received
PO0004892,S0092,P00892,491,Cancelled
PO0004893,S0093,P00893,492,Created
PO0004894,S0094,P00894,493,Approved
PO0004895,S0095,P00895,494,Received
PO0004896,S0096,P00896,495,Cancelled
PO0004897,S0097,P00897,496,Created
PO0004898,S0098,P00898,497,Approved
PO0004899,S0099,P00899,498,Received
PO0004900,S0100,P00900,499,Cancelled
PO0004901,S0001,P00901,10,Created
PO0004902,S0002,P00902,11,Approved
PO0004903,S0003,P00903,12,Received
PO0004904,S0004,P00904,13,Cancelled
PO0004905,S0005,P00905,14,Created
PO0004906,S0006,P00906,15,Approved
PO0004907,S0007,P00907,16,Received
PO0004908,S0008,P00908,17,Cancelled
PO0004909,S0009,P00909,18,Created
PO0004910,S0010,P00910,19,Approved
PO0004911,S0011,P00911,20,Received
PO0004912,S0012,P00912,21,Cancelled
PO0004913,S0013,P00913,22,Created
PO0004914,S0014,P00914,23,Approved
PO0004915,S0015,P00915,24,Received
PO0004916,S0016,P00916,25,Cancelled
PO0004917,S0017,P00917,26,Created
PO0004918,S0018,P00918,27,Approved
PO0004919,S0019,P00919,28,Received
PO0004920,S0020,P00920,29,Cancelled
PO0004921,S0021,P00921,30,Created
PO0004922,S0022,P00922,31,Approved
PO0004923,S0023,P00923,32,Received
PO0004924,S0024,P00924,33,Cancelled
PO0004925,S0025,P00925,34,Created
PO0004926,S0026,P00926,35,Approved
PO0004927,S0027,P00927,36,Received
PO0004928,S0028,P00928,37,Cancelled
PO0004929,S0029,P00929,38,Created
PO0004930,S0030,P00930,39,Approved
PO0004931,S0031,P00931,40,Received
PO0004932,S0032,P00932,41,Cancelled
PO0004933,S0033,P00933,42,Created
PO0004934,S0034,P00934,43,Approved
PO0004935,S0035,P00935,44,Received
PO0004936,S0036,P00936,45,Cancelled
PO0004937,S0037,P00937,46,Created
PO0004938,S0038,P00938,47,Approved
PO0004939,S0039,P00939,48,Received
PO0004940,S0040,P00940,49,Cancelled
PO0004941,S0041,P00941,50,Created
PO0004942,S0042,P00942,51,Approved
PO0004943,S0043,P00943,52,Received
PO0004944,S0044,P00944,53,Cancelled
PO0004945,S0045,P00945,54,Created
PO0004946,S0046,P00946,55,Approved
PO0004947,S0047,P00947,56,Received
PO0004948,S0048,P00948,57,Cancelled
PO0004949,S0049,P00949,58,Created
PO0004950,S0050,P00950,59,Approved
PO0004951,S0051,P00951,60,Received
PO0004952,S0052,P00952,61,Cancelled
PO0004953,S0053,P00953,62,Created
PO0004954,S0054,P00954,63,Approved
PO0004955,S0055,P00955,64,Received
PO0004956,S0056,P00956,65,Cancelled
PO0004957,S0057,P00957,66,Created
PO0004958,S0058,P00958,67,Approved
PO0004959,S0059,P00959,68,Received
PO0004960,S0060,P00960,69,Cancelled
PO0004961,S0061,P00961,70,Created
PO0004962,S0062,P00962,71,Approved
PO0004963,S0063,P00963,72,Received
PO0004964,S0064,P00964,73,Cancelled
PO0004965,S0065,P00965,74,Created
PO0004966,S0066,P00966,75,Approved
PO0004967,S0067,P00967,76,Received
PO0004968,S0068,P00968,77,Cancelled
PO0004969,S0069,P00969,78,Created
PO0004970,S0070,P00970,79,Approved
PO0004971,S0071,P00971,80,Received
PO0004972,S0072,P00972,81,Cancelled
PO0004973,S0073,P00973,82,Created
PO0004974,S0074,P00974,83,Approved
PO0004975,S0075,P00975,84,Received
PO0004976,S0076,P00976,85,Cancelled
PO0004977,S0077,P00977,86,Created
PO0004978,S0078,P00978,87,Approved
PO0004979,S0079,P00979,88,Received
PO0004980,S0080,P00980,89,Cancelled
PO0004981,S0081,P00981,90,Created
PO0004982,S0082,P00982,91,Approved
PO0004983,S0083,P00983,92,Received
PO0004984,S0084,P00984,93,Cancelled
PO0004985,S0085,P00985,94,Created
PO0004986,S0086,P00986,95,Approved
PO0004987,S0087,P00987,96,Received
PO0004988,S0088,P00988,97,Cancelled
PO0004989,S0089,P00989,98,Created
PO0004990,S0090,P00990,99,Approved
PO0004991,S0091,P00991,100,Received
PO0004992,S0092,P00992,101,Cancelled
PO0004993,S0093,P00993,102,Created
PO0004994,S0094,P00994,103,Approved
PO0004995,S0095,P00995,104,Received
PO0004996,S0096,P00996,105,Cancelled
PO0004997,S0097,P00997,106,Created
PO0004998,S0098,P00998,107,Approved
PO0004999,S0099,P00999,108,Received
PO0005000,S0100,P01000,109,Cancelled
PO0005001,S0001,P00001,110,Created
PO0005002,S0002,P00002,111,Approved
PO0005003,S0003,P00003,112,Received
PO0005004,S0004,P00004,113,Cancelled
PO0005005,S0005,P00005,114,Created
PO0005006,S0006,P00006,115,Approved
PO0005007,S0007,P00007,116,Received
PO0005008,S0008,P00008,117,Cancelled
PO0005009,S0009,P00009,118,Created
PO0005010,S0010,P00010,119,Approved
PO0005011,S0011,P00011,120,Received
PO0005012,S0012,P00012,121,Cancelled
PO0005013,S0013,P00013,122,Created
PO0005014,S0014,P00014,123,Approved
PO0005015,S0015,P00015,124,Received
PO0005016,S0016,P00016,125,Cancelled
PO0005017,S0017,P00017,126,Created
PO0005018,S0018,P00018,127,Approved
PO0005019,S0019,P00019,128,Received
PO0005020,S0020,P00020,129,Cancelled
PO0005021,S0021,P00021,130,Created
PO0005022,S0022,P00022,131,Approved
PO0005023,S0023,P00023,132,Received
PO0005024,S0024,P00024,133,Cancelled
PO0005025,S0025,P00025,134,Created
PO0005026,S0026,P00026,135,Approved
PO0005027,S0027,P00027,136,Received
PO0005028,S0028,P00028,137,Cancelled
PO0005029,S0029,P00029,138,Created
PO0005030,S0030,P00030,139,Approved
PO0005031,S0031,P00031,140,Received
PO0005032,S0032,P00032,141,Cancelled
PO0005033,S0033,P00033,142,Created
PO0005034,S0034,P00034,143,Approved
PO0005035,S0035,P00035,144,Received
PO0005036,S0036,P00036,145,Cancelled
PO0005037,S0037,P00037,146,Created
PO0005038,S0038,P00038,147,Approved
PO0005039,S0039,P00039,148,Received
PO0005040,S0040,P00040,149,Cancelled
PO0005041,S0041,P00041,150,Created
PO0005042,S0042,P00042,151,Approved
PO0005043,S0043,P00043,152,Received
PO0005044,S0044,P00044,153,Cancelled
PO0005045,S0045,P00045,154,Created
PO0005046,S0046,P00046,155,Approved
PO0005047,S0047,P00047,156,Received
PO0005048,S0048,P00048,157,Cancelled
PO0005049,S0049,P00049,158,Created
PO0005050,S0050,P00050,159,Approved
PO0005051,S0051,P00051,160,Received
PO0005052,S0052,P00052,161,Cancelled
PO0005053,S0053,P00053,162,Created
PO0005054,S0054,P00054,163,Approved
PO0005055,S0055,P00055,164,Received
PO0005056,S0056,P00056,165,Cancelled
PO0005057,S0057,P00057,166,Created
PO0005058,S0058,P00058,167,Approved
PO0005059,S0059,P00059,168,Received
PO0005060,S0060,P00060,169,Cancelled
PO0005061,S0061,P00061,170,Created
PO0005062,S0062,P00062,171,Approved
PO0005063,S0063,P00063,172,Received
PO0005064,S0064,P00064,173,Cancelled
PO0005065,S0065,P00065,174,Created
PO0005066,S0066,P00066,175,Approved
PO0005067,S0067,P00067,176,Received
PO0005068,S0068,P00068,177,Cancelled
PO0005069,S0069,P00069,178,Created
PO0005070,S0070,P00070,179,Approved
PO0005071,S0071,P00071,180,Received
PO0005072,S0072,P00072,181,Cancelled
PO0005073,S0073,P00073,182,Created
PO0005074,S0074,P00074,183,Approved
PO0005075,S0075,P00075,184,Received
PO0005076,S0076,P00076,185,Cancelled
PO0005077,S0077,P00077,186,Created
PO0005078,S0078,P00078,187,Approved
PO0005079,S0079,P00079,188,Received
PO0005080,S0080,P00080,189,Cancelled
PO0005081,S0081,P00081,190,Created
PO0005082,S0082,P00082,191,Approved
PO0005083,S0083,P00083,192,Received
PO0005084,S0084,P00084,193,Cancelled
PO0005085,S0085,P00085,194,Created
PO0005086,S0086,P00086,195,Approved
PO0005087,S0087,P00087,196,Received
PO0005088,S0088,P00088,197,Cancelled
PO0005089,S0089,P00089,198,Created
PO0005090,S0090,P00090,199,Approved
PO0005091,S0091,P00091,200,Received
PO0005092,S0092,P00092,201,Cancelled
PO0005093,S0093,P00093,202,Created
PO0005094,S0094,P00094,203,Approved
PO0005095,S0095,P00095,204,Received
PO0005096,S0096,P00096,205,Cancelled
PO0005097,S0097,P00097,206,Created
PO0005098,S0098,P00098,207,Approved
PO0005099,S0099,P00099,208,Received
PO0005100,S0100,P00100,209,Cancelled
PO0005101,S0001,P00101,210,Created
PO0005102,S0002,P00102,211,Approved
PO0005103,S0003,P00103,212,Received
PO0005104,S0004,P00104,213,Cancelled
PO0005105,S0005,P00105,214,Created
PO0005106,S0006,P00106,215,Approved
PO0005107,S0007,P00107,216,Received
PO0005108,S0008,P00108,217,Cancelled
PO0005109,S0009,P00109,218,Created
PO0005110,S0010,P00110,219,Approved
PO0005111,S0011,P00111,220,Received
PO0005112,S0012,P00112,221,Cancelled
PO0005113,S0013,P00113,222,Created
PO0005114,S0014,P00114,223,Approved
PO0005115,S0015,P00115,224,Received
PO0005116,S0016,P00116,225,Cancelled
PO0005117,S0017,P00117,226,Created
PO0005118,S0018,P00118,227,Approved
PO0005119,S0019,P00119,228,Received
PO0005120,S0020,P00120,229,Cancelled
PO0005121,S0021,P00121,230,Created
PO0005122,S0022,P00122,231,Approved
PO0005123,S0023,P00123,232,Received
PO0005124,S0024,P00124,233,Cancelled
PO0005125,S0025,P00125,234,Created
PO0005126,S0026,P00126,235,Approved
PO0005127,S0027,P00127,236,Received
PO0005128,S0028,P00128,237,Cancelled
PO0005129,S0029,P00129,238,Created
PO0005130,S0030,P00130,239,Approved
PO0005131,S0031,P00131,240,Received
PO0005132,S0032,P00132,241,Cancelled
PO0005133,S0033,P00133,242,Created
PO0005134,S0034,P00134,243,Approved
PO0005135,S0035,P00135,244,Received
PO0005136,S0036,P00136,245,Cancelled
PO0005137,S0037,P00137,246,Created
PO0005138,S0038,P00138,247,Approved
PO0005139,S0039,P00139,248,Received
PO0005140,S0040,P00140,249,Cancelled
PO0005141,S0041,P00141,250,Created
PO0005142,S0042,P00142,251,Approved
PO0005143,S0043,P00143,252,Received
PO0005144,S0044,P00144,253,Cancelled
PO0005145,S0045,P00145,254,Created
PO0005146,S0046,P00146,255,Approved
PO0005147,S0047,P00147,256,Received
PO0005148,S0048,P00148,257,Cancelled
PO0005149,S0049,P00149,258,Created
PO0005150,S0050,P00150,259,Approved
PO0005151,S0051,P00151,260,Received
PO0005152,S0052,P00152,261,Cancelled
PO0005153,S0053,P00153,262,Created
PO0005154,S0054,P00154,263,Approved
PO0005155,S0055,P00155,264,Received
PO0005156,S0056,P00156,265,Cancelled
PO0005157,S0057,P00157,266,Created
PO0005158,S0058,P00158,267,Approved
PO0005159,S0059,P00159,268,Received
PO0005160,S0060,P00160,269,Cancelled
PO0005161,S0061,P00161,270,Created
PO0005162,S0062,P00162,271,Approved
PO0005163,S0063,P00163,272,Received
PO0005164,S0064,P00164,273,Cancelled
PO0005165,S0065,P00165,274,Created
PO0005166,S0066,P00166,275,Approved
PO0005167,S0067,P00167,276,Received
PO0005168,S0068,P00168,277,Cancelled
PO0005169,S0069,P00169,278,Created
PO0005170,S0070,P00170,279,Approved
PO0005171,S0071,P00171,280,Received
PO0005172,S0072,P00172,281,Cancelled
PO0005173,S0073,P00173,282,Created
PO0005174,S0074,P00174,283,Approved
PO0005175,S0075,P00175,284,Received
PO0005176,S0076,P00176,285,Cancelled
PO0005177,S0077,P00177,286,Created
PO0005178,S0078,P00178,287,Approved
PO0005179,S0079,P00179,288,Received
PO0005180,S0080,P00180,289,Cancelled
PO0005181,S0081,P00181,290,Created
PO0005182,S0082,P00182,291,Approved
PO0005183,S0083,P00183,292,Received
PO0005184,S0084,P00184,293,Cancelled
PO0005185,S0085,P00185,294,Created
PO0005186,S0086,P00186,295,Approved
PO0005187,S0087,P00187,296,Received
PO0005188,S0088,P00188,297,Cancelled
PO0005189,S0089,P00189,298,Created
PO0005190,S0090,P00190,299,Approved
PO0005191,S0091,P00191,300,Received
PO0005192,S0092,P00192,301,Cancelled
PO0005193,S0093,P00193,302,Created
PO0005194,S0094,P00194,303,Approved
PO0005195,S0095,P00195,304,Received
PO0005196,S0096,P00196,305,Cancelled
PO0005197,S0097,P00197,306,Created
PO0005198,S0098,P00198,307,Approved
PO0005199,S0099,P00199,308,Received
PO0005200,S0100,P00200,309,Cancelled
PO0005201,S0001,P00201,310,Created
PO0005202,S0002,P00202,311,Approved
PO0005203,S0003,P00203,312,Received
PO0005204,S0004,P00204,313,Cancelled
PO0005205,S0005,P00205,314,Created
PO0005206,S0006,P00206,315,Approved
PO0005207,S0007,P00207,316,Received
PO0005208,S0008,P00208,317,Cancelled
PO0005209,S0009,P00209,318,Created
PO0005210,S0010,P00210,319,Approved
PO0005211,S0011,P00211,320,Received
PO0005212,S0012,P00212,321,Cancelled
PO0005213,S0013,P00213,322,Created
PO0005214,S0014,P00214,323,Approved
PO0005215,S0015,P00215,324,Received
PO0005216,S0016,P00216,325,Cancelled
PO0005217,S0017,P00217,326,Created
PO0005218,S0018,P00218,327,Approved
PO0005219,S0019,P00219,328,Received
PO0005220,S0020,P00220,329,Cancelled
PO0005221,S0021,P00221,330,Created
PO0005222,S0022,P00222,331,Approved
PO0005223,S0023,P00223,332,Received
PO0005224,S0024,P00224,333,Cancelled
PO0005225,S0025,P00225,334,Created
PO0005226,S0026,P00226,335,Approved
PO0005227,S0027,P00227,336,Received
PO0005228,S0028,P00228,337,Cancelled
PO0005229,S0029,P00229,338,Created
PO0005230,S0030,P00230,339,Approved
PO0005231,S0031,P00231,340,Received
PO0005232,S0032,P00232,341,Cancelled
PO0005233,S0033,P00233,342,Created
PO0005234,S0034,P00234,343,Approved
PO0005235,S0035,P00235,344,Received
PO0005236,S0036,P00236,345,Cancelled
PO0005237,S0037,P00237,346,Created
PO0005238,S0038,P00238,347,Approved
PO0005239,S0039,P00239,348,Received
PO0005240,S0040,P00240,349,Cancelled
PO0005241,S0041,P00241,350,Created
PO0005242,S0042,P00242,351,Approved
PO0005243,S0043,P00243,352,Received
PO0005244,S0044,P00244,353,Cancelled
PO0005245,S0045,P00245,354,Created
PO0005246,S0046,P00246,355,Approved
PO0005247,S0047,P00247,356,Received
PO0005248,S0048,P00248,357,Cancelled
PO0005249,S0049,P00249,358,Created
PO0005250,S0050,P00250,359,Approved
PO0005251,S0051,P00251,360,Received
PO0005252,S0052,P00252,361,Cancelled
PO0005253,S0053,P00253,362,Created
PO0005254,S0054,P00254,363,Approved
PO0005255,S0055,P00255,364,Received
PO0005256,S0056,P00256,365,Cancelled
PO0005257,S0057,P00257,366,Created
PO0005258,S0058,P00258,367,Approved
PO0005259,S0059,P00259,368,Received
PO0005260,S0060,P00260,369,Cancelled
PO0005261,S0061,P00261,370,Created
PO0005262,S0062,P00262,371,Approved
PO0005263,S0063,P00263,372,Received
PO0005264,S0064,P00264,373,Cancelled
PO0005265,S0065,P00265,374,Created
PO0005266,S0066,P00266,375,Approved
PO0005267,S0067,P00267,376,Received
PO0005268,S0068,P00268,377,Cancelled
PO0005269,S0069,P00269,378,Created
PO0005270,S0070,P00270,379,Approved
PO0005271,S0071,P00271,380,Received
PO0005272,S0072,P00272,381,Cancelled
PO0005273,S0073,P00273,382,Created
PO0005274,S0074,P00274,383,Approved
PO0005275,S0075,P00275,384,Received
PO0005276,S0076,P00276,385,Cancelled
PO0005277,S0077,P00277,386,Created
PO0005278,S0078,P00278,387,Approved
PO0005279,S0079,P00279,388,Received
PO0005280,S0080,P00280,389,Cancelled
PO0005281,S0081,P00281,390,Created
PO0005282,S0082,P00282,391,Approved
PO0005283,S0083,P00283,392,Received
PO0005284,S0084,P00284,393,Cancelled
PO0005285,S0085,P00285,394,Created
PO0005286,S0086,P00286,395,Approved
PO0005287,S0087,P00287,396,Received
PO0005288,S0088,P00288,397,Cancelled
PO0005289,S0089,P00289,398,Created
PO0005290,S0090,P00290,399,Approved
PO0005291,S0091,P00291,400,Received
PO0005292,S0092,P00292,401,Cancelled
PO0005293,S0093,P00293,402,Created
PO0005294,S0094,P00294,403,Approved
PO0005295,S0095,P00295,404,Received
PO0005296,S0096,P00296,405,Cancelled
PO0005297,S0097,P00297,406,Created
PO0005298,S0098,P00298,407,Approved
PO0005299,S0099,P00299,408,Received
PO0005300,S0100,P00300,409,Cancelled
PO0005301,S0001,P00301,410,Created
PO0005302,S0002,P00302,411,Approved
PO0005303,S0003,P00303,412,Received
PO0005304,S0004,P00304,413,Cancelled
PO0005305,S0005,P00305,414,Created
PO0005306,S0006,P00306,415,Approved
PO0005307,S0007,P00307,416,Received
PO0005308,S0008,P00308,417,Cancelled
PO0005309,S0009,P00309,418,Created
PO0005310,S0010,P00310,419,Approved
PO0005311,S0011,P00311,420,Received
PO0005312,S0012,P00312,421,Cancelled
PO0005313,S0013,P00313,422,Created
PO0005314,S0014,P00314,423,Approved
PO0005315,S0015,P00315,424,Received
PO0005316,S0016,P00316,425,Cancelled
PO0005317,S0017,P00317,426,Created
PO0005318,S0018,P00318,427,Approved
PO0005319,S0019,P00319,428,Received
PO0005320,S0020,P00320,429,Cancelled
PO0005321,S0021,P00321,430,Created
PO0005322,S0022,P00322,431,Approved
PO0005323,S0023,P00323,432,Received
PO0005324,S0024,P00324,433,Cancelled
PO0005325,S0025,P00325,434,Created
PO0005326,S0026,P00326,435,Approved
PO0005327,S0027,P00327,436,Received
PO0005328,S0028,P00328,437,Cancelled
PO0005329,S0029,P00329,438,Created
PO0005330,S0030,P00330,439,Approved
PO0005331,S0031,P00331,440,Received
PO0005332,S0032,P00332,441,Cancelled
PO0005333,S0033,P00333,442,Created
PO0005334,S0034,P00334,443,Approved
PO0005335,S0035,P00335,444,Received
PO0005336,S0036,P00336,445,Cancelled
PO0005337,S0037,P00337,446,Created
PO0005338,S0038,P00338,447,Approved
PO0005339,S0039,P00339,448,Received
PO0005340,S0040,P00340,449,Cancelled
PO0005341,S0041,P00341,450,Created
PO0005342,S0042,P00342,451,Approved
PO0005343,S0043,P00343,452,Received
PO0005344,S0044,P00344,453,Cancelled
PO0005345,S0045,P00345,454,Created
PO0005346,S0046,P00346,455,Approved
PO0005347,S0047,P00347,456,Received
PO0005348,S0048,P00348,457,Cancelled
PO0005349,S0049,P00349,458,Created
PO0005350,S0050,P00350,459,Approved
PO0005351,S0051,P00351,460,Received
PO0005352,S0052,P00352,461,Cancelled
PO0005353,S0053,P00353,462,Created
PO0005354,S0054,P00354,463,Approved
PO0005355,S0055,P00355,464,Received
PO0005356,S0056,P00356,465,Cancelled
PO0005357,S0057,P00357,466,Created
PO0005358,S0058,P00358,467,Approved
PO0005359,S0059,P00359,468,Received
PO0005360,S0060,P00360,469,Cancelled
PO0005361,S0061,P00361,470,Created
PO0005362,S0062,P00362,471,Approved
PO0005363,S0063,P00363,472,Received
PO0005364,S0064,P00364,473,Cancelled
PO0005365,S0065,P00365,474,Created
PO0005366,S0066,P00366,475,Approved
PO0005367,S0067,P00367,476,Received
PO0005368,S0068,P00368,477,Cancelled
PO0005369,S0069,P00369,478,Created
PO0005370,S0070,P00370,479,Approved
PO0005371,S0071,P00371,480,Received
PO0005372,S0072,P00372,481,Cancelled
PO0005373,S0073,P00373,482,Created
PO0005374,S0074,P00374,483,Approved
PO0005375,S0075,P00375,484,Received
PO0005376,S0076,P00376,485,Cancelled
PO0005377,S0077,P00377,486,Created
PO0005378,S0078,P00378,487,Approved
PO0005379,S0079,P00379,488,Received
PO0005380,S0080,P00380,489,Cancelled
PO0005381,S0081,P00381,490,Created
PO0005382,S0082,P00382,491,Approved
PO0005383,S0083,P00383,492,Received
PO0005384,S0084,P00384,493,Cancelled
PO0005385,S0085,P00385,494,Created
PO0005386,S0086,P00386,495,Approved
PO0005387,S0087,P00387,496,Received
PO0005388,S0088,P00388,497,Cancelled
PO0005389,S0089,P00389,498,Created
PO0005390,S0090,P00390,499,Approved
PO0005391,S0091,P00391,10,Received
PO0005392,S0092,P00392,11,Cancelled
PO0005393,S0093,P00393,12,Created
PO0005394,S0094,P00394,13,Approved
PO0005395,S0095,P00395,14,Received
PO0005396,S0096,P00396,15,Cancelled
PO0005397,S0097,P00397,16,Created
PO0005398,S0098,P00398,17,Approved
PO0005399,S0099,P00399,18,Received
PO0005400,S0100,P00400,19,Cancelled
PO0005401,S0001,P00401,20,Created
PO0005402,S0002,P00402,21,Approved
PO0005403,S0003,P00403,22,Received
PO0005404,S0004,P00404,23,Cancelled
PO0005405,S0005,P00405,24,Created
PO0005406,S0006,P00406,25,Approved
PO0005407,S0007,P00407,26,Received
PO0005408,S0008,P00408,27,Cancelled
PO0005409,S0009,P00409,28,Created
PO0005410,S0010,P00410,29,Approved
PO0005411,S0011,P00411,30,Received
PO0005412,S0012,P00412,31,Cancelled
PO0005413,S0013,P00413,32,Created
PO0005414,S0014,P00414,33,Approved
PO0005415,S0015,P00415,34,Received
PO0005416,S0016,P00416,35,Cancelled
PO0005417,S0017,P00417,36,Created
PO0005418,S0018,P00418,37,Approved
PO0005419,S0019,P00419,38,Received
PO0005420,S0020,P00420,39,Cancelled
PO0005421,S0021,P00421,40,Created
PO0005422,S0022,P00422,41,Approved
PO0005423,S0023,P00423,42,Received
PO0005424,S0024,P00424,43,Cancelled
PO0005425,S0025,P00425,44,Created
PO0005426,S0026,P00426,45,Approved
PO0005427,S0027,P00427,46,Received
PO0005428,S0028,P00428,47,Cancelled
PO0005429,S0029,P00429,48,Created
PO0005430,S0030,P00430,49,Approved
PO0005431,S0031,P00431,50,Received
PO0005432,S0032,P00432,51,Cancelled
PO0005433,S0033,P00433,52,Created
PO0005434,S0034,P00434,53,Approved
PO0005435,S0035,P00435,54,Received
PO0005436,S0036,P00436,55,Cancelled
PO0005437,S0037,P00437,56,Created
PO0005438,S0038,P00438,57,Approved
PO0005439,S0039,P00439,58,Received
PO0005440,S0040,P00440,59,Cancelled
PO0005441,S0041,P00441,60,Created
PO0005442,S0042,P00442,61,Approved
PO0005443,S0043,P00443,62,Received
PO0005444,S0044,P00444,63,Cancelled
PO0005445,S0045,P00445,64,Created
PO0005446,S0046,P00446,65,Approved
PO0005447,S0047,P00447,66,Received
PO0005448,S0048,P00448,67,Cancelled
PO0005449,S0049,P00449,68,Created
PO0005450,S0050,P00450,69,Approved
PO0005451,S0051,P00451,70,Received
PO0005452,S0052,P00452,71,Cancelled
PO0005453,S0053,P00453,72,Created
PO0005454,S0054,P00454,73,Approved
PO0005455,S0055,P00455,74,Received
PO0005456,S0056,P00456,75,Cancelled
PO0005457,S0057,P00457,76,Created
PO0005458,S0058,P00458,77,Approved
PO0005459,S0059,P00459,78,Received
PO0005460,S0060,P00460,79,Cancelled
PO0005461,S0061,P00461,80,Created
PO0005462,S0062,P00462,81,Approved
PO0005463,S0063,P00463,82,Received
PO0005464,S0064,P00464,83,Cancelled
PO0005465,S0065,P00465,84,Created
PO0005466,S0066,P00466,85,Approved
PO0005467,S0067,P00467,86,Received
PO0005468,S0068,P00468,87,Cancelled
PO0005469,S0069,P00469,88,Created
PO0005470,S0070,P00470,89,Approved
PO0005471,S0071,P00471,90,Received
PO0005472,S0072,P00472,91,Cancelled
PO0005473,S0073,P00473,92,Created
PO0005474,S0074,P00474,93,Approved
PO0005475,S0075,P00475,94,Received
PO0005476,S0076,P00476,95,Cancelled
PO0005477,S0077,P00477,96,Created
PO0005478,S0078,P00478,97,Approved
PO0005479,S0079,P00479,98,Received
PO0005480,S0080,P00480,99,Cancelled
PO0005481,S0081,P00481,100,Created
PO0005482,S0082,P00482,101,Approved
PO0005483,S0083,P00483,102,Received
PO0005484,S0084,P00484,103,Cancelled
PO0005485,S0085,P00485,104,Created
PO0005486,S0086,P00486,105,Approved
PO0005487,S0087,P00487,106,Received
PO0005488,S0088,P00488,107,Cancelled
PO0005489,S0089,P00489,108,Created
PO0005490,S0090,P00490,109,Approved
PO0005491,S0091,P00491,110,Received
PO0005492,S0092,P00492,111,Cancelled
PO0005493,S0093,P00493,112,Created
PO0005494,S0094,P00494,113,Approved
PO0005495,S0095,P00495,114,Received
PO0005496,S0096,P00496,115,Cancelled
PO0005497,S0097,P00497,116,Created
PO0005498,S0098,P00498,117,Approved
PO0005499,S0099,P00499,118,Received
PO0005500,S0100,P00500,119,Cancelled
PO0005501,S0001,P00501,120,Created
PO0005502,S0002,P00502,121,Approved
PO0005503,S0003,P00503,122,Received
PO0005504,S0004,P00504,123,Cancelled
PO0005505,S0005,P00505,124,Created
PO0005506,S0006,P00506,125,Approved
PO0005507,S0007,P00507,126,Received
PO0005508,S0008,P00508,127,Cancelled
PO0005509,S0009,P00509,128,Created
PO0005510,S0010,P00510,129,Approved
PO0005511,S0011,P00511,130,Received
PO0005512,S0012,P00512,131,Cancelled
PO0005513,S0013,P00513,132,Created
PO0005514,S0014,P00514,133,Approved
PO0005515,S0015,P00515,134,Received
PO0005516,S0016,P00516,135,Cancelled
PO0005517,S0017,P00517,136,Created
PO0005518,S0018,P00518,137,Approved
PO0005519,S0019,P00519,138,Received
PO0005520,S0020,P00520,139,Cancelled
PO0005521,S0021,P00521,140,Created
PO0005522,S0022,P00522,141,Approved
PO0005523,S0023,P00523,142,Received
PO0005524,S0024,P00524,143,Cancelled
PO0005525,S0025,P00525,144,Created
PO0005526,S0026,P00526,145,Approved
PO0005527,S0027,P00527,146,Received
PO0005528,S0028,P00528,147,Cancelled
PO0005529,S0029,P00529,148,Created
PO0005530,S0030,P00530,149,Approved
PO0005531,S0031,P00531,150,Received
PO0005532,S0032,P00532,151,Cancelled
PO0005533,S0033,P00533,152,Created
PO0005534,S0034,P00534,153,Approved
PO0005535,S0035,P00535,154,Received
PO0005536,S0036,P00536,155,Cancelled
PO0005537,S0037,P00537,156,Created
PO0005538,S0038,P00538,157,Approved
PO0005539,S0039,P00539,158,Received
PO0005540,S0040,P00540,159,Cancelled
PO0005541,S0041,P00541,160,Created
PO0005542,S0042,P00542,161,Approved
PO0005543,S0043,P00543,162,Received
PO0005544,S0044,P00544,163,Cancelled
PO0005545,S0045,P00545,164,Created
PO0005546,S0046,P00546,165,Approved
PO0005547,S0047,P00547,166,Received
PO0005548,S0048,P00548,167,Cancelled
PO0005549,S0049,P00549,168,Created
PO0005550,S0050,P00550,169,Approved
PO0005551,S0051,P00551,170,Received
PO0005552,S0052,P00552,171,Cancelled
PO0005553,S0053,P00553,172,Created
PO0005554,S0054,P00554,173,Approved
PO0005555,S0055,P00555,174,Received
PO0005556,S0056,P00556,175,Cancelled
PO0005557,S0057,P00557,176,Created
PO0005558,S0058,P00558,177,Approved
PO0005559,S0059,P00559,178,Received
PO0005560,S0060,P00560,179,Cancelled
PO0005561,S0061,P00561,180,Created
PO0005562,S0062,P00562,181,Approved
PO0005563,S0063,P00563,182,Received
PO0005564,S0064,P00564,183,Cancelled
PO0005565,S0065,P00565,184,Created
PO0005566,S0066,P00566,185,Approved
PO0005567,S0067,P00567,186,Received
PO0005568,S0068,P00568,187,Cancelled
PO0005569,S0069,P00569,188,Created
PO0005570,S0070,P00570,189,Approved
PO0005571,S0071,P00571,190,Received
PO0005572,S0072,P00572,191,Cancelled
PO0005573,S0073,P00573,192,Created
PO0005574,S0074,P00574,193,Approved
PO0005575,S0075,P00575,194,Received
PO0005576,S0076,P00576,195,Cancelled
PO0005577,S0077,P00577,196,Created
PO0005578,S0078,P00578,197,Approved
PO0005579,S0079,P00579,198,Received
PO0005580,S0080,P00580,199,Cancelled
PO0005581,S0081,P00581,200,Created
PO0005582,S0082,P00582,201,Approved
PO0005583,S0083,P00583,202,Received
PO0005584,S0084,P00584,203,Cancelled
PO0005585,S0085,P00585,204,Created
PO0005586,S0086,P00586,205,Approved
PO0005587,S0087,P00587,206,Received
PO0005588,S0088,P00588,207,Cancelled
PO0005589,S0089,P00589,208,Created
PO0005590,S0090,P00590,209,Approved
PO0005591,S0091,P00591,210,Received
PO0005592,S0092,P00592,211,Cancelled
PO0005593,S0093,P00593,212,Created
PO0005594,S0094,P00594,213,Approved
PO0005595,S0095,P00595,214,Received
PO0005596,S0096,P00596,215,Cancelled
PO0005597,S0097,P00597,216,Created
PO0005598,S0098,P00598,217,Approved
PO0005599,S0099,P00599,218,Received
PO0005600,S0100,P00600,219,Cancelled
PO0005601,S0001,P00601,220,Created
PO0005602,S0002,P00602,221,Approved
PO0005603,S0003,P00603,222,Received
PO0005604,S0004,P00604,223,Cancelled
PO0005605,S0005,P00605,224,Created
PO0005606,S0006,P00606,225,Approved
PO0005607,S0007,P00607,226,Received
PO0005608,S0008,P00608,227,Cancelled
PO0005609,S0009,P00609,228,Created
PO0005610,S0010,P00610,229,Approved
PO0005611,S0011,P00611,230,Received
PO0005612,S0012,P00612,231,Cancelled
PO0005613,S0013,P00613,232,Created
PO0005614,S0014,P00614,233,Approved
PO0005615,S0015,P00615,234,Received
PO0005616,S0016,P00616,235,Cancelled
PO0005617,S0017,P00617,236,Created
PO0005618,S0018,P00618,237,Approved
PO0005619,S0019,P00619,238,Received
PO0005620,S0020,P00620,239,Cancelled
PO0005621,S0021,P00621,240,Created
PO0005622,S0022,P00622,241,Approved
PO0005623,S0023,P00623,242,Received
PO0005624,S0024,P00624,243,Cancelled
PO0005625,S0025,P00625,244,Created
PO0005626,S0026,P00626,245,Approved
PO0005627,S0027,P00627,246,Received
PO0005628,S0028,P00628,247,Cancelled
PO0005629,S0029,P00629,248,Created
PO0005630,S0030,P00630,249,Approved
PO0005631,S0031,P00631,250,Received
PO0005632,S0032,P00632,251,Cancelled
PO0005633,S0033,P00633,252,Created
PO0005634,S0034,P00634,253,Approved
PO0005635,S0035,P00635,254,Received
PO0005636,S0036,P00636,255,Cancelled
PO0005637,S0037,P00637,256,Created
PO0005638,S0038,P00638,257,Approved
PO0005639,S0039,P00639,258,Received
PO0005640,S0040,P00640,259,Cancelled
PO0005641,S0041,P00641,260,Created
PO0005642,S0042,P00642,261,Approved
PO0005643,S0043,P00643,262,Received
PO0005644,S0044,P00644,263,Cancelled
PO0005645,S0045,P00645,264,Created
PO0005646,S0046,P00646,265,Approved
PO0005647,S0047,P00647,266,Received
PO0005648,S0048,P00648,267,Cancelled
PO0005649,S0049,P00649,268,Created
PO0005650,S0050,P00650,269,Approved
PO0005651,S0051,P00651,270,Received
PO0005652,S0052,P00652,271,Cancelled
PO0005653,S0053,P00653,272,Created
PO0005654,S0054,P00654,273,Approved
PO0005655,S0055,P00655,274,Received
PO0005656,S0056,P00656,275,Cancelled
PO0005657,S0057,P00657,276,Created
PO0005658,S0058,P00658,277,Approved
PO0005659,S0059,P00659,278,Received
PO0005660,S0060,P00660,279,Cancelled
PO0005661,S0061,P00661,280,Created
PO0005662,S0062,P00662,281,Approved
PO0005663,S0063,P00663,282,Received
PO0005664,S0064,P00664,283,Cancelled
PO0005665,S0065,P00665,284,Created
PO0005666,S0066,P00666,285,Approved
PO0005667,S0067,P00667,286,Received
PO0005668,S0068,P00668,287,Cancelled
PO0005669,S0069,P00669,288,Created
PO0005670,S0070,P00670,289,Approved
PO0005671,S0071,P00671,290,Received
PO0005672,S0072,P00672,291,Cancelled
PO0005673,S0073,P00673,292,Created
PO0005674,S0074,P00674,293,Approved
PO0005675,S0075,P00675,294,Received
PO0005676,S0076,P00676,295,Cancelled
PO0005677,S0077,P00677,296,Created
PO0005678,S0078,P00678,297,Approved
PO0005679,S0079,P00679,298,Received
PO0005680,S0080,P00680,299,Cancelled
PO0005681,S0081,P00681,300,Created
PO0005682,S0082,P00682,301,Approved
PO0005683,S0083,P00683,302,Received
PO0005684,S0084,P00684,303,Cancelled
PO0005685,S0085,P00685,304,Created
PO0005686,S0086,P00686,305,Approved
PO0005687,S0087,P00687,306,Received
PO0005688,S0088,P00688,307,Cancelled
PO0005689,S0089,P00689,308,Created
PO0005690,S0090,P00690,309,Approved
PO0005691,S0091,P00691,310,Received
PO0005692,S0092,P00692,311,Cancelled
PO0005693,S0093,P00693,312,Created
PO0005694,S0094,P00694,313,Approved
PO0005695,S0095,P00695,314,Received
PO0005696,S0096,P00696,315,Cancelled
PO0005697,S0097,P00697,316,Created
PO0005698,S0098,P00698,317,Approved
PO0005699,S0099,P00699,318,Received
PO0005700,S0100,P00700,319,Cancelled
PO0005701,S0001,P00701,320,Created
PO0005702,S0002,P00702,321,Approved
PO0005703,S0003,P00703,322,Received
PO0005704,S0004,P00704,323,Cancelled
PO0005705,S0005,P00705,324,Created
PO0005706,S0006,P00706,325,Approved
PO0005707,S0007,P00707,326,Received
PO0005708,S0008,P00708,327,Cancelled
PO0005709,S0009,P00709,328,Created
PO0005710,S0010,P00710,329,Approved
PO0005711,S0011,P00711,330,Received
PO0005712,S0012,P00712,331,Cancelled
PO0005713,S0013,P00713,332,Created
PO0005714,S0014,P00714,333,Approved
PO0005715,S0015,P00715,334,Received
PO0005716,S0016,P00716,335,Cancelled
PO0005717,S0017,P00717,336,Created
PO0005718,S0018,P00718,337,Approved
PO0005719,S0019,P00719,338,Received
PO0005720,S0020,P00720,339,Cancelled
PO0005721,S0021,P00721,340,Created
PO0005722,S0022,P00722,341,Approved
PO0005723,S0023,P00723,342,Received
PO0005724,S0024,P00724,343,Cancelled
PO0005725,S0025,P00725,344,Created
PO0005726,S0026,P00726,345,Approved
PO0005727,S0027,P00727,346,Received
PO0005728,S0028,P00728,347,Cancelled
PO0005729,S0029,P00729,348,Created
PO0005730,S0030,P00730,349,Approved
PO0005731,S0031,P00731,350,Received
PO0005732,S0032,P00732,351,Cancelled
PO0005733,S0033,P00733,352,Created
PO0005734,S0034,P00734,353,Approved
PO0005735,S0035,P00735,354,Received
PO0005736,S0036,P00736,355,Cancelled
PO0005737,S0037,P00737,356,Created
PO0005738,S0038,P00738,357,Approved
PO0005739,S0039,P00739,358,Received
PO0005740,S0040,P00740,359,Cancelled
PO0005741,S0041,P00741,360,Created
PO0005742,S0042,P00742,361,Approved
PO0005743,S0043,P00743,362,Received
PO0005744,S0044,P00744,363,Cancelled
PO0005745,S0045,P00745,364,Created
PO0005746,S0046,P00746,365,Approved
PO0005747,S0047,P00747,366,Received
PO0005748,S0048,P00748,367,Cancelled
PO0005749,S0049,P00749,368,Created
PO0005750,S0050,P00750,369,Approved
PO0005751,S0051,P00751,370,Received
PO0005752,S0052,P00752,371,Cancelled
PO0005753,S0053,P00753,372,Created
PO0005754,S0054,P00754,373,Approved
PO0005755,S0055,P00755,374,Received
PO0005756,S0056,P00756,375,Cancelled
PO0005757,S0057,P00757,376,Created
PO0005758,S0058,P00758,377,Approved
PO0005759,S0059,P00759,378,Received
PO0005760,S0060,P00760,379,Cancelled
PO0005761,S0061,P00761,380,Created
PO0005762,S0062,P00762,381,Approved
PO0005763,S0063,P00763,382,Received
PO0005764,S0064,P00764,383,Cancelled
PO0005765,S0065,P00765,384,Created
PO0005766,S0066,P00766,385,Approved
PO0005767,S0067,P00767,386,Received
PO0005768,S0068,P00768,387,Cancelled
PO0005769,S0069,P00769,388,Created
PO0005770,S0070,P00770,389,Approved
PO0005771,S0071,P00771,390,Received
PO0005772,S0072,P00772,391,Cancelled
PO0005773,S0073,P00773,392,Created
PO0005774,S0074,P00774,393,Approved
PO0005775,S0075,P00775,394,Received
PO0005776,S0076,P00776,395,Cancelled
PO0005777,S0077,P00777,396,Created
PO0005778,S0078,P00778,397,Approved
PO0005779,S0079,P00779,398,Received
PO0005780,S0080,P00780,399,Cancelled
PO0005781,S0081,P00781,400,Created
PO0005782,S0082,P00782,401,Approved
PO0005783,S0083,P00783,402,Received
PO0005784,S0084,P00784,403,Cancelled
PO0005785,S0085,P00785,404,Created
PO0005786,S0086,P00786,405,Approved
PO0005787,S0087,P00787,406,Received
PO0005788,S0088,P00788,407,Cancelled
PO0005789,S0089,P00789,408,Created
PO0005790,S0090,P00790,409,Approved
PO0005791,S0091,P00791,410,Received
PO0005792,S0092,P00792,411,Cancelled
PO0005793,S0093,P00793,412,Created
PO0005794,S0094,P00794,413,Approved
PO0005795,S0095,P00795,414,Received
PO0005796,S0096,P00796,415,Cancelled
PO0005797,S0097,P00797,416,Created
PO0005798,S0098,P00798,417,Approved
PO0005799,S0099,P00799,418,Received
PO0005800,S0100,P00800,419,Cancelled
PO0005801,S0001,P00801,420,Created
PO0005802,S0002,P00802,421,Approved
PO0005803,S0003,P00803,422,Received
PO0005804,S0004,P00804,423,Cancelled
PO0005805,S0005,P00805,424,Created
PO0005806,S0006,P00806,425,Approved
PO0005807,S0007,P00807,426,Received
PO0005808,S0008,P00808,427,Cancelled
PO0005809,S0009,P00809,428,Created
PO0005810,S0010,P00810,429,Approved
PO0005811,S0011,P00811,430,Received
PO0005812,S0012,P00812,431,Cancelled
PO0005813,S0013,P00813,432,Created
PO0005814,S0014,P00814,433,Approved
PO0005815,S0015,P00815,434,Received
PO0005816,S0016,P00816,435,Cancelled
PO0005817,S0017,P00817,436,Created
PO0005818,S0018,P00818,437,Approved
PO0005819,S0019,P00819,438,Received
PO0005820,S0020,P00820,439,Cancelled
PO0005821,S0021,P00821,440,Created
PO0005822,S0022,P00822,441,Approved
PO0005823,S0023,P00823,442,Received
PO0005824,S0024,P00824,443,Cancelled
PO0005825,S0025,P00825,444,Created
PO0005826,S0026,P00826,445,Approved
PO0005827,S0027,P00827,446,Received
PO0005828,S0028,P00828,447,Cancelled
PO0005829,S0029,P00829,448,Created
PO0005830,S0030,P00830,449,Approved
PO0005831,S0031,P00831,450,Received
PO0005832,S0032,P00832,451,Cancelled
PO0005833,S0033,P00833,452,Created
PO0005834,S0034,P00834,453,Approved
PO0005835,S0035,P00835,454,Received
PO0005836,S0036,P00836,455,Cancelled
PO0005837,S0037,P00837,456,Created
PO0005838,S0038,P00838,457,Approved
PO0005839,S0039,P00839,458,Received
PO0005840,S0040,P00840,459,Cancelled
PO0005841,S0041,P00841,460,Created
PO0005842,S0042,P00842,461,Approved
PO0005843,S0043,P00843,462,Received
PO0005844,S0044,P00844,463,Cancelled
PO0005845,S0045,P00845,464,Created
PO0005846,S0046,P00846,465,Approved
PO0005847,S0047,P00847,466,Received
PO0005848,S0048,P00848,467,Cancelled
PO0005849,S0049,P00849,468,Created
PO0005850,S0050,P00850,469,Approved
PO0005851,S0051,P00851,470,Received
PO0005852,S0052,P00852,471,Cancelled
PO0005853,S0053,P00853,472,Created
PO0005854,S0054,P00854,473,Approved
PO0005855,S0055,P00855,474,Received
PO0005856,S0056,P00856,475,Cancelled
PO0005857,S0057,P00857,476,Created
PO0005858,S0058,P00858,477,Approved
PO0005859,S0059,P00859,478,Received
PO0005860,S0060,P00860,479,Cancelled
PO0005861,S0061,P00861,480,Created
PO0005862,S0062,P00862,481,Approved
PO0005863,S0063,P00863,482,Received
PO0005864,S0064,P00864,483,Cancelled
PO0005865,S0065,P00865,484,Created
PO0005866,S0066,P00866,485,Approved
PO0005867,S0067,P00867,486,Received
PO0005868,S0068,P00868,487,Cancelled
PO0005869,S0069,P00869,488,Created
PO0005870,S0070,P00870,489,Approved
PO0005871,S0071,P00871,490,Received
PO0005872,S0072,P00872,491,Cancelled
PO0005873,S0073,P00873,492,Created
PO0005874,S0074,P00874,493,Approved
PO0005875,S0075,P00875,494,Received
PO0005876,S0076,P00876,495,Cancelled
PO0005877,S0077,P00877,496,Created
PO0005878,S0078,P00878,497,Approved
PO0005879,S0079,P00879,498,Received
PO0005880,S0080,P00880,499,Cancelled
PO0005881,S0081,P00881,10,Created
PO0005882,S0082,P00882,11,Approved
PO0005883,S0083,P00883,12,Received
PO0005884,S0084,P00884,13,Cancelled
PO0005885,S0085,P00885,14,Created
PO0005886,S0086,P00886,15,Approved
PO0005887,S0087,P00887,16,Received
PO0005888,S0088,P00888,17,Cancelled
PO0005889,S0089,P00889,18,Created
PO0005890,S0090,P00890,19,Approved
PO0005891,S0091,P00891,20,Received
PO0005892,S0092,P00892,21,Cancelled
PO0005893,S0093,P00893,22,Created
PO0005894,S0094,P00894,23,Approved
PO0005895,S0095,P00895,24,Received
PO0005896,S0096,P00896,25,Cancelled
PO0005897,S0097,P00897,26,Created
PO0005898,S0098,P00898,27,Approved
PO0005899,S0099,P00899,28,Received
PO0005900,S0100,P00900,29,Cancelled
PO0005901,S0001,P00901,30,Created
PO0005902,S0002,P00902,31,Approved
PO0005903,S0003,P00903,32,Received
PO0005904,S0004,P00904,33,Cancelled
PO0005905,S0005,P00905,34,Created
PO0005906,S0006,P00906,35,Approved
PO0005907,S0007,P00907,36,Received
PO0005908,S0008,P00908,37,Cancelled
PO0005909,S0009,P00909,38,Created
PO0005910,S0010,P00910,39,Approved
PO0005911,S0011,P00911,40,Received
PO0005912,S0012,P00912,41,Cancelled
PO0005913,S0013,P00913,42,Created
PO0005914,S0014,P00914,43,Approved
PO0005915,S0015,P00915,44,Received
PO0005916,S0016,P00916,45,Cancelled
PO0005917,S0017,P00917,46,Created
PO0005918,S0018,P00918,47,Approved
PO0005919,S0019,P00919,48,Received
PO0005920,S0020,P00920,49,Cancelled
PO0005921,S0021,P00921,50,Created
PO0005922,S0022,P00922,51,Approved
PO0005923,S0023,P00923,52,Received
PO0005924,S0024,P00924,53,Cancelled
PO0005925,S0025,P00925,54,Created
PO0005926,S0026,P00926,55,Approved
PO0005927,S0027,P00927,56,Received
PO0005928,S0028,P00928,57,Cancelled
PO0005929,S0029,P00929,58,Created
PO0005930,S0030,P00930,59,Approved
PO0005931,S0031,P00931,60,Received
PO0005932,S0032,P00932,61,Cancelled
PO0005933,S0033,P00933,62,Created
PO0005934,S0034,P00934,63,Approved
PO0005935,S0035,P00935,64,Received
PO0005936,S0036,P00936,65,Cancelled
PO0005937,S0037,P00937,66,Created
PO0005938,S0038,P00938,67,Approved
PO0005939,S0039,P00939,68,Received
PO0005940,S0040,P00940,69,Cancelled
PO0005941,S0041,P00941,70,Created
PO0005942,S0042,P00942,71,Approved
PO0005943,S0043,P00943,72,Received
PO0005944,S0044,P00944,73,Cancelled
PO0005945,S0045,P00945,74,Created
PO0005946,S0046,P00946,75,Approved
PO0005947,S0047,P00947,76,Received
PO0005948,S0048,P00948,77,Cancelled
PO0005949,S0049,P00949,78,Created
PO0005950,S0050,P00950,79,Approved
PO0005951,S0051,P00951,80,Received
PO0005952,S0052,P00952,81,Cancelled
PO0005953,S0053,P00953,82,Created
PO0005954,S0054,P00954,83,Approved
PO0005955,S0055,P00955,84,Received
PO0005956,S0056,P00956,85,Cancelled
PO0005957,S0057,P00957,86,Created
PO0005958,S0058,P00958,87,Approved
PO0005959,S0059,P00959,88,Received
PO0005960,S0060,P00960,89,Cancelled
PO0005961,S0061,P00961,90,Created
PO0005962,S0062,P00962,91,Approved
PO0005963,S0063,P00963,92,Received
PO0005964,S0064,P00964,93,Cancelled
PO0005965,S0065,P00965,94,Created
PO0005966,S0066,P00966,95,Approved
PO0005967,S0067,P00967,96,Received
PO0005968,S0068,P00968,97,Cancelled
PO0005969,S0069,P00969,98,Created
PO0005970,S0070,P00970,99,Approved
PO0005971,S0071,P00971,100,Received
PO0005972,S0072,P00972,101,Cancelled
PO0005973,S0073,P00973,102,Created
PO0005974,S0074,P00974,103,Approved
PO0005975,S0075,P00975,104,Received
PO0005976,S0076,P00976,105,Cancelled
PO0005977,S0077,P00977,106,Created
PO0005978,S0078,P00978,107,Approved
PO0005979,S0079,P00979,108,Received
PO0005980,S0080,P00980,109,Cancelled
PO0005981,S0081,P00981,110,Created
PO0005982,S0082,P00982,111,Approved
PO0005983,S0083,P00983,112,Received
PO0005984,S0084,P00984,113,Cancelled
PO0005985,S0085,P00985,114,Created
PO0005986,S0086,P00986,115,Approved
PO0005987,S0087,P00987,116,Received
PO0005988,S0088,P00988,117,Cancelled
PO0005989,S0089,P00989,118,Created
PO0005990,S0090,P00990,119,Approved
PO0005991,S0091,P00991,120,Received
PO0005992,S0092,P00992,121,Cancelled
PO0005993,S0093,P00993,122,Created
PO0005994,S0094,P00994,123,Approved
PO0005995,S0095,P00995,124,Received
PO0005996,S0096,P00996,125,Cancelled
PO0005997,S0097,P00997,126,Created
PO0005998,S0098,P00998,127,Approved
PO0005999,S0099,P00999,128,Received
PO0006000,S0100,P01000,129,Cancelled
PO0006001,S0001,P00001,130,Created
PO0006002,S0002,P00002,131,Approved
PO0006003,S0003,P00003,132,Received
PO0006004,S0004,P00004,133,Cancelled
PO0006005,S0005,P00005,134,Created
PO0006006,S0006,P00006,135,Approved
PO0006007,S0007,P00007,136,Received
PO0006008,S0008,P00008,137,Cancelled
PO0006009,S0009,P00009,138,Created
PO0006010,S0010,P00010,139,Approved
PO0006011,S0011,P00011,140,Received
PO0006012,S0012,P00012,141,Cancelled
PO0006013,S0013,P00013,142,Created
PO0006014,S0014,P00014,143,Approved
PO0006015,S0015,P00015,144,Received
PO0006016,S0016,P00016,145,Cancelled
PO0006017,S0017,P00017,146,Created
PO0006018,S0018,P00018,147,Approved
PO0006019,S0019,P00019,148,Received
PO0006020,S0020,P00020,149,Cancelled
PO0006021,S0021,P00021,150,Created
PO0006022,S0022,P00022,151,Approved
PO0006023,S0023,P00023,152,Received
PO0006024,S0024,P00024,153,Cancelled
PO0006025,S0025,P00025,154,Created
PO0006026,S0026,P00026,155,Approved
PO0006027,S0027,P00027,156,Received
PO0006028,S0028,P00028,157,Cancelled
PO0006029,S0029,P00029,158,Created
PO0006030,S0030,P00030,159,Approved
PO0006031,S0031,P00031,160,Received
PO0006032,S0032,P00032,161,Cancelled
PO0006033,S0033,P00033,162,Created
PO0006034,S0034,P00034,163,Approved
PO0006035,S0035,P00035,164,Received
PO0006036,S0036,P00036,165,Cancelled
PO0006037,S0037,P00037,166,Created
PO0006038,S0038,P00038,167,Approved
PO0006039,S0039,P00039,168,Received
PO0006040,S0040,P00040,169,Cancelled
PO0006041,S0041,P00041,170,Created
PO0006042,S0042,P00042,171,Approved
PO0006043,S0043,P00043,172,Received
PO0006044,S0044,P00044,173,Cancelled
PO0006045,S0045,P00045,174,Created
PO0006046,S0046,P00046,175,Approved
PO0006047,S0047,P00047,176,Received
PO0006048,S0048,P00048,177,Cancelled
PO0006049,S0049,P00049,178,Created
PO0006050,S0050,P00050,179,Approved
PO0006051,S0051,P00051,180,Received
PO0006052,S0052,P00052,181,Cancelled
PO0006053,S0053,P00053,182,Created
PO0006054,S0054,P00054,183,Approved
PO0006055,S0055,P00055,184,Received
PO0006056,S0056,P00056,185,Cancelled
PO0006057,S0057,P00057,186,Created
PO0006058,S0058,P00058,187,Approved
PO0006059,S0059,P00059,188,Received
PO0006060,S0060,P00060,189,Cancelled
PO0006061,S0061,P00061,190,Created
PO0006062,S0062,P00062,191,Approved
PO0006063,S0063,P00063,192,Received
PO0006064,S0064,P00064,193,Cancelled
PO0006065,S0065,P00065,194,Created
PO0006066,S0066,P00066,195,Approved
PO0006067,S0067,P00067,196,Received
PO0006068,S0068,P00068,197,Cancelled
PO0006069,S0069,P00069,198,Created
PO0006070,S0070,P00070,199,Approved
PO0006071,S0071,P00071,200,Received
PO0006072,S0072,P00072,201,Cancelled
PO0006073,S0073,P00073,202,Created
PO0006074,S0074,P00074,203,Approved
PO0006075,S0075,P00075,204,Received
PO0006076,S0076,P00076,205,Cancelled
PO0006077,S0077,P00077,206,Created
PO0006078,S0078,P00078,207,Approved
PO0006079,S0079,P00079,208,Received
PO0006080,S0080,P00080,209,Cancelled
PO0006081,S0081,P00081,210,Created
PO0006082,S0082,P00082,211,Approved
PO0006083,S0083,P00083,212,Received
PO0006084,S0084,P00084,213,Cancelled
PO0006085,S0085,P00085,214,Created
PO0006086,S0086,P00086,215,Approved
PO0006087,S0087,P00087,216,Received
PO0006088,S0088,P00088,217,Cancelled
PO0006089,S0089,P00089,218,Created
PO0006090,S0090,P00090,219,Approved
PO0006091,S0091,P00091,220,Received
PO0006092,S0092,P00092,221,Cancelled
PO0006093,S0093,P00093,222,Created
PO0006094,S0094,P00094,223,Approved
PO0006095,S0095,P00095,224,Received
PO0006096,S0096,P00096,225,Cancelled
PO0006097,S0097,P00097,226,Created
PO0006098,S0098,P00098,227,Approved
PO0006099,S0099,P00099,228,Received
PO0006100,S0100,P00100,229,Cancelled
PO0006101,S0001,P00101,230,Created
PO0006102,S0002,P00102,231,Approved
PO0006103,S0003,P00103,232,Received
PO0006104,S0004,P00104,233,Cancelled
PO0006105,S0005,P00105,234,Created
PO0006106,S0006,P00106,235,Approved
PO0006107,S0007,P00107,236,Received
PO0006108,S0008,P00108,237,Cancelled
PO0006109,S0009,P00109,238,Created
PO0006110,S0010,P00110,239,Approved
PO0006111,S0011,P00111,240,Received
PO0006112,S0012,P00112,241,Cancelled
PO0006113,S0013,P00113,242,Created
PO0006114,S0014,P00114,243,Approved
PO0006115,S0015,P00115,244,Received
PO0006116,S0016,P00116,245,Cancelled
PO0006117,S0017,P00117,246,Created
PO0006118,S0018,P00118,247,Approved
PO0006119,S0019,P00119,248,Received
PO0006120,S0020,P00120,249,Cancelled
PO0006121,S0021,P00121,250,Created
PO0006122,S0022,P00122,251,Approved
PO0006123,S0023,P00123,252,Received
PO0006124,S0024,P00124,253,Cancelled
PO0006125,S0025,P00125,254,Created
PO0006126,S0026,P00126,255,Approved
PO0006127,S0027,P00127,256,Received
PO0006128,S0028,P00128,257,Cancelled
PO0006129,S0029,P00129,258,Created
PO0006130,S0030,P00130,259,Approved
PO0006131,S0031,P00131,260,Received
PO0006132,S0032,P00132,261,Cancelled
PO0006133,S0033,P00133,262,Created
PO0006134,S0034,P00134,263,Approved
PO0006135,S0035,P00135,264,Received
PO0006136,S0036,P00136,265,Cancelled
PO0006137,S0037,P00137,266,Created
PO0006138,S0038,P00138,267,Approved
PO0006139,S0039,P00139,268,Received
PO0006140,S0040,P00140,269,Cancelled
PO0006141,S0041,P00141,270,Created
PO0006142,S0042,P00142,271,Approved
PO0006143,S0043,P00143,272,Received
PO0006144,S0044,P00144,273,Cancelled
PO0006145,S0045,P00145,274,Created
PO0006146,S0046,P00146,275,Approved
PO0006147,S0047,P00147,276,Received
PO0006148,S0048,P00148,277,Cancelled
PO0006149,S0049,P00149,278,Created
PO0006150,S0050,P00150,279,Approved
PO0006151,S0051,P00151,280,Received
PO0006152,S0052,P00152,281,Cancelled
PO0006153,S0053,P00153,282,Created
PO0006154,S0054,P00154,283,Approved
PO0006155,S0055,P00155,284,Received
PO0006156,S0056,P00156,285,Cancelled
PO0006157,S0057,P00157,286,Created
PO0006158,S0058,P00158,287,Approved
PO0006159,S0059,P00159,288,Received
PO0006160,S0060,P00160,289,Cancelled
PO0006161,S0061,P00161,290,Created
PO0006162,S0062,P00162,291,Approved
PO0006163,S0063,P00163,292,Received
PO0006164,S0064,P00164,293,Cancelled
PO0006165,S0065,P00165,294,Created
PO0006166,S0066,P00166,295,Approved
PO0006167,S0067,P00167,296,Received
PO0006168,S0068,P00168,297,Cancelled
PO0006169,S0069,P00169,298,Created
PO0006170,S0070,P00170,299,Approved
PO0006171,S0071,P00171,300,Received
PO0006172,S0072,P00172,301,Cancelled
PO0006173,S0073,P00173,302,Created
PO0006174,S0074,P00174,303,Approved
PO0006175,S0075,P00175,304,Received
PO0006176,S0076,P00176,305,Cancelled
PO0006177,S0077,P00177,306,Created
PO0006178,S0078,P00178,307,Approved
PO0006179,S0079,P00179,308,Received
PO0006180,S0080,P00180,309,Cancelled
PO0006181,S0081,P00181,310,Created
PO0006182,S0082,P00182,311,Approved
PO0006183,S0083,P00183,312,Received
PO0006184,S0084,P00184,313,Cancelled
PO0006185,S0085,P00185,314,Created
PO0006186,S0086,P00186,315,Approved
PO0006187,S0087,P00187,316,Received
PO0006188,S0088,P00188,317,Cancelled
PO0006189,S0089,P00189,318,Created
PO0006190,S0090,P00190,319,Approved
PO0006191,S0091,P00191,320,Received
PO0006192,S0092,P00192,321,Cancelled
PO0006193,S0093,P00193,322,Created
PO0006194,S0094,P00194,323,Approved
PO0006195,S0095,P00195,324,Received
PO0006196,S0096,P00196,325,Cancelled
PO0006197,S0097,P00197,326,Created
PO0006198,S0098,P00198,327,Approved
PO0006199,S0099,P00199,328,Received
PO0006200,S0100,P00200,329,Cancelled
PO0006201,S0001,P00201,330,Created
PO0006202,S0002,P00202,331,Approved
PO0006203,S0003,P00203,332,Received
PO0006204,S0004,P00204,333,Cancelled
PO0006205,S0005,P00205,334,Created
PO0006206,S0006,P00206,335,Approved
PO0006207,S0007,P00207,336,Received
PO0006208,S0008,P00208,337,Cancelled
PO0006209,S0009,P00209,338,Created
PO0006210,S0010,P00210,339,Approved
PO0006211,S0011,P00211,340,Received
PO0006212,S0012,P00212,341,Cancelled
PO0006213,S0013,P00213,342,Created
PO0006214,S0014,P00214,343,Approved
PO0006215,S0015,P00215,344,Received
PO0006216,S0016,P00216,345,Cancelled
PO0006217,S0017,P00217,346,Created
PO0006218,S0018,P00218,347,Approved
PO0006219,S0019,P00219,348,Received
PO0006220,S0020,P00220,349,Cancelled
PO0006221,S0021,P00221,350,Created
PO0006222,S0022,P00222,351,Approved
PO0006223,S0023,P00223,352,Received
PO0006224,S0024,P00224,353,Cancelled
PO0006225,S0025,P00225,354,Created
PO0006226,S0026,P00226,355,Approved
PO0006227,S0027,P00227,356,Received
PO0006228,S0028,P00228,357,Cancelled
PO0006229,S0029,P00229,358,Created
PO0006230,S0030,P00230,359,Approved
PO0006231,S0031,P00231,360,Received
PO0006232,S0032,P00232,361,Cancelled
PO0006233,S0033,P00233,362,Created
PO0006234,S0034,P00234,363,Approved
PO0006235,S0035,P00235,364,Received
PO0006236,S0036,P00236,365,Cancelled
PO0006237,S0037,P00237,366,Created
PO0006238,S0038,P00238,367,Approved
PO0006239,S0039,P00239,368,Received
PO0006240,S0040,P00240,369,Cancelled
PO0006241,S0041,P00241,370,Created
PO0006242,S0042,P00242,371,Approved
PO0006243,S0043,P00243,372,Received
PO0006244,S0044,P00244,373,Cancelled
PO0006245,S0045,P00245,374,Created
PO0006246,S0046,P00246,375,Approved
PO0006247,S0047,P00247,376,Received
PO0006248,S0048,P00248,377,Cancelled
PO0006249,S0049,P00249,378,Created
PO0006250,S0050,P00250,379,Approved
PO0006251,S0051,P00251,380,Received
PO0006252,S0052,P00252,381,Cancelled
PO0006253,S0053,P00253,382,Created
PO0006254,S0054,P00254,383,Approved
PO0006255,S0055,P00255,384,Received
PO0006256,S0056,P00256,385,Cancelled
PO0006257,S0057,P00257,386,Created
PO0006258,S0058,P00258,387,Approved
PO0006259,S0059,P00259,388,Received
PO0006260,S0060,P00260,389,Cancelled
PO0006261,S0061,P00261,390,Created
PO0006262,S0062,P00262,391,Approved
PO0006263,S0063,P00263,392,Received
PO0006264,S0064,P00264,393,Cancelled
PO0006265,S0065,P00265,394,Created
PO0006266,S0066,P00266,395,Approved
PO0006267,S0067,P00267,396,Received
PO0006268,S0068,P00268,397,Cancelled
PO0006269,S0069,P00269,398,Created
PO0006270,S0070,P00270,399,Approved
PO0006271,S0071,P00271,400,Received
PO0006272,S0072,P00272,401,Cancelled
PO0006273,S0073,P00273,402,Created
PO0006274,S0074,P00274,403,Approved
PO0006275,S0075,P00275,404,Received
PO0006276,S0076,P00276,405,Cancelled
PO0006277,S0077,P00277,406,Created
PO0006278,S0078,P00278,407,Approved
PO0006279,S0079,P00279,408,Received
PO0006280,S0080,P00280,409,Cancelled
PO0006281,S0081,P00281,410,Created
PO0006282,S0082,P00282,411,Approved
PO0006283,S0083,P00283,412,Received
PO0006284,S0084,P00284,413,Cancelled
PO0006285,S0085,P00285,414,Created
PO0006286,S0086,P00286,415,Approved
PO0006287,S0087,P00287,416,Received
PO0006288,S0088,P00288,417,Cancelled
PO0006289,S0089,P00289,418,Created
PO0006290,S0090,P00290,419,Approved
PO0006291,S0091,P00291,420,Received
PO0006292,S0092,P00292,421,Cancelled
PO0006293,S0093,P00293,422,Created
PO0006294,S0094,P00294,423,Approved
PO0006295,S0095,P00295,424,Received
PO0006296,S0096,P00296,425,Cancelled
PO0006297,S0097,P00297,426,Created
PO0006298,S0098,P00298,427,Approved
PO0006299,S0099,P00299,428,Received
PO0006300,S0100,P00300,429,Cancelled
PO0006301,S0001,P00301,430,Created
PO0006302,S0002,P00302,431,Approved
PO0006303,S0003,P00303,432,Received
PO0006304,S0004,P00304,433,Cancelled
PO0006305,S0005,P00305,434,Created
PO0006306,S0006,P00306,435,Approved
PO0006307,S0007,P00307,436,Received
PO0006308,S0008,P00308,437,Cancelled
PO0006309,S0009,P00309,438,Created
PO0006310,S0010,P00310,439,Approved
PO0006311,S0011,P00311,440,Received
PO0006312,S0012,P00312,441,Cancelled
PO0006313,S0013,P00313,442,Created
PO0006314,S0014,P00314,443,Approved
PO0006315,S0015,P00315,444,Received
PO0006316,S0016,P00316,445,Cancelled
PO0006317,S0017,P00317,446,Created
PO0006318,S0018,P00318,447,Approved
PO0006319,S0019,P00319,448,Received
PO0006320,S0020,P00320,449,Cancelled
PO0006321,S0021,P00321,450,Created
PO0006322,S0022,P00322,451,Approved
PO0006323,S0023,P00323,452,Received
PO0006324,S0024,P00324,453,Cancelled
PO0006325,S0025,P00325,454,Created
PO0006326,S0026,P00326,455,Approved
PO0006327,S0027,P00327,456,Received
PO0006328,S0028,P00328,457,Cancelled
PO0006329,S0029,P00329,458,Created
PO0006330,S0030,P00330,459,Approved
PO0006331,S0031,P00331,460,Received
PO0006332,S0032,P00332,461,Cancelled
PO0006333,S0033,P00333,462,Created
PO0006334,S0034,P00334,463,Approved
PO0006335,S0035,P00335,464,Received
PO0006336,S0036,P00336,465,Cancelled
PO0006337,S0037,P00337,466,Created
PO0006338,S0038,P00338,467,Approved
PO0006339,S0039,P00339,468,Received
PO0006340,S0040,P00340,469,Cancelled
PO0006341,S0041,P00341,470,Created
PO0006342,S0042,P00342,471,Approved
PO0006343,S0043,P00343,472,Received
PO0006344,S0044,P00344,473,Cancelled
PO0006345,S0045,P00345,474,Created
PO0006346,S0046,P00346,475,Approved
PO0006347,S0047,P00347,476,Received
PO0006348,S0048,P00348,477,Cancelled
PO0006349,S0049,P00349,478,Created
PO0006350,S0050,P00350,479,Approved
PO0006351,S0051,P00351,480,Received
PO0006352,S0052,P00352,481,Cancelled
PO0006353,S0053,P00353,482,Created
PO0006354,S0054,P00354,483,Approved
PO0006355,S0055,P00355,484,Received
PO0006356,S0056,P00356,485,Cancelled
PO0006357,S0057,P00357,486,Created
PO0006358,S0058,P00358,487,Approved
PO0006359,S0059,P00359,488,Received
PO0006360,S0060,P00360,489,Cancelled
PO0006361,S0061,P00361,490,Created
PO0006362,S0062,P00362,491,Approved
PO0006363,S0063,P00363,492,Received
PO0006364,S0064,P00364,493,Cancelled
PO0006365,S0065,P00365,494,Created
PO0006366,S0066,P00366,495,Approved
PO0006367,S0067,P00367,496,Received
PO0006368,S0068,P00368,497,Cancelled
PO0006369,S0069,P00369,498,Created
PO0006370,S0070,P00370,499,Approved
PO0006371,S0071,P00371,10,Received
PO0006372,S0072,P00372,11,Cancelled
PO0006373,S0073,P00373,12,Created
PO0006374,S0074,P00374,13,Approved
PO0006375,S0075,P00375,14,Received
PO0006376,S0076,P00376,15,Cancelled
PO0006377,S0077,P00377,16,Created
PO0006378,S0078,P00378,17,Approved
PO0006379,S0079,P00379,18,Received
PO0006380,S0080,P00380,19,Cancelled
PO0006381,S0081,P00381,20,Created
PO0006382,S0082,P00382,21,Approved
PO0006383,S0083,P00383,22,Received
PO0006384,S0084,P00384,23,Cancelled
PO0006385,S0085,P00385,24,Created
PO0006386,S0086,P00386,25,Approved
PO0006387,S0087,P00387,26,Received
PO0006388,S0088,P00388,27,Cancelled
PO0006389,S0089,P00389,28,Created
PO0006390,S0090,P00390,29,Approved
PO0006391,S0091,P00391,30,Received
PO0006392,S0092,P00392,31,Cancelled
PO0006393,S0093,P00393,32,Created
PO0006394,S0094,P00394,33,Approved
PO0006395,S0095,P00395,34,Received
PO0006396,S0096,P00396,35,Cancelled
PO0006397,S0097,P00397,36,Created
PO0006398,S0098,P00398,37,Approved
PO0006399,S0099,P00399,38,Received
PO0006400,S0100,P00400,39,Cancelled
PO0006401,S0001,P00401,40,Created
PO0006402,S0002,P00402,41,Approved
PO0006403,S0003,P00403,42,Received
PO0006404,S0004,P00404,43,Cancelled
PO0006405,S0005,P00405,44,Created
PO0006406,S0006,P00406,45,Approved
PO0006407,S0007,P00407,46,Received
PO0006408,S0008,P00408,47,Cancelled
PO0006409,S0009,P00409,48,Created
PO0006410,S0010,P00410,49,Approved
PO0006411,S0011,P00411,50,Received
PO0006412,S0012,P00412,51,Cancelled
PO0006413,S0013,P00413,52,Created
PO0006414,S0014,P00414,53,Approved
PO0006415,S0015,P00415,54,Received
PO0006416,S0016,P00416,55,Cancelled
PO0006417,S0017,P00417,56,Created
PO0006418,S0018,P00418,57,Approved
PO0006419,S0019,P00419,58,Received
PO0006420,S0020,P00420,59,Cancelled
PO0006421,S0021,P00421,60,Created
PO0006422,S0022,P00422,61,Approved
PO0006423,S0023,P00423,62,Received
PO0006424,S0024,P00424,63,Cancelled
PO0006425,S0025,P00425,64,Created
PO0006426,S0026,P00426,65,Approved
PO0006427,S0027,P00427,66,Received
PO0006428,S0028,P00428,67,Cancelled
PO0006429,S0029,P00429,68,Created
PO0006430,S0030,P00430,69,Approved
PO0006431,S0031,P00431,70,Received
PO0006432,S0032,P00432,71,Cancelled
PO0006433,S0033,P00433,72,Created
PO0006434,S0034,P00434,73,Approved
PO0006435,S0035,P00435,74,Received
PO0006436,S0036,P00436,75,Cancelled
PO0006437,S0037,P00437,76,Created
PO0006438,S0038,P00438,77,Approved
PO0006439,S0039,P00439,78,Received
PO0006440,S0040,P00440,79,Cancelled
PO0006441,S0041,P00441,80,Created
PO0006442,S0042,P00442,81,Approved
PO0006443,S0043,P00443,82,Received
PO0006444,S0044,P00444,83,Cancelled
PO0006445,S0045,P00445,84,Created
PO0006446,S0046,P00446,85,Approved
PO0006447,S0047,P00447,86,Received
PO0006448,S0048,P00448,87,Cancelled
PO0006449,S0049,P00449,88,Created
PO0006450,S0050,P00450,89,Approved
PO0006451,S0051,P00451,90,Received
PO0006452,S0052,P00452,91,Cancelled
PO0006453,S0053,P00453,92,Created
PO0006454,S0054,P00454,93,Approved
PO0006455,S0055,P00455,94,Received
PO0006456,S0056,P00456,95,Cancelled
PO0006457,S0057,P00457,96,Created
PO0006458,S0058,P00458,97,Approved
PO0006459,S0059,P00459,98,Received
PO0006460,S0060,P00460,99,Cancelled
PO0006461,S0061,P00461,100,Created
PO0006462,S0062,P00462,101,Approved
PO0006463,S0063,P00463,102,Received
PO0006464,S0064,P00464,103,Cancelled
PO0006465,S0065,P00465,104,Created
PO0006466,S0066,P00466,105,Approved
PO0006467,S0067,P00467,106,Received
PO0006468,S0068,P00468,107,Cancelled
PO0006469,S0069,P00469,108,Created
PO0006470,S0070,P00470,109,Approved
PO0006471,S0071,P00471,110,Received
PO0006472,S0072,P00472,111,Cancelled
PO0006473,S0073,P00473,112,Created
PO0006474,S0074,P00474,113,Approved
PO0006475,S0075,P00475,114,Received
PO0006476,S0076,P00476,115,Cancelled
PO0006477,S0077,P00477,116,Created
PO0006478,S0078,P00478,117,Approved
PO0006479,S0079,P00479,118,Received
PO0006480,S0080,P00480,119,Cancelled
PO0006481,S0081,P00481,120,Created
PO0006482,S0082,P00482,121,Approved
PO0006483,S0083,P00483,122,Received
PO0006484,S0084,P00484,123,Cancelled
PO0006485,S0085,P00485,124,Created
PO0006486,S0086,P00486,125,Approved
PO0006487,S0087,P00487,126,Received
PO0006488,S0088,P00488,127,Cancelled
PO0006489,S0089,P00489,128,Created
PO0006490,S0090,P00490,129,Approved
PO0006491,S0091,P00491,130,Received
PO0006492,S0092,P00492,131,Cancelled
PO0006493,S0093,P00493,132,Created
PO0006494,S0094,P00494,133,Approved
PO0006495,S0095,P00495,134,Received
PO0006496,S0096,P00496,135,Cancelled
PO0006497,S0097,P00497,136,Created
PO0006498,S0098,P00498,137,Approved
PO0006499,S0099,P00499,138,Received
PO0006500,S0100,P00500,139,Cancelled
PO0006501,S0001,P00501,140,Created
PO0006502,S0002,P00502,141,Approved
PO0006503,S0003,P00503,142,Received
PO0006504,S0004,P00504,143,Cancelled
PO0006505,S0005,P00505,144,Created
PO0006506,S0006,P00506,145,Approved
PO0006507,S0007,P00507,146,Received
PO0006508,S0008,P00508,147,Cancelled
PO0006509,S0009,P00509,148,Created
PO0006510,S0010,P00510,149,Approved
PO0006511,S0011,P00511,150,Received
PO0006512,S0012,P00512,151,Cancelled
PO0006513,S0013,P00513,152,Created
PO0006514,S0014,P00514,153,Approved
PO0006515,S0015,P00515,154,Received
PO0006516,S0016,P00516,155,Cancelled
PO0006517,S0017,P00517,156,Created
PO0006518,S0018,P00518,157,Approved
PO0006519,S0019,P00519,158,Received
PO0006520,S0020,P00520,159,Cancelled
PO0006521,S0021,P00521,160,Created
PO0006522,S0022,P00522,161,Approved
PO0006523,S0023,P00523,162,Received
PO0006524,S0024,P00524,163,Cancelled
PO0006525,S0025,P00525,164,Created
PO0006526,S0026,P00526,165,Approved
PO0006527,S0027,P00527,166,Received
PO0006528,S0028,P00528,167,Cancelled
PO0006529,S0029,P00529,168,Created
PO0006530,S0030,P00530,169,Approved
PO0006531,S0031,P00531,170,Received
PO0006532,S0032,P00532,171,Cancelled
PO0006533,S0033,P00533,172,Created
PO0006534,S0034,P00534,173,Approved
PO0006535,S0035,P00535,174,Received
PO0006536,S0036,P00536,175,Cancelled
PO0006537,S0037,P00537,176,Created
PO0006538,S0038,P00538,177,Approved
PO0006539,S0039,P00539,178,Received
PO0006540,S0040,P00540,179,Cancelled
PO0006541,S0041,P00541,180,Created
PO0006542,S0042,P00542,181,Approved
PO0006543,S0043,P00543,182,Received
PO0006544,S0044,P00544,183,Cancelled
PO0006545,S0045,P00545,184,Created
PO0006546,S0046,P00546,185,Approved
PO0006547,S0047,P00547,186,Received
PO0006548,S0048,P00548,187,Cancelled
PO0006549,S0049,P00549,188,Created
PO0006550,S0050,P00550,189,Approved
PO0006551,S0051,P00551,190,Received
PO0006552,S0052,P00552,191,Cancelled
PO0006553,S0053,P00553,192,Created
PO0006554,S0054,P00554,193,Approved
PO0006555,S0055,P00555,194,Received
PO0006556,S0056,P00556,195,Cancelled
PO0006557,S0057,P00557,196,Created
PO0006558,S0058,P00558,197,Approved
PO0006559,S0059,P00559,198,Received
PO0006560,S0060,P00560,199,Cancelled
PO0006561,S0061,P00561,200,Created
PO0006562,S0062,P00562,201,Approved
PO0006563,S0063,P00563,202,Received
PO0006564,S0064,P00564,203,Cancelled
PO0006565,S0065,P00565,204,Created
PO0006566,S0066,P00566,205,Approved
PO0006567,S0067,P00567,206,Received
PO0006568,S0068,P00568,207,Cancelled
PO0006569,S0069,P00569,208,Created
PO0006570,S0070,P00570,209,Approved
PO0006571,S0071,P00571,210,Received
PO0006572,S0072,P00572,211,Cancelled
PO0006573,S0073,P00573,212,Created
PO0006574,S0074,P00574,213,Approved
PO0006575,S0075,P00575,214,Received
PO0006576,S0076,P00576,215,Cancelled
PO0006577,S0077,P00577,216,Created
PO0006578,S0078,P00578,217,Approved
PO0006579,S0079,P00579,218,Received
PO0006580,S0080,P00580,219,Cancelled
PO0006581,S0081,P00581,220,Created
PO0006582,S0082,P00582,221,Approved
PO0006583,S0083,P00583,222,Received
PO0006584,S0084,P00584,223,Cancelled
PO0006585,S0085,P00585,224,Created
PO0006586,S0086,P00586,225,Approved
PO0006587,S0087,P00587,226,Received
PO0006588,S0088,P00588,227,Cancelled
PO0006589,S0089,P00589,228,Created
PO0006590,S0090,P00590,229,Approved
PO0006591,S0091,P00591,230,Received
PO0006592,S0092,P00592,231,Cancelled
PO0006593,S0093,P00593,232,Created
PO0006594,S0094,P00594,233,Approved
PO0006595,S0095,P00595,234,Received
PO0006596,S0096,P00596,235,Cancelled
PO0006597,S0097,P00597,236,Created
PO0006598,S0098,P00598,237,Approved
PO0006599,S0099,P00599,238,Received
PO0006600,S0100,P00600,239,Cancelled
PO0006601,S0001,P00601,240,Created
PO0006602,S0002,P00602,241,Approved
PO0006603,S0003,P00603,242,Received
PO0006604,S0004,P00604,243,Cancelled
PO0006605,S0005,P00605,244,Created
PO0006606,S0006,P00606,245,Approved
PO0006607,S0007,P00607,246,Received
PO0006608,S0008,P00608,247,Cancelled
PO0006609,S0009,P00609,248,Created
PO0006610,S0010,P00610,249,Approved
PO0006611,S0011,P00611,250,Received
PO0006612,S0012,P00612,251,Cancelled
PO0006613,S0013,P00613,252,Created
PO0006614,S0014,P00614,253,Approved
PO0006615,S0015,P00615,254,Received
PO0006616,S0016,P00616,255,Cancelled
PO0006617,S0017,P00617,256,Created
PO0006618,S0018,P00618,257,Approved
PO0006619,S0019,P00619,258,Received
PO0006620,S0020,P00620,259,Cancelled
PO0006621,S0021,P00621,260,Created
PO0006622,S0022,P00622,261,Approved
PO0006623,S0023,P00623,262,Received
PO0006624,S0024,P00624,263,Cancelled
PO0006625,S0025,P00625,264,Created
PO0006626,S0026,P00626,265,Approved
PO0006627,S0027,P00627,266,Received
PO0006628,S0028,P00628,267,Cancelled
PO0006629,S0029,P00629,268,Created
PO0006630,S0030,P00630,269,Approved
PO0006631,S0031,P00631,270,Received
PO0006632,S0032,P00632,271,Cancelled
PO0006633,S0033,P00633,272,Created
PO0006634,S0034,P00634,273,Approved
PO0006635,S0035,P00635,274,Received
PO0006636,S0036,P00636,275,Cancelled
PO0006637,S0037,P00637,276,Created
PO0006638,S0038,P00638,277,Approved
PO0006639,S0039,P00639,278,Received
PO0006640,S0040,P00640,279,Cancelled
PO0006641,S0041,P00641,280,Created
PO0006642,S0042,P00642,281,Approved
PO0006643,S0043,P00643,282,Received
PO0006644,S0044,P00644,283,Cancelled
PO0006645,S0045,P00645,284,Created
PO0006646,S0046,P00646,285,Approved
PO0006647,S0047,P00647,286,Received
PO0006648,S0048,P00648,287,Cancelled
PO0006649,S0049,P00649,288,Created
PO0006650,S0050,P00650,289,Approved
PO0006651,S0051,P00651,290,Received
PO0006652,S0052,P00652,291,Cancelled
PO0006653,S0053,P00653,292,Created
PO0006654,S0054,P00654,293,Approved
PO0006655,S0055,P00655,294,Received
PO0006656,S0056,P00656,295,Cancelled
PO0006657,S0057,P00657,296,Created
PO0006658,S0058,P00658,297,Approved
PO0006659,S0059,P00659,298,Received
PO0006660,S0060,P00660,299,Cancelled
PO0006661,S0061,P00661,300,Created
PO0006662,S0062,P00662,301,Approved
PO0006663,S0063,P00663,302,Received
PO0006664,S0064,P00664,303,Cancelled
PO0006665,S0065,P00665,304,Created
PO0006666,S0066,P00666,305,Approved
PO0006667,S0067,P00667,306,Received
PO0006668,S0068,P00668,307,Cancelled
PO0006669,S0069,P00669,308,Created
PO0006670,S0070,P00670,309,Approved
PO0006671,S0071,P00671,310,Received
PO0006672,S0072,P00672,311,Cancelled
PO0006673,S0073,P00673,312,Created
PO0006674,S0074,P00674,313,Approved
PO0006675,S0075,P00675,314,Received
PO0006676,S0076,P00676,315,Cancelled
PO0006677,S0077,P00677,316,Created
PO0006678,S0078,P00678,317,Approved
PO0006679,S0079,P00679,318,Received
PO0006680,S0080,P00680,319,Cancelled
PO0006681,S0081,P00681,320,Created
PO0006682,S0082,P00682,321,Approved
PO0006683,S0083,P00683,322,Received
PO0006684,S0084,P00684,323,Cancelled
PO0006685,S0085,P00685,324,Created
PO0006686,S0086,P00686,325,Approved
PO0006687,S0087,P00687,326,Received
PO0006688,S0088,P00688,327,Cancelled
PO0006689,S0089,P00689,328,Created
PO0006690,S0090,P00690,329,Approved
PO0006691,S0091,P00691,330,Received
PO0006692,S0092,P00692,331,Cancelled
PO0006693,S0093,P00693,332,Created
PO0006694,S0094,P00694,333,Approved
PO0006695,S0095,P00695,334,Received
PO0006696,S0096,P00696,335,Cancelled
PO0006697,S0097,P00697,336,Created
PO0006698,S0098,P00698,337,Approved
PO0006699,S0099,P00699,338,Received
PO0006700,S0100,P00700,339,Cancelled
PO0006701,S0001,P00701,340,Created
PO0006702,S0002,P00702,341,Approved
PO0006703,S0003,P00703,342,Received
PO0006704,S0004,P00704,343,Cancelled
PO0006705,S0005,P00705,344,Created
PO0006706,S0006,P00706,345,Approved
PO0006707,S0007,P00707,346,Received
PO0006708,S0008,P00708,347,Cancelled
PO0006709,S0009,P00709,348,Created
PO0006710,S0010,P00710,349,Approved
PO0006711,S0011,P00711,350,Received
PO0006712,S0012,P00712,351,Cancelled
PO0006713,S0013,P00713,352,Created
PO0006714,S0014,P00714,353,Approved
PO0006715,S0015,P00715,354,Received
PO0006716,S0016,P00716,355,Cancelled
PO0006717,S0017,P00717,356,Created
PO0006718,S0018,P00718,357,Approved
PO0006719,S0019,P00719,358,Received
PO0006720,S0020,P00720,359,Cancelled
PO0006721,S0021,P00721,360,Created
PO0006722,S0022,P00722,361,Approved
PO0006723,S0023,P00723,362,Received
PO0006724,S0024,P00724,363,Cancelled
PO0006725,S0025,P00725,364,Created
PO0006726,S0026,P00726,365,Approved
PO0006727,S0027,P00727,366,Received
PO0006728,S0028,P00728,367,Cancelled
PO0006729,S0029,P00729,368,Created
PO0006730,S0030,P00730,369,Approved
PO0006731,S0031,P00731,370,Received
PO0006732,S0032,P00732,371,Cancelled
PO0006733,S0033,P00733,372,Created
PO0006734,S0034,P00734,373,Approved
PO0006735,S0035,P00735,374,Received
PO0006736,S0036,P00736,375,Cancelled
PO0006737,S0037,P00737,376,Created
PO0006738,S0038,P00738,377,Approved
PO0006739,S0039,P00739,378,Received
PO0006740,S0040,P00740,379,Cancelled
PO0006741,S0041,P00741,380,Created
PO0006742,S0042,P00742,381,Approved
PO0006743,S0043,P00743,382,Received
PO0006744,S0044,P00744,383,Cancelled
PO0006745,S0045,P00745,384,Created
PO0006746,S0046,P00746,385,Approved
PO0006747,S0047,P00747,386,Received
PO0006748,S0048,P00748,387,Cancelled
PO0006749,S0049,P00749,388,Created
PO0006750,S0050,P00750,389,Approved
PO0006751,S0051,P00751,390,Received
PO0006752,S0052,P00752,391,Cancelled
PO0006753,S0053,P00753,392,Created
PO0006754,S0054,P00754,393,Approved
PO0006755,S0055,P00755,394,Received
PO0006756,S0056,P00756,395,Cancelled
PO0006757,S0057,P00757,396,Created
PO0006758,S0058,P00758,397,Approved
PO0006759,S0059,P00759,398,Received
PO0006760,S0060,P00760,399,Cancelled
PO0006761,S0061,P00761,400,Created
PO0006762,S0062,P00762,401,Approved
PO0006763,S0063,P00763,402,Received
PO0006764,S0064,P00764,403,Cancelled
PO0006765,S0065,P00765,404,Created
PO0006766,S0066,P00766,405,Approved
PO0006767,S0067,P00767,406,Received
PO0006768,S0068,P00768,407,Cancelled
PO0006769,S0069,P00769,408,Created
PO0006770,S0070,P00770,409,Approved
PO0006771,S0071,P00771,410,Received
PO0006772,S0072,P00772,411,Cancelled
PO0006773,S0073,P00773,412,Created
PO0006774,S0074,P00774,413,Approved
PO0006775,S0075,P00775,414,Received
PO0006776,S0076,P00776,415,Cancelled
PO0006777,S0077,P00777,416,Created
PO0006778,S0078,P00778,417,Approved
PO0006779,S0079,P00779,418,Received
PO0006780,S0080,P00780,419,Cancelled
PO0006781,S0081,P00781,420,Created
PO0006782,S0082,P00782,421,Approved
PO0006783,S0083,P00783,422,Received
PO0006784,S0084,P00784,423,Cancelled
PO0006785,S0085,P00785,424,Created
PO0006786,S0086,P00786,425,Approved
PO0006787,S0087,P00787,426,Received
PO0006788,S0088,P00788,427,Cancelled
PO0006789,S0089,P00789,428,Created
PO0006790,S0090,P00790,429,Approved
PO0006791,S0091,P00791,430,Received
PO0006792,S0092,P00792,431,Cancelled
PO0006793,S0093,P00793,432,Created
PO0006794,S0094,P00794,433,Approved
PO0006795,S0095,P00795,434,Received
PO0006796,S0096,P00796,435,Cancelled
PO0006797,S0097,P00797,436,Created
PO0006798,S0098,P00798,437,Approved
PO0006799,S0099,P00799,438,Received
PO0006800,S0100,P00800,439,Cancelled
PO0006801,S0001,P00801,440,Created
PO0006802,S0002,P00802,441,Approved
PO0006803,S0003,P00803,442,Received
PO0006804,S0004,P00804,443,Cancelled
PO0006805,S0005,P00805,444,Created
PO0006806,S0006,P00806,445,Approved
PO0006807,S0007,P00807,446,Received
PO0006808,S0008,P00808,447,Cancelled
PO0006809,S0009,P00809,448,Created
PO0006810,S0010,P00810,449,Approved
PO0006811,S0011,P00811,450,Received
PO0006812,S0012,P00812,451,Cancelled
PO0006813,S0013,P00813,452,Created
PO0006814,S0014,P00814,453,Approved
PO0006815,S0015,P00815,454,Received
PO0006816,S0016,P00816,455,Cancelled
PO0006817,S0017,P00817,456,Created
PO0006818,S0018,P00818,457,Approved
PO0006819,S0019,P00819,458,Received
PO0006820,S0020,P00820,459,Cancelled
PO0006821,S0021,P00821,460,Created
PO0006822,S0022,P00822,461,Approved
PO0006823,S0023,P00823,462,Received
PO0006824,S0024,P00824,463,Cancelled
PO0006825,S0025,P00825,464,Created
PO0006826,S0026,P00826,465,Approved
PO0006827,S0027,P00827,466,Received
PO0006828,S0028,P00828,467,Cancelled
PO0006829,S0029,P00829,468,Created
PO0006830,S0030,P00830,469,Approved
PO0006831,S0031,P00831,470,Received
PO0006832,S0032,P00832,471,Cancelled
PO0006833,S0033,P00833,472,Created
PO0006834,S0034,P00834,473,Approved
PO0006835,S0035,P00835,474,Received
PO0006836,S0036,P00836,475,Cancelled
PO0006837,S0037,P00837,476,Created
PO0006838,S0038,P00838,477,Approved
PO0006839,S0039,P00839,478,Received
PO0006840,S0040,P00840,479,Cancelled
PO0006841,S0041,P00841,480,Created
PO0006842,S0042,P00842,481,Approved
PO0006843,S0043,P00843,482,Received
PO0006844,S0044,P00844,483,Cancelled
PO0006845,S0045,P00845,484,Created
PO0006846,S0046,P00846,485,Approved
PO0006847,S0047,P00847,486,Received
PO0006848,S0048,P00848,487,Cancelled
PO0006849,S0049,P00849,488,Created
PO0006850,S0050,P00850,489,Approved
PO0006851,S0051,P00851,490,Received
PO0006852,S0052,P00852,491,Cancelled
PO0006853,S0053,P00853,492,Created
PO0006854,S0054,P00854,493,Approved
PO0006855,S0055,P00855,494,Received
PO0006856,S0056,P00856,495,Cancelled
PO0006857,S0057,P00857,496,Created
PO0006858,S0058,P00858,497,Approved
PO0006859,S0059,P00859,498,Received
PO0006860,S0060,P00860,499,Cancelled
PO0006861,S0061,P00861,10,Created
PO0006862,S0062,P00862,11,Approved
PO0006863,S0063,P00863,12,Received
PO0006864,S0064,P00864,13,Cancelled
PO0006865,S0065,P00865,14,Created
PO0006866,S0066,P00866,15,Approved
PO0006867,S0067,P00867,16,Received
PO0006868,S0068,P00868,17,Cancelled
PO0006869,S0069,P00869,18,Created
PO0006870,S0070,P00870,19,Approved
PO0006871,S0071,P00871,20,Received
PO0006872,S0072,P00872,21,Cancelled
PO0006873,S0073,P00873,22,Created
PO0006874,S0074,P00874,23,Approved
PO0006875,S0075,P00875,24,Received
PO0006876,S0076,P00876,25,Cancelled
PO0006877,S0077,P00877,26,Created
PO0006878,S0078,P00878,27,Approved
PO0006879,S0079,P00879,28,Received
PO0006880,S0080,P00880,29,Cancelled
PO0006881,S0081,P00881,30,Created
PO0006882,S0082,P00882,31,Approved
PO0006883,S0083,P00883,32,Received
PO0006884,S0084,P00884,33,Cancelled
PO0006885,S0085,P00885,34,Created
PO0006886,S0086,P00886,35,Approved
PO0006887,S0087,P00887,36,Received
PO0006888,S0088,P00888,37,Cancelled
PO0006889,S0089,P00889,38,Created
PO0006890,S0090,P00890,39,Approved
PO0006891,S0091,P00891,40,Received
PO0006892,S0092,P00892,41,Cancelled
PO0006893,S0093,P00893,42,Created
PO0006894,S0094,P00894,43,Approved
PO0006895,S0095,P00895,44,Received
PO0006896,S0096,P00896,45,Cancelled
PO0006897,S0097,P00897,46,Created
PO0006898,S0098,P00898,47,Approved
PO0006899,S0099,P00899,48,Received
PO0006900,S0100,P00900,49,Cancelled
PO0006901,S0001,P00901,50,Created
PO0006902,S0002,P00902,51,Approved
PO0006903,S0003,P00903,52,Received
PO0006904,S0004,P00904,53,Cancelled
PO0006905,S0005,P00905,54,Created
PO0006906,S0006,P00906,55,Approved
PO0006907,S0007,P00907,56,Received
PO0006908,S0008,P00908,57,Cancelled
PO0006909,S0009,P00909,58,Created
PO0006910,S0010,P00910,59,Approved
PO0006911,S0011,P00911,60,Received
PO0006912,S0012,P00912,61,Cancelled
PO0006913,S0013,P00913,62,Created
PO0006914,S0014,P00914,63,Approved
PO0006915,S0015,P00915,64,Received
PO0006916,S0016,P00916,65,Cancelled
PO0006917,S0017,P00917,66,Created
PO0006918,S0018,P00918,67,Approved
PO0006919,S0019,P00919,68,Received
PO0006920,S0020,P00920,69,Cancelled
PO0006921,S0021,P00921,70,Created
PO0006922,S0022,P00922,71,Approved
PO0006923,S0023,P00923,72,Received
PO0006924,S0024,P00924,73,Cancelled
PO0006925,S0025,P00925,74,Created
PO0006926,S0026,P00926,75,Approved
PO0006927,S0027,P00927,76,Received
PO0006928,S0028,P00928,77,Cancelled
PO0006929,S0029,P00929,78,Created
PO0006930,S0030,P00930,79,Approved
PO0006931,S0031,P00931,80,Received
PO0006932,S0032,P00932,81,Cancelled
PO0006933,S0033,P00933,82,Created
PO0006934,S0034,P00934,83,Approved
PO0006935,S0035,P00935,84,Received
PO0006936,S0036,P00936,85,Cancelled
PO0006937,S0037,P00937,86,Created
PO0006938,S0038,P00938,87,Approved
PO0006939,S0039,P00939,88,Received
PO0006940,S0040,P00940,89,Cancelled
PO0006941,S0041,P00941,90,Created
PO0006942,S0042,P00942,91,Approved
PO0006943,S0043,P00943,92,Received
PO0006944,S0044,P00944,93,Cancelled
PO0006945,S0045,P00945,94,Created
PO0006946,S0046,P00946,95,Approved
PO0006947,S0047,P00947,96,Received
PO0006948,S0048,P00948,97,Cancelled
PO0006949,S0049,P00949,98,Created
PO0006950,S0050,P00950,99,Approved
PO0006951,S0051,P00951,100,Received
PO0006952,S0052,P00952,101,Cancelled
PO0006953,S0053,P00953,102,Created
PO0006954,S0054,P00954,103,Approved
PO0006955,S0055,P00955,104,Received
PO0006956,S0056,P00956,105,Cancelled
PO0006957,S0057,P00957,106,Created
PO0006958,S0058,P00958,107,Approved
PO0006959,S0059,P00959,108,Received
PO0006960,S0060,P00960,109,Cancelled
PO0006961,S0061,P00961,110,Created
PO0006962,S0062,P00962,111,Approved
PO0006963,S0063,P00963,112,Received
PO0006964,S0064,P00964,113,Cancelled
PO0006965,S0065,P00965,114,Created
PO0006966,S0066,P00966,115,Approved
PO0006967,S0067,P00967,116,Received
PO0006968,S0068,P00968,117,Cancelled
PO0006969,S0069,P00969,118,Created
PO0006970,S0070,P00970,119,Approved
PO0006971,S0071,P00971,120,Received
PO0006972,S0072,P00972,121,Cancelled
PO0006973,S0073,P00973,122,Created
PO0006974,S0074,P00974,123,Approved
PO0006975,S0075,P00975,124,Received
PO0006976,S0076,P00976,125,Cancelled
PO0006977,S0077,P00977,126,Created
PO0006978,S0078,P00978,127,Approved
PO0006979,S0079,P00979,128,Received
PO0006980,S0080,P00980,129,Cancelled
PO0006981,S0081,P00981,130,Created
PO0006982,S0082,P00982,131,Approved
PO0006983,S0083,P00983,132,Received
PO0006984,S0084,P00984,133,Cancelled
PO0006985,S0085,P00985,134,Created
PO0006986,S0086,P00986,135,Approved
PO0006987,S0087,P00987,136,Received
PO0006988,S0088,P00988,137,Cancelled
PO0006989,S0089,P00989,138,Created
PO0006990,S0090,P00990,139,Approved
PO0006991,S0091,P00991,140,Received
PO0006992,S0092,P00992,141,Cancelled
PO0006993,S0093,P00993,142,Created
PO0006994,S0094,P00994,143,Approved
PO0006995,S0095,P00995,144,Received
PO0006996,S0096,P00996,145,Cancelled
PO0006997,S0097,P00997,146,Created
PO0006998,S0098,P00998,147,Approved
PO0006999,S0099,P00999,148,Received
PO0007000,S0100,P01000,149,Cancelled
PO0007001,S0001,P00001,150,Created
PO0007002,S0002,P00002,151,Approved
PO0007003,S0003,P00003,152,Received
PO0007004,S0004,P00004,153,Cancelled
PO0007005,S0005,P00005,154,Created
PO0007006,S0006,P00006,155,Approved
PO0007007,S0007,P00007,156,Received
PO0007008,S0008,P00008,157,Cancelled
PO0007009,S0009,P00009,158,Created
PO0007010,S0010,P00010,159,Approved
PO0007011,S0011,P00011,160,Received
PO0007012,S0012,P00012,161,Cancelled
PO0007013,S0013,P00013,162,Created
PO0007014,S0014,P00014,163,Approved
PO0007015,S0015,P00015,164,Received
PO0007016,S0016,P00016,165,Cancelled
PO0007017,S0017,P00017,166,Created
PO0007018,S0018,P00018,167,Approved
PO0007019,S0019,P00019,168,Received
PO0007020,S0020,P00020,169,Cancelled
PO0007021,S0021,P00021,170,Created
PO0007022,S0022,P00022,171,Approved
PO0007023,S0023,P00023,172,Received
PO0007024,S0024,P00024,173,Cancelled
PO0007025,S0025,P00025,174,Created
PO0007026,S0026,P00026,175,Approved
PO0007027,S0027,P00027,176,Received
PO0007028,S0028,P00028,177,Cancelled
PO0007029,S0029,P00029,178,Created
PO0007030,S0030,P00030,179,Approved
PO0007031,S0031,P00031,180,Received
PO0007032,S0032,P00032,181,Cancelled
PO0007033,S0033,P00033,182,Created
PO0007034,S0034,P00034,183,Approved
PO0007035,S0035,P00035,184,Received
PO0007036,S0036,P00036,185,Cancelled
PO0007037,S0037,P00037,186,Created
PO0007038,S0038,P00038,187,Approved
PO0007039,S0039,P00039,188,Received
PO0007040,S0040,P00040,189,Cancelled
PO0007041,S0041,P00041,190,Created
PO0007042,S0042,P00042,191,Approved
PO0007043,S0043,P00043,192,Received
PO0007044,S0044,P00044,193,Cancelled
PO0007045,S0045,P00045,194,Created
PO0007046,S0046,P00046,195,Approved
PO0007047,S0047,P00047,196,Received
PO0007048,S0048,P00048,197,Cancelled
PO0007049,S0049,P00049,198,Created
PO0007050,S0050,P00050,199,Approved
PO0007051,S0051,P00051,200,Received
PO0007052,S0052,P00052,201,Cancelled
PO0007053,S0053,P00053,202,Created
PO0007054,S0054,P00054,203,Approved
PO0007055,S0055,P00055,204,Received
PO0007056,S0056,P00056,205,Cancelled
PO0007057,S0057,P00057,206,Created
PO0007058,S0058,P00058,207,Approved
PO0007059,S0059,P00059,208,Received
PO0007060,S0060,P00060,209,Cancelled
PO0007061,S0061,P00061,210,Created
PO0007062,S0062,P00062,211,Approved
PO0007063,S0063,P00063,212,Received
PO0007064,S0064,P00064,213,Cancelled
PO0007065,S0065,P00065,214,Created
PO0007066,S0066,P00066,215,Approved
PO0007067,S0067,P00067,216,Received
PO0007068,S0068,P00068,217,Cancelled
PO0007069,S0069,P00069,218,Created
PO0007070,S0070,P00070,219,Approved
PO0007071,S0071,P00071,220,Received
PO0007072,S0072,P00072,221,Cancelled
PO0007073,S0073,P00073,222,Created
PO0007074,S0074,P00074,223,Approved
PO0007075,S0075,P00075,224,Received
PO0007076,S0076,P00076,225,Cancelled
PO0007077,S0077,P00077,226,Created
PO0007078,S0078,P00078,227,Approved
PO0007079,S0079,P00079,228,Received
PO0007080,S0080,P00080,229,Cancelled
PO0007081,S0081,P00081,230,Created
PO0007082,S0082,P00082,231,Approved
PO0007083,S0083,P00083,232,Received
PO0007084,S0084,P00084,233,Cancelled
PO0007085,S0085,P00085,234,Created
PO0007086,S0086,P00086,235,Approved
PO0007087,S0087,P00087,236,Received
PO0007088,S0088,P00088,237,Cancelled
PO0007089,S0089,P00089,238,Created
PO0007090,S0090,P00090,239,Approved
PO0007091,S0091,P00091,240,Received
PO0007092,S0092,P00092,241,Cancelled
PO0007093,S0093,P00093,242,Created
PO0007094,S0094,P00094,243,Approved
PO0007095,S0095,P00095,244,Received
PO0007096,S0096,P00096,245,Cancelled
PO0007097,S0097,P00097,246,Created
PO0007098,S0098,P00098,247,Approved
PO0007099,S0099,P00099,248,Received
PO0007100,S0100,P00100,249,Cancelled
PO0007101,S0001,P00101,250,Created
PO0007102,S0002,P00102,251,Approved
PO0007103,S0003,P00103,252,Received
PO0007104,S0004,P00104,253,Cancelled
PO0007105,S0005,P00105,254,Created
PO0007106,S0006,P00106,255,Approved
PO0007107,S0007,P00107,256,Received
PO0007108,S0008,P00108,257,Cancelled
PO0007109,S0009,P00109,258,Created
PO0007110,S0010,P00110,259,Approved
PO0007111,S0011,P00111,260,Received
PO0007112,S0012,P00112,261,Cancelled
PO0007113,S0013,P00113,262,Created
PO0007114,S0014,P00114,263,Approved
PO0007115,S0015,P00115,264,Received
PO0007116,S0016,P00116,265,Cancelled
PO0007117,S0017,P00117,266,Created
PO0007118,S0018,P00118,267,Approved
PO0007119,S0019,P00119,268,Received
PO0007120,S0020,P00120,269,Cancelled
PO0007121,S0021,P00121,270,Created
PO0007122,S0022,P00122,271,Approved
PO0007123,S0023,P00123,272,Received
PO0007124,S0024,P00124,273,Cancelled
PO0007125,S0025,P00125,274,Created
PO0007126,S0026,P00126,275,Approved
PO0007127,S0027,P00127,276,Received
PO0007128,S0028,P00128,277,Cancelled
PO0007129,S0029,P00129,278,Created
PO0007130,S0030,P00130,279,Approved
PO0007131,S0031,P00131,280,Received
PO0007132,S0032,P00132,281,Cancelled
PO0007133,S0033,P00133,282,Created
PO0007134,S0034,P00134,283,Approved
PO0007135,S0035,P00135,284,Received
PO0007136,S0036,P00136,285,Cancelled
PO0007137,S0037,P00137,286,Created
PO0007138,S0038,P00138,287,Approved
PO0007139,S0039,P00139,288,Received
PO0007140,S0040,P00140,289,Cancelled
PO0007141,S0041,P00141,290,Created
PO0007142,S0042,P00142,291,Approved
PO0007143,S0043,P00143,292,Received
PO0007144,S0044,P00144,293,Cancelled
PO0007145,S0045,P00145,294,Created
PO0007146,S0046,P00146,295,Approved
PO0007147,S0047,P00147,296,Received
PO0007148,S0048,P00148,297,Cancelled
PO0007149,S0049,P00149,298,Created
PO0007150,S0050,P00150,299,Approved
PO0007151,S0051,P00151,300,Received
PO0007152,S0052,P00152,301,Cancelled
PO0007153,S0053,P00153,302,Created
PO0007154,S0054,P00154,303,Approved
PO0007155,S0055,P00155,304,Received
PO0007156,S0056,P00156,305,Cancelled
PO0007157,S0057,P00157,306,Created
PO0007158,S0058,P00158,307,Approved
PO0007159,S0059,P00159,308,Received
PO0007160,S0060,P00160,309,Cancelled
PO0007161,S0061,P00161,310,Created
PO0007162,S0062,P00162,311,Approved
PO0007163,S0063,P00163,312,Received
PO0007164,S0064,P00164,313,Cancelled
PO0007165,S0065,P00165,314,Created
PO0007166,S0066,P00166,315,Approved
PO0007167,S0067,P00167,316,Received
PO0007168,S0068,P00168,317,Cancelled
PO0007169,S0069,P00169,318,Created
PO0007170,S0070,P00170,319,Approved
PO0007171,S0071,P00171,320,Received
PO0007172,S0072,P00172,321,Cancelled
PO0007173,S0073,P00173,322,Created
PO0007174,S0074,P00174,323,Approved
PO0007175,S0075,P00175,324,Received
PO0007176,S0076,P00176,325,Cancelled
PO0007177,S0077,P00177,326,Created
PO0007178,S0078,P00178,327,Approved
PO0007179,S0079,P00179,328,Received
PO0007180,S0080,P00180,329,Cancelled
PO0007181,S0081,P00181,330,Created
PO0007182,S0082,P00182,331,Approved
PO0007183,S0083,P00183,332,Received
PO0007184,S0084,P00184,333,Cancelled
PO0007185,S0085,P00185,334,Created
PO0007186,S0086,P00186,335,Approved
PO0007187,S0087,P00187,336,Received
PO0007188,S0088,P00188,337,Cancelled
PO0007189,S0089,P00189,338,Created
PO0007190,S0090,P00190,339,Approved
PO0007191,S0091,P00191,340,Received
PO0007192,S0092,P00192,341,Cancelled
PO0007193,S0093,P00193,342,Created
PO0007194,S0094,P00194,343,Approved
PO0007195,S0095,P00195,344,Received
PO0007196,S0096,P00196,345,Cancelled
PO0007197,S0097,P00197,346,Created
PO0007198,S0098,P00198,347,Approved
PO0007199,S0099,P00199,348,Received
PO0007200,S0100,P00200,349,Cancelled
PO0007201,S0001,P00201,350,Created
PO0007202,S0002,P00202,351,Approved
PO0007203,S0003,P00203,352,Received
PO0007204,S0004,P00204,353,Cancelled
PO0007205,S0005,P00205,354,Created
PO0007206,S0006,P00206,355,Approved
PO0007207,S0007,P00207,356,Received
PO0007208,S0008,P00208,357,Cancelled
PO0007209,S0009,P00209,358,Created
PO0007210,S0010,P00210,359,Approved
PO0007211,S0011,P00211,360,Received
PO0007212,S0012,P00212,361,Cancelled
PO0007213,S0013,P00213,362,Created
PO0007214,S0014,P00214,363,Approved
PO0007215,S0015,P00215,364,Received
PO0007216,S0016,P00216,365,Cancelled
PO0007217,S0017,P00217,366,Created
PO0007218,S0018,P00218,367,Approved
PO0007219,S0019,P00219,368,Received
PO0007220,S0020,P00220,369,Cancelled
PO0007221,S0021,P00221,370,Created
PO0007222,S0022,P00222,371,Approved
PO0007223,S0023,P00223,372,Received
PO0007224,S0024,P00224,373,Cancelled
PO0007225,S0025,P00225,374,Created
PO0007226,S0026,P00226,375,Approved
PO0007227,S0027,P00227,376,Received
PO0007228,S0028,P00228,377,Cancelled
PO0007229,S0029,P00229,378,Created
PO0007230,S0030,P00230,379,Approved
PO0007231,S0031,P00231,380,Received
PO0007232,S0032,P00232,381,Cancelled
PO0007233,S0033,P00233,382,Created
PO0007234,S0034,P00234,383,Approved
PO0007235,S0035,P00235,384,Received
PO0007236,S0036,P00236,385,Cancelled
PO0007237,S0037,P00237,386,Created
PO0007238,S0038,P00238,387,Approved
PO0007239,S0039,P00239,388,Received
PO0007240,S0040,P00240,389,Cancelled
PO0007241,S0041,P00241,390,Created
PO0007242,S0042,P00242,391,Approved
PO0007243,S0043,P00243,392,Received
PO0007244,S0044,P00244,393,Cancelled
PO0007245,S0045,P00245,394,Created
PO0007246,S0046,P00246,395,Approved
PO0007247,S0047,P00247,396,Received
PO0007248,S0048,P00248,397,Cancelled
PO0007249,S0049,P00249,398,Created
PO0007250,S0050,P00250,399,Approved
PO0007251,S0051,P00251,400,Received
PO0007252,S0052,P00252,401,Cancelled
PO0007253,S0053,P00253,402,Created
PO0007254,S0054,P00254,403,Approved
PO0007255,S0055,P00255,404,Received
PO0007256,S0056,P00256,405,Cancelled
PO0007257,S0057,P00257,406,Created
PO0007258,S0058,P00258,407,Approved
PO0007259,S0059,P00259,408,Received
PO0007260,S0060,P00260,409,Cancelled
PO0007261,S0061,P00261,410,Created
PO0007262,S0062,P00262,411,Approved
PO0007263,S0063,P00263,412,Received
PO0007264,S0064,P00264,413,Cancelled
PO0007265,S0065,P00265,414,Created
PO0007266,S0066,P00266,415,Approved
PO0007267,S0067,P00267,416,Received
PO0007268,S0068,P00268,417,Cancelled
PO0007269,S0069,P00269,418,Created
PO0007270,S0070,P00270,419,Approved
PO0007271,S0071,P00271,420,Received
PO0007272,S0072,P00272,421,Cancelled
PO0007273,S0073,P00273,422,Created
PO0007274,S0074,P00274,423,Approved
PO0007275,S0075,P00275,424,Received
PO0007276,S0076,P00276,425,Cancelled
PO0007277,S0077,P00277,426,Created
PO0007278,S0078,P00278,427,Approved
PO0007279,S0079,P00279,428,Received
PO0007280,S0080,P00280,429,Cancelled
PO0007281,S0081,P00281,430,Created
PO0007282,S0082,P00282,431,Approved
PO0007283,S0083,P00283,432,Received
PO0007284,S0084,P00284,433,Cancelled
PO0007285,S0085,P00285,434,Created
PO0007286,S0086,P00286,435,Approved
PO0007287,S0087,P00287,436,Received
PO0007288,S0088,P00288,437,Cancelled
PO0007289,S0089,P00289,438,Created
PO0007290,S0090,P00290,439,Approved
PO0007291,S0091,P00291,440,Received
PO0007292,S0092,P00292,441,Cancelled
PO0007293,S0093,P00293,442,Created
PO0007294,S0094,P00294,443,Approved
PO0007295,S0095,P00295,444,Received
PO0007296,S0096,P00296,445,Cancelled
PO0007297,S0097,P00297,446,Created
PO0007298,S0098,P00298,447,Approved
PO0007299,S0099,P00299,448,Received
PO0007300,S0100,P00300,449,Cancelled
PO0007301,S0001,P00301,450,Created
PO0007302,S0002,P00302,451,Approved
PO0007303,S0003,P00303,452,Received
PO0007304,S0004,P00304,453,Cancelled
PO0007305,S0005,P00305,454,Created
PO0007306,S0006,P00306,455,Approved
PO0007307,S0007,P00307,456,Received
PO0007308,S0008,P00308,457,Cancelled
PO0007309,S0009,P00309,458,Created
PO0007310,S0010,P00310,459,Approved
PO0007311,S0011,P00311,460,Received
PO0007312,S0012,P00312,461,Cancelled
PO0007313,S0013,P00313,462,Created
PO0007314,S0014,P00314,463,Approved
PO0007315,S0015,P00315,464,Received
PO0007316,S0016,P00316,465,Cancelled
PO0007317,S0017,P00317,466,Created
PO0007318,S0018,P00318,467,Approved
PO0007319,S0019,P00319,468,Received
PO0007320,S0020,P00320,469,Cancelled
PO0007321,S0021,P00321,470,Created
PO0007322,S0022,P00322,471,Approved
PO0007323,S0023,P00323,472,Received
PO0007324,S0024,P00324,473,Cancelled
PO0007325,S0025,P00325,474,Created
PO0007326,S0026,P00326,475,Approved
PO0007327,S0027,P00327,476,Received
PO0007328,S0028,P00328,477,Cancelled
PO0007329,S0029,P00329,478,Created
PO0007330,S0030,P00330,479,Approved
PO0007331,S0031,P00331,480,Received
PO0007332,S0032,P00332,481,Cancelled
PO0007333,S0033,P00333,482,Created
PO0007334,S0034,P00334,483,Approved
PO0007335,S0035,P00335,484,Received
PO0007336,S0036,P00336,485,Cancelled
PO0007337,S0037,P00337,486,Created
PO0007338,S0038,P00338,487,Approved
PO0007339,S0039,P00339,488,Received
PO0007340,S0040,P00340,489,Cancelled
PO0007341,S0041,P00341,490,Created
PO0007342,S0042,P00342,491,Approved
PO0007343,S0043,P00343,492,Received
PO0007344,S0044,P00344,493,Cancelled
PO0007345,S0045,P00345,494,Created
PO0007346,S0046,P00346,495,Approved
PO0007347,S0047,P00347,496,Received
PO0007348,S0048,P00348,497,Cancelled
PO0007349,S0049,P00349,498,Created
PO0007350,S0050,P00350,499,Approved
PO0007351,S0051,P00351,10,Received
PO0007352,S0052,P00352,11,Cancelled
PO0007353,S0053,P00353,12,Created
PO0007354,S0054,P00354,13,Approved
PO0007355,S0055,P00355,14,Received
PO0007356,S0056,P00356,15,Cancelled
PO0007357,S0057,P00357,16,Created
PO0007358,S0058,P00358,17,Approved
PO0007359,S0059,P00359,18,Received
PO0007360,S0060,P00360,19,Cancelled
PO0007361,S0061,P00361,20,Created
PO0007362,S0062,P00362,21,Approved
PO0007363,S0063,P00363,22,Received
PO0007364,S0064,P00364,23,Cancelled
PO0007365,S0065,P00365,24,Created
PO0007366,S0066,P00366,25,Approved
PO0007367,S0067,P00367,26,Received
PO0007368,S0068,P00368,27,Cancelled
PO0007369,S0069,P00369,28,Created
PO0007370,S0070,P00370,29,Approved
PO0007371,S0071,P00371,30,Received
PO0007372,S0072,P00372,31,Cancelled
PO0007373,S0073,P00373,32,Created
PO0007374,S0074,P00374,33,Approved
PO0007375,S0075,P00375,34,Received
PO0007376,S0076,P00376,35,Cancelled
PO0007377,S0077,P00377,36,Created
PO0007378,S0078,P00378,37,Approved
PO0007379,S0079,P00379,38,Received
PO0007380,S0080,P00380,39,Cancelled
PO0007381,S0081,P00381,40,Created
PO0007382,S0082,P00382,41,Approved
PO0007383,S0083,P00383,42,Received
PO0007384,S0084,P00384,43,Cancelled
PO0007385,S0085,P00385,44,Created
PO0007386,S0086,P00386,45,Approved
PO0007387,S0087,P00387,46,Received
PO0007388,S0088,P00388,47,Cancelled
PO0007389,S0089,P00389,48,Created
PO0007390,S0090,P00390,49,Approved
PO0007391,S0091,P00391,50,Received
PO0007392,S0092,P00392,51,Cancelled
PO0007393,S0093,P00393,52,Created
PO0007394,S0094,P00394,53,Approved
PO0007395,S0095,P00395,54,Received
PO0007396,S0096,P00396,55,Cancelled
PO0007397,S0097,P00397,56,Created
PO0007398,S0098,P00398,57,Approved
PO0007399,S0099,P00399,58,Received
PO0007400,S0100,P00400,59,Cancelled
PO0007401,S0001,P00401,60,Created
PO0007402,S0002,P00402,61,Approved
PO0007403,S0003,P00403,62,Received
PO0007404,S0004,P00404,63,Cancelled
PO0007405,S0005,P00405,64,Created
PO0007406,S0006,P00406,65,Approved
PO0007407,S0007,P00407,66,Received
PO0007408,S0008,P00408,67,Cancelled
PO0007409,S0009,P00409,68,Created
PO0007410,S0010,P00410,69,Approved
PO0007411,S0011,P00411,70,Received
PO0007412,S0012,P00412,71,Cancelled
PO0007413,S0013,P00413,72,Created
PO0007414,S0014,P00414,73,Approved
PO0007415,S0015,P00415,74,Received
PO0007416,S0016,P00416,75,Cancelled
PO0007417,S0017,P00417,76,Created
PO0007418,S0018,P00418,77,Approved
PO0007419,S0019,P00419,78,Received
PO0007420,S0020,P00420,79,Cancelled
PO0007421,S0021,P00421,80,Created
PO0007422,S0022,P00422,81,Approved
PO0007423,S0023,P00423,82,Received
PO0007424,S0024,P00424,83,Cancelled
PO0007425,S0025,P00425,84,Created
PO0007426,S0026,P00426,85,Approved
PO0007427,S0027,P00427,86,Received
PO0007428,S0028,P00428,87,Cancelled
PO0007429,S0029,P00429,88,Created
PO0007430,S0030,P00430,89,Approved
PO0007431,S0031,P00431,90,Received
PO0007432,S0032,P00432,91,Cancelled
PO0007433,S0033,P00433,92,Created
PO0007434,S0034,P00434,93,Approved
PO0007435,S0035,P00435,94,Received
PO0007436,S0036,P00436,95,Cancelled
PO0007437,S0037,P00437,96,Created
PO0007438,S0038,P00438,97,Approved
PO0007439,S0039,P00439,98,Received
PO0007440,S0040,P00440,99,Cancelled
PO0007441,S0041,P00441,100,Created
PO0007442,S0042,P00442,101,Approved
PO0007443,S0043,P00443,102,Received
PO0007444,S0044,P00444,103,Cancelled
PO0007445,S0045,P00445,104,Created
PO0007446,S0046,P00446,105,Approved
PO0007447,S0047,P00447,106,Received
PO0007448,S0048,P00448,107,Cancelled
PO0007449,S0049,P00449,108,Created
PO0007450,S0050,P00450,109,Approved
PO0007451,S0051,P00451,110,Received
PO0007452,S0052,P00452,111,Cancelled
PO0007453,S0053,P00453,112,Created
PO0007454,S0054,P00454,113,Approved
PO0007455,S0055,P00455,114,Received
PO0007456,S0056,P00456,115,Cancelled
PO0007457,S0057,P00457,116,Created
PO0007458,S0058,P00458,117,Approved
PO0007459,S0059,P00459,118,Received
PO0007460,S0060,P00460,119,Cancelled
PO0007461,S0061,P00461,120,Created
PO0007462,S0062,P00462,121,Approved
PO0007463,S0063,P00463,122,Received
PO0007464,S0064,P00464,123,Cancelled
PO0007465,S0065,P00465,124,Created
PO0007466,S0066,P00466,125,Approved
PO0007467,S0067,P00467,126,Received
PO0007468,S0068,P00468,127,Cancelled
PO0007469,S0069,P00469,128,Created
PO0007470,S0070,P00470,129,Approved
PO0007471,S0071,P00471,130,Received
PO0007472,S0072,P00472,131,Cancelled
PO0007473,S0073,P00473,132,Created
PO0007474,S0074,P00474,133,Approved
PO0007475,S0075,P00475,134,Received
PO0007476,S0076,P00476,135,Cancelled
PO0007477,S0077,P00477,136,Created
PO0007478,S0078,P00478,137,Approved
PO0007479,S0079,P00479,138,Received
PO0007480,S0080,P00480,139,Cancelled
PO0007481,S0081,P00481,140,Created
PO0007482,S0082,P00482,141,Approved
PO0007483,S0083,P00483,142,Received
PO0007484,S0084,P00484,143,Cancelled
PO0007485,S0085,P00485,144,Created
PO0007486,S0086,P00486,145,Approved
PO0007487,S0087,P00487,146,Received
PO0007488,S0088,P00488,147,Cancelled
PO0007489,S0089,P00489,148,Created
PO0007490,S0090,P00490,149,Approved
PO0007491,S0091,P00491,150,Received
PO0007492,S0092,P00492,151,Cancelled
PO0007493,S0093,P00493,152,Created
PO0007494,S0094,P00494,153,Approved
PO0007495,S0095,P00495,154,Received
PO0007496,S0096,P00496,155,Cancelled
PO0007497,S0097,P00497,156,Created
PO0007498,S0098,P00498,157,Approved
PO0007499,S0099,P00499,158,Received
PO0007500,S0100,P00500,159,Cancelled
PO0007501,S0001,P00501,160,Created
PO0007502,S0002,P00502,161,Approved
PO0007503,S0003,P00503,162,Received
PO0007504,S0004,P00504,163,Cancelled
PO0007505,S0005,P00505,164,Created
PO0007506,S0006,P00506,165,Approved
PO0007507,S0007,P00507,166,Received
PO0007508,S0008,P00508,167,Cancelled
PO0007509,S0009,P00509,168,Created
PO0007510,S0010,P00510,169,Approved
PO0007511,S0011,P00511,170,Received
PO0007512,S0012,P00512,171,Cancelled
PO0007513,S0013,P00513,172,Created
PO0007514,S0014,P00514,173,Approved
PO0007515,S0015,P00515,174,Received
PO0007516,S0016,P00516,175,Cancelled
PO0007517,S0017,P00517,176,Created
PO0007518,S0018,P00518,177,Approved
PO0007519,S0019,P00519,178,Received
PO0007520,S0020,P00520,179,Cancelled
PO0007521,S0021,P00521,180,Created
PO0007522,S0022,P00522,181,Approved
PO0007523,S0023,P00523,182,Received
PO0007524,S0024,P00524,183,Cancelled
PO0007525,S0025,P00525,184,Created
PO0007526,S0026,P00526,185,Approved
PO0007527,S0027,P00527,186,Received
PO0007528,S0028,P00528,187,Cancelled
PO0007529,S0029,P00529,188,Created
PO0007530,S0030,P00530,189,Approved
PO0007531,S0031,P00531,190,Received
PO0007532,S0032,P00532,191,Cancelled
PO0007533,S0033,P00533,192,Created
PO0007534,S0034,P00534,193,Approved
PO0007535,S0035,P00535,194,Received
PO0007536,S0036,P00536,195,Cancelled
PO0007537,S0037,P00537,196,Created
PO0007538,S0038,P00538,197,Approved
PO0007539,S0039,P00539,198,Received
PO0007540,S0040,P00540,199,Cancelled
PO0007541,S0041,P00541,200,Created
PO0007542,S0042,P00542,201,Approved
PO0007543,S0043,P00543,202,Received
PO0007544,S0044,P00544,203,Cancelled
PO0007545,S0045,P00545,204,Created
PO0007546,S0046,P00546,205,Approved
PO0007547,S0047,P00547,206,Received
PO0007548,S0048,P00548,207,Cancelled
PO0007549,S0049,P00549,208,Created
PO0007550,S0050,P00550,209,Approved
PO0007551,S0051,P00551,210,Received
PO0007552,S0052,P00552,211,Cancelled
PO0007553,S0053,P00553,212,Created
PO0007554,S0054,P00554,213,Approved
PO0007555,S0055,P00555,214,Received
PO0007556,S0056,P00556,215,Cancelled
PO0007557,S0057,P00557,216,Created
PO0007558,S0058,P00558,217,Approved
PO0007559,S0059,P00559,218,Received
PO0007560,S0060,P00560,219,Cancelled
PO0007561,S0061,P00561,220,Created
PO0007562,S0062,P00562,221,Approved
PO0007563,S0063,P00563,222,Received
PO0007564,S0064,P00564,223,Cancelled
PO0007565,S0065,P00565,224,Created
PO0007566,S0066,P00566,225,Approved
PO0007567,S0067,P00567,226,Received
PO0007568,S0068,P00568,227,Cancelled
PO0007569,S0069,P00569,228,Created
PO0007570,S0070,P00570,229,Approved
PO0007571,S0071,P00571,230,Received
PO0007572,S0072,P00572,231,Cancelled
PO0007573,S0073,P00573,232,Created
PO0007574,S0074,P00574,233,Approved
PO0007575,S0075,P00575,234,Received
PO0007576,S0076,P00576,235,Cancelled
PO0007577,S0077,P00577,236,Created
PO0007578,S0078,P00578,237,Approved
PO0007579,S0079,P00579,238,Received
PO0007580,S0080,P00580,239,Cancelled
PO0007581,S0081,P00581,240,Created
PO0007582,S0082,P00582,241,Approved
PO0007583,S0083,P00583,242,Received
PO0007584,S0084,P00584,243,Cancelled
PO0007585,S0085,P00585,244,Created
PO0007586,S0086,P00586,245,Approved
PO0007587,S0087,P00587,246,Received
PO0007588,S0088,P00588,247,Cancelled
PO0007589,S0089,P00589,248,Created
PO0007590,S0090,P00590,249,Approved
PO0007591,S0091,P00591,250,Received
PO0007592,S0092,P00592,251,Cancelled
PO0007593,S0093,P00593,252,Created
PO0007594,S0094,P00594,253,Approved
PO0007595,S0095,P00595,254,Received
PO0007596,S0096,P00596,255,Cancelled
PO0007597,S0097,P00597,256,Created
PO0007598,S0098,P00598,257,Approved
PO0007599,S0099,P00599,258,Received
PO0007600,S0100,P00600,259,Cancelled
PO0007601,S0001,P00601,260,Created
PO0007602,S0002,P00602,261,Approved
PO0007603,S0003,P00603,262,Received
PO0007604,S0004,P00604,263,Cancelled
PO0007605,S0005,P00605,264,Created
PO0007606,S0006,P00606,265,Approved
PO0007607,S0007,P00607,266,Received
PO0007608,S0008,P00608,267,Cancelled
PO0007609,S0009,P00609,268,Created
PO0007610,S0010,P00610,269,Approved
PO0007611,S0011,P00611,270,Received
PO0007612,S0012,P00612,271,Cancelled
PO0007613,S0013,P00613,272,Created
PO0007614,S0014,P00614,273,Approved
PO0007615,S0015,P00615,274,Received
PO0007616,S0016,P00616,275,Cancelled
PO0007617,S0017,P00617,276,Created
PO0007618,S0018,P00618,277,Approved
PO0007619,S0019,P00619,278,Received
PO0007620,S0020,P00620,279,Cancelled
PO0007621,S0021,P00621,280,Created
PO0007622,S0022,P00622,281,Approved
PO0007623,S0023,P00623,282,Received
PO0007624,S0024,P00624,283,Cancelled
PO0007625,S0025,P00625,284,Created
PO0007626,S0026,P00626,285,Approved
PO0007627,S0027,P00627,286,Received
PO0007628,S0028,P00628,287,Cancelled
PO0007629,S0029,P00629,288,Created
PO0007630,S0030,P00630,289,Approved
PO0007631,S0031,P00631,290,Received
PO0007632,S0032,P00632,291,Cancelled
PO0007633,S0033,P00633,292,Created
PO0007634,S0034,P00634,293,Approved
PO0007635,S0035,P00635,294,Received
PO0007636,S0036,P00636,295,Cancelled
PO0007637,S0037,P00637,296,Created
PO0007638,S0038,P00638,297,Approved
PO0007639,S0039,P00639,298,Received
PO0007640,S0040,P00640,299,Cancelled
PO0007641,S0041,P00641,300,Created
PO0007642,S0042,P00642,301,Approved
PO0007643,S0043,P00643,302,Received
PO0007644,S0044,P00644,303,Cancelled
PO0007645,S0045,P00645,304,Created
PO0007646,S0046,P00646,305,Approved
PO0007647,S0047,P00647,306,Received
PO0007648,S0048,P00648,307,Cancelled
PO0007649,S0049,P00649,308,Created
PO0007650,S0050,P00650,309,Approved
PO0007651,S0051,P00651,310,Received
PO0007652,S0052,P00652,311,Cancelled
PO0007653,S0053,P00653,312,Created
PO0007654,S0054,P00654,313,Approved
PO0007655,S0055,P00655,314,Received
PO0007656,S0056,P00656,315,Cancelled
PO0007657,S0057,P00657,316,Created
PO0007658,S0058,P00658,317,Approved
PO0007659,S0059,P00659,318,Received
PO0007660,S0060,P00660,319,Cancelled
PO0007661,S0061,P00661,320,Created
PO0007662,S0062,P00662,321,Approved
PO0007663,S0063,P00663,322,Received
PO0007664,S0064,P00664,323,Cancelled
PO0007665,S0065,P00665,324,Created
PO0007666,S0066,P00666,325,Approved
PO0007667,S0067,P00667,326,Received
PO0007668,S0068,P00668,327,Cancelled
PO0007669,S0069,P00669,328,Created
PO0007670,S0070,P00670,329,Approved
PO0007671,S0071,P00671,330,Received
PO0007672,S0072,P00672,331,Cancelled
PO0007673,S0073,P00673,332,Created
PO0007674,S0074,P00674,333,Approved
PO0007675,S0075,P00675,334,Received
PO0007676,S0076,P00676,335,Cancelled
PO0007677,S0077,P00677,336,Created
PO0007678,S0078,P00678,337,Approved
PO0007679,S0079,P00679,338,Received
PO0007680,S0080,P00680,339,Cancelled
PO0007681,S0081,P00681,340,Created
PO0007682,S0082,P00682,341,Approved
PO0007683,S0083,P00683,342,Received
PO0007684,S0084,P00684,343,Cancelled
PO0007685,S0085,P00685,344,Created
PO0007686,S0086,P00686,345,Approved
PO0007687,S0087,P00687,346,Received
PO0007688,S0088,P00688,347,Cancelled
PO0007689,S0089,P00689,348,Created
PO0007690,S0090,P00690,349,Approved
PO0007691,S0091,P00691,350,Received
PO0007692,S0092,P00692,351,Cancelled
PO0007693,S0093,P00693,352,Created
PO0007694,S0094,P00694,353,Approved
PO0007695,S0095,P00695,354,Received
PO0007696,S0096,P00696,355,Cancelled
PO0007697,S0097,P00697,356,Created
PO0007698,S0098,P00698,357,Approved
PO0007699,S0099,P00699,358,Received
PO0007700,S0100,P00700,359,Cancelled
PO0007701,S0001,P00701,360,Created
PO0007702,S0002,P00702,361,Approved
PO0007703,S0003,P00703,362,Received
PO0007704,S0004,P00704,363,Cancelled
PO0007705,S0005,P00705,364,Created
PO0007706,S0006,P00706,365,Approved
PO0007707,S0007,P00707,366,Received
PO0007708,S0008,P00708,367,Cancelled
PO0007709,S0009,P00709,368,Created
PO0007710,S0010,P00710,369,Approved
PO0007711,S0011,P00711,370,Received
PO0007712,S0012,P00712,371,Cancelled
PO0007713,S0013,P00713,372,Created
PO0007714,S0014,P00714,373,Approved
PO0007715,S0015,P00715,374,Received
PO0007716,S0016,P00716,375,Cancelled
PO0007717,S0017,P00717,376,Created
PO0007718,S0018,P00718,377,Approved
PO0007719,S0019,P00719,378,Received
PO0007720,S0020,P00720,379,Cancelled
PO0007721,S0021,P00721,380,Created
PO0007722,S0022,P00722,381,Approved
PO0007723,S0023,P00723,382,Received
PO0007724,S0024,P00724,383,Cancelled
PO0007725,S0025,P00725,384,Created
PO0007726,S0026,P00726,385,Approved
PO0007727,S0027,P00727,386,Received
PO0007728,S0028,P00728,387,Cancelled
PO0007729,S0029,P00729,388,Created
PO0007730,S0030,P00730,389,Approved
PO0007731,S0031,P00731,390,Received
PO0007732,S0032,P00732,391,Cancelled
PO0007733,S0033,P00733,392,Created
PO0007734,S0034,P00734,393,Approved
PO0007735,S0035,P00735,394,Received
PO0007736,S0036,P00736,395,Cancelled
PO0007737,S0037,P00737,396,Created
PO0007738,S0038,P00738,397,Approved
PO0007739,S0039,P00739,398,Received
PO0007740,S0040,P00740,399,Cancelled
PO0007741,S0041,P00741,400,Created
PO0007742,S0042,P00742,401,Approved
PO0007743,S0043,P00743,402,Received
PO0007744,S0044,P00744,403,Cancelled
PO0007745,S0045,P00745,404,Created
PO0007746,S0046,P00746,405,Approved
PO0007747,S0047,P00747,406,Received
PO0007748,S0048,P00748,407,Cancelled
PO0007749,S0049,P00749,408,Created
PO0007750,S0050,P00750,409,Approved
PO0007751,S0051,P00751,410,Received
PO0007752,S0052,P00752,411,Cancelled
PO0007753,S0053,P00753,412,Created
PO0007754,S0054,P00754,413,Approved
PO0007755,S0055,P00755,414,Received
PO0007756,S0056,P00756,415,Cancelled
PO0007757,S0057,P00757,416,Created
PO0007758,S0058,P00758,417,Approved
PO0007759,S0059,P00759,418,Received
PO0007760,S0060,P00760,419,Cancelled
PO0007761,S0061,P00761,420,Created
PO0007762,S0062,P00762,421,Approved
PO0007763,S0063,P00763,422,Received
PO0007764,S0064,P00764,423,Cancelled
PO0007765,S0065,P00765,424,Created
PO0007766,S0066,P00766,425,Approved
PO0007767,S0067,P00767,426,Received
PO0007768,S0068,P00768,427,Cancelled
PO0007769,S0069,P00769,428,Created
PO0007770,S0070,P00770,429,Approved
PO0007771,S0071,P00771,430,Received
PO0007772,S0072,P00772,431,Cancelled
PO0007773,S0073,P00773,432,Created
PO0007774,S0074,P00774,433,Approved
PO0007775,S0075,P00775,434,Received
PO0007776,S0076,P00776,435,Cancelled
PO0007777,S0077,P00777,436,Created
PO0007778,S0078,P00778,437,Approved
PO0007779,S0079,P00779,438,Received
PO0007780,S0080,P00780,439,Cancelled
PO0007781,S0081,P00781,440,Created
PO0007782,S0082,P00782,441,Approved
PO0007783,S0083,P00783,442,Received
PO0007784,S0084,P00784,443,Cancelled
PO0007785,S0085,P00785,444,Created
PO0007786,S0086,P00786,445,Approved
PO0007787,S0087,P00787,446,Received
PO0007788,S0088,P00788,447,Cancelled
PO0007789,S0089,P00789,448,Created
PO0007790,S0090,P00790,449,Approved
PO0007791,S0091,P00791,450,Received
PO0007792,S0092,P00792,451,Cancelled
PO0007793,S0093,P00793,452,Created
PO0007794,S0094,P00794,453,Approved
PO0007795,S0095,P00795,454,Received
PO0007796,S0096,P00796,455,Cancelled
PO0007797,S0097,P00797,456,Created
PO0007798,S0098,P00798,457,Approved
PO0007799,S0099,P00799,458,Received
PO0007800,S0100,P00800,459,Cancelled
PO0007801,S0001,P00801,460,Created
PO0007802,S0002,P00802,461,Approved
PO0007803,S0003,P00803,462,Received
PO0007804,S0004,P00804,463,Cancelled
PO0007805,S0005,P00805,464,Created
PO0007806,S0006,P00806,465,Approved
PO0007807,S0007,P00807,466,Received
PO0007808,S0008,P00808,467,Cancelled
PO0007809,S0009,P00809,468,Created
PO0007810,S0010,P00810,469,Approved
PO0007811,S0011,P00811,470,Received
PO0007812,S0012,P00812,471,Cancelled
PO0007813,S0013,P00813,472,Created
PO0007814,S0014,P00814,473,Approved
PO0007815,S0015,P00815,474,Received
PO0007816,S0016,P00816,475,Cancelled
PO0007817,S0017,P00817,476,Created
PO0007818,S0018,P00818,477,Approved
PO0007819,S0019,P00819,478,Received
PO0007820,S0020,P00820,479,Cancelled
PO0007821,S0021,P00821,480,Created
PO0007822,S0022,P00822,481,Approved
PO0007823,S0023,P00823,482,Received
PO0007824,S0024,P00824,483,Cancelled
PO0007825,S0025,P00825,484,Created
PO0007826,S0026,P00826,485,Approved
PO0007827,S0027,P00827,486,Received
PO0007828,S0028,P00828,487,Cancelled
PO0007829,S0029,P00829,488,Created
PO0007830,S0030,P00830,489,Approved
PO0007831,S0031,P00831,490,Received
PO0007832,S0032,P00832,491,Cancelled
PO0007833,S0033,P00833,492,Created
PO0007834,S0034,P00834,493,Approved
PO0007835,S0035,P00835,494,Received
PO0007836,S0036,P00836,495,Cancelled
PO0007837,S0037,P00837,496,Created
PO0007838,S0038,P00838,497,Approved
PO0007839,S0039,P00839,498,Received
PO0007840,S0040,P00840,499,Cancelled
PO0007841,S0041,P00841,10,Created
PO0007842,S0042,P00842,11,Approved
PO0007843,S0043,P00843,12,Received
PO0007844,S0044,P00844,13,Cancelled
PO0007845,S0045,P00845,14,Created
PO0007846,S0046,P00846,15,Approved
PO0007847,S0047,P00847,16,Received
PO0007848,S0048,P00848,17,Cancelled
PO0007849,S0049,P00849,18,Created
PO0007850,S0050,P00850,19,Approved
PO0007851,S0051,P00851,20,Received
PO0007852,S0052,P00852,21,Cancelled
PO0007853,S0053,P00853,22,Created
PO0007854,S0054,P00854,23,Approved
PO0007855,S0055,P00855,24,Received
PO0007856,S0056,P00856,25,Cancelled
PO0007857,S0057,P00857,26,Created
PO0007858,S0058,P00858,27,Approved
PO0007859,S0059,P00859,28,Received
PO0007860,S0060,P00860,29,Cancelled
PO0007861,S0061,P00861,30,Created
PO0007862,S0062,P00862,31,Approved
PO0007863,S0063,P00863,32,Received
PO0007864,S0064,P00864,33,Cancelled
PO0007865,S0065,P00865,34,Created
PO0007866,S0066,P00866,35,Approved
PO0007867,S0067,P00867,36,Received
PO0007868,S0068,P00868,37,Cancelled
PO0007869,S0069,P00869,38,Created
PO0007870,S0070,P00870,39,Approved
PO0007871,S0071,P00871,40,Received
PO0007872,S0072,P00872,41,Cancelled
PO0007873,S0073,P00873,42,Created
PO0007874,S0074,P00874,43,Approved
PO0007875,S0075,P00875,44,Received
PO0007876,S0076,P00876,45,Cancelled
PO0007877,S0077,P00877,46,Created
PO0007878,S0078,P00878,47,Approved
PO0007879,S0079,P00879,48,Received
PO0007880,S0080,P00880,49,Cancelled
PO0007881,S0081,P00881,50,Created
PO0007882,S0082,P00882,51,Approved
PO0007883,S0083,P00883,52,Received
PO0007884,S0084,P00884,53,Cancelled
PO0007885,S0085,P00885,54,Created
PO0007886,S0086,P00886,55,Approved
PO0007887,S0087,P00887,56,Received
PO0007888,S0088,P00888,57,Cancelled
PO0007889,S0089,P00889,58,Created
PO0007890,S0090,P00890,59,Approved
PO0007891,S0091,P00891,60,Received
PO0007892,S0092,P00892,61,Cancelled
PO0007893,S0093,P00893,62,Created
PO0007894,S0094,P00894,63,Approved
PO0007895,S0095,P00895,64,Received
PO0007896,S0096,P00896,65,Cancelled
PO0007897,S0097,P00897,66,Created
PO0007898,S0098,P00898,67,Approved
PO0007899,S0099,P00899,68,Received
PO0007900,S0100,P00900,69,Cancelled
PO0007901,S0001,P00901,70,Created
PO0007902,S0002,P00902,71,Approved
PO0007903,S0003,P00903,72,Received
PO0007904,S0004,P00904,73,Cancelled
PO0007905,S0005,P00905,74,Created
PO0007906,S0006,P00906,75,Approved
PO0007907,S0007,P00907,76,Received
PO0007908,S0008,P00908,77,Cancelled
PO0007909,S0009,P00909,78,Created
PO0007910,S0010,P00910,79,Approved
PO0007911,S0011,P00911,80,Received
PO0007912,S0012,P00912,81,Cancelled
PO0007913,S0013,P00913,82,Created
PO0007914,S0014,P00914,83,Approved
PO0007915,S0015,P00915,84,Received
PO0007916,S0016,P00916,85,Cancelled
PO0007917,S0017,P00917,86,Created
PO0007918,S0018,P00918,87,Approved
PO0007919,S0019,P00919,88,Received
PO0007920,S0020,P00920,89,Cancelled
PO0007921,S0021,P00921,90,Created
PO0007922,S0022,P00922,91,Approved
PO0007923,S0023,P00923,92,Received
PO0007924,S0024,P00924,93,Cancelled
PO0007925,S0025,P00925,94,Created
PO0007926,S0026,P00926,95,Approved
PO0007927,S0027,P00927,96,Received
PO0007928,S0028,P00928,97,Cancelled
PO0007929,S0029,P00929,98,Created
PO0007930,S0030,P00930,99,Approved
PO0007931,S0031,P00931,100,Received
PO0007932,S0032,P00932,101,Cancelled
PO0007933,S0033,P00933,102,Created
PO0007934,S0034,P00934,103,Approved
PO0007935,S0035,P00935,104,Received
PO0007936,S0036,P00936,105,Cancelled
PO0007937,S0037,P00937,106,Created
PO0007938,S0038,P00938,107,Approved
PO0007939,S0039,P00939,108,Received
PO0007940,S0040,P00940,109,Cancelled
PO0007941,S0041,P00941,110,Created
PO0007942,S0042,P00942,111,Approved
PO0007943,S0043,P00943,112,Received
PO0007944,S0044,P00944,113,Cancelled
PO0007945,S0045,P00945,114,Created
PO0007946,S0046,P00946,115,Approved
PO0007947,S0047,P00947,116,Received
PO0007948,S0048,P00948,117,Cancelled
PO0007949,S0049,P00949,118,Created
PO0007950,S0050,P00950,119,Approved
PO0007951,S0051,P00951,120,Received
PO0007952,S0052,P00952,121,Cancelled
PO0007953,S0053,P00953,122,Created
PO0007954,S0054,P00954,123,Approved
PO0007955,S0055,P00955,124,Received
PO0007956,S0056,P00956,125,Cancelled
PO0007957,S0057,P00957,126,Created
PO0007958,S0058,P00958,127,Approved
PO0007959,S0059,P00959,128,Received
PO0007960,S0060,P00960,129,Cancelled
PO0007961,S0061,P00961,130,Created
PO0007962,S0062,P00962,131,Approved
PO0007963,S0063,P00963,132,Received
PO0007964,S0064,P00964,133,Cancelled
PO0007965,S0065,P00965,134,Created
PO0007966,S0066,P00966,135,Approved
PO0007967,S0067,P00967,136,Received
PO0007968,S0068,P00968,137,Cancelled
PO0007969,S0069,P00969,138,Created
PO0007970,S0070,P00970,139,Approved
PO0007971,S0071,P00971,140,Received
PO0007972,S0072,P00972,141,Cancelled
PO0007973,S0073,P00973,142,Created
PO0007974,S0074,P00974,143,Approved
PO0007975,S0075,P00975,144,Received
PO0007976,S0076,P00976,145,Cancelled
PO0007977,S0077,P00977,146,Created
PO0007978,S0078,P00978,147,Approved
PO0007979,S0079,P00979,148,Received
PO0007980,S0080,P00980,149,Cancelled
PO0007981,S0081,P00981,150,Created
PO0007982,S0082,P00982,151,Approved
PO0007983,S0083,P00983,152,Received
PO0007984,S0084,P00984,153,Cancelled
PO0007985,S0085,P00985,154,Created
PO0007986,S0086,P00986,155,Approved
PO0007987,S0087,P00987,156,Received
PO0007988,S0088,P00988,157,Cancelled
PO0007989,S0089,P00989,158,Created
PO0007990,S0090,P00990,159,Approved
PO0007991,S0091,P00991,160,Received
PO0007992,S0092,P00992,161,Cancelled
PO0007993,S0093,P00993,162,Created
PO0007994,S0094,P00994,163,Approved
PO0007995,S0095,P00995,164,Received
PO0007996,S0096,P00996,165,Cancelled
PO0007997,S0097,P00997,166,Created
PO0007998,S0098,P00998,167,Approved
PO0007999,S0099,P00999,168,Received
PO0008000,S0100,P01000,169,Cancelled
PO0008001,S0001,P00001,170,Created
PO0008002,S0002,P00002,171,Approved
PO0008003,S0003,P00003,172,Received
PO0008004,S0004,P00004,173,Cancelled
PO0008005,S0005,P00005,174,Created
PO0008006,S0006,P00006,175,Approved
PO0008007,S0007,P00007,176,Received
PO0008008,S0008,P00008,177,Cancelled
PO0008009,S0009,P00009,178,Created
PO0008010,S0010,P00010,179,Approved
PO0008011,S0011,P00011,180,Received
PO0008012,S0012,P00012,181,Cancelled
PO0008013,S0013,P00013,182,Created
PO0008014,S0014,P00014,183,Approved
PO0008015,S0015,P00015,184,Received
PO0008016,S0016,P00016,185,Cancelled
PO0008017,S0017,P00017,186,Created
PO0008018,S0018,P00018,187,Approved
PO0008019,S0019,P00019,188,Received
PO0008020,S0020,P00020,189,Cancelled
PO0008021,S0021,P00021,190,Created
PO0008022,S0022,P00022,191,Approved
PO0008023,S0023,P00023,192,Received
PO0008024,S0024,P00024,193,Cancelled
PO0008025,S0025,P00025,194,Created
PO0008026,S0026,P00026,195,Approved
PO0008027,S0027,P00027,196,Received
PO0008028,S0028,P00028,197,Cancelled
PO0008029,S0029,P00029,198,Created
PO0008030,S0030,P00030,199,Approved
PO0008031,S0031,P00031,200,Received
PO0008032,S0032,P00032,201,Cancelled
PO0008033,S0033,P00033,202,Created
PO0008034,S0034,P00034,203,Approved
PO0008035,S0035,P00035,204,Received
PO0008036,S0036,P00036,205,Cancelled
PO0008037,S0037,P00037,206,Created
PO0008038,S0038,P00038,207,Approved
PO0008039,S0039,P00039,208,Received
PO0008040,S0040,P00040,209,Cancelled
PO0008041,S0041,P00041,210,Created
PO0008042,S0042,P00042,211,Approved
PO0008043,S0043,P00043,212,Received
PO0008044,S0044,P00044,213,Cancelled
PO0008045,S0045,P00045,214,Created
PO0008046,S0046,P00046,215,Approved
PO0008047,S0047,P00047,216,Received
PO0008048,S0048,P00048,217,Cancelled
PO0008049,S0049,P00049,218,Created
PO0008050,S0050,P00050,219,Approved
PO0008051,S0051,P00051,220,Received
PO0008052,S0052,P00052,221,Cancelled
PO0008053,S0053,P00053,222,Created
PO0008054,S0054,P00054,223,Approved
PO0008055,S0055,P00055,224,Received
PO0008056,S0056,P00056,225,Cancelled
PO0008057,S0057,P00057,226,Created
PO0008058,S0058,P00058,227,Approved
PO0008059,S0059,P00059,228,Received
PO0008060,S0060,P00060,229,Cancelled
PO0008061,S0061,P00061,230,Created
PO0008062,S0062,P00062,231,Approved
PO0008063,S0063,P00063,232,Received
PO0008064,S0064,P00064,233,Cancelled
PO0008065,S0065,P00065,234,Created
PO0008066,S0066,P00066,235,Approved
PO0008067,S0067,P00067,236,Received
PO0008068,S0068,P00068,237,Cancelled
PO0008069,S0069,P00069,238,Created
PO0008070,S0070,P00070,239,Approved
PO0008071,S0071,P00071,240,Received
PO0008072,S0072,P00072,241,Cancelled
PO0008073,S0073,P00073,242,Created
PO0008074,S0074,P00074,243,Approved
PO0008075,S0075,P00075,244,Received
PO0008076,S0076,P00076,245,Cancelled
PO0008077,S0077,P00077,246,Created
PO0008078,S0078,P00078,247,Approved
PO0008079,S0079,P00079,248,Received
PO0008080,S0080,P00080,249,Cancelled
PO0008081,S0081,P00081,250,Created
PO0008082,S0082,P00082,251,Approved
PO0008083,S0083,P00083,252,Received
PO0008084,S0084,P00084,253,Cancelled
PO0008085,S0085,P00085,254,Created
PO0008086,S0086,P00086,255,Approved
PO0008087,S0087,P00087,256,Received
PO0008088,S0088,P00088,257,Cancelled
PO0008089,S0089,P00089,258,Created
PO0008090,S0090,P00090,259,Approved
PO0008091,S0091,P00091,260,Received
PO0008092,S0092,P00092,261,Cancelled
PO0008093,S0093,P00093,262,Created
PO0008094,S0094,P00094,263,Approved
PO0008095,S0095,P00095,264,Received
PO0008096,S0096,P00096,265,Cancelled
PO0008097,S0097,P00097,266,Created
PO0008098,S0098,P00098,267,Approved
PO0008099,S0099,P00099,268,Received
PO0008100,S0100,P00100,269,Cancelled
PO0008101,S0001,P00101,270,Created
PO0008102,S0002,P00102,271,Approved
PO0008103,S0003,P00103,272,Received
PO0008104,S0004,P00104,273,Cancelled
PO0008105,S0005,P00105,274,Created
PO0008106,S0006,P00106,275,Approved
PO0008107,S0007,P00107,276,Received
PO0008108,S0008,P00108,277,Cancelled
PO0008109,S0009,P00109,278,Created
PO0008110,S0010,P00110,279,Approved
PO0008111,S0011,P00111,280,Received
PO0008112,S0012,P00112,281,Cancelled
PO0008113,S0013,P00113,282,Created
PO0008114,S0014,P00114,283,Approved
PO0008115,S0015,P00115,284,Received
PO0008116,S0016,P00116,285,Cancelled
PO0008117,S0017,P00117,286,Created
PO0008118,S0018,P00118,287,Approved
PO0008119,S0019,P00119,288,Received
PO0008120,S0020,P00120,289,Cancelled
PO0008121,S0021,P00121,290,Created
PO0008122,S0022,P00122,291,Approved
PO0008123,S0023,P00123,292,Received
PO0008124,S0024,P00124,293,Cancelled
PO0008125,S0025,P00125,294,Created
PO0008126,S0026,P00126,295,Approved
PO0008127,S0027,P00127,296,Received
PO0008128,S0028,P00128,297,Cancelled
PO0008129,S0029,P00129,298,Created
PO0008130,S0030,P00130,299,Approved
PO0008131,S0031,P00131,300,Received
PO0008132,S0032,P00132,301,Cancelled
PO0008133,S0033,P00133,302,Created
PO0008134,S0034,P00134,303,Approved
PO0008135,S0035,P00135,304,Received
PO0008136,S0036,P00136,305,Cancelled
PO0008137,S0037,P00137,306,Created
PO0008138,S0038,P00138,307,Approved
PO0008139,S0039,P00139,308,Received
PO0008140,S0040,P00140,309,Cancelled
PO0008141,S0041,P00141,310,Created
PO0008142,S0042,P00142,311,Approved
PO0008143,S0043,P00143,312,Received
PO0008144,S0044,P00144,313,Cancelled
PO0008145,S0045,P00145,314,Created
PO0008146,S0046,P00146,315,Approved
PO0008147,S0047,P00147,316,Received
PO0008148,S0048,P00148,317,Cancelled
PO0008149,S0049,P00149,318,Created
PO0008150,S0050,P00150,319,Approved
PO0008151,S0051,P00151,320,Received
PO0008152,S0052,P00152,321,Cancelled
PO0008153,S0053,P00153,322,Created
PO0008154,S0054,P00154,323,Approved
PO0008155,S0055,P00155,324,Received
PO0008156,S0056,P00156,325,Cancelled
PO0008157,S0057,P00157,326,Created
PO0008158,S0058,P00158,327,Approved
PO0008159,S0059,P00159,328,Received
PO0008160,S0060,P00160,329,Cancelled
PO0008161,S0061,P00161,330,Created
PO0008162,S0062,P00162,331,Approved
PO0008163,S0063,P00163,332,Received
PO0008164,S0064,P00164,333,Cancelled
PO0008165,S0065,P00165,334,Created
PO0008166,S0066,P00166,335,Approved
PO0008167,S0067,P00167,336,Received
PO0008168,S0068,P00168,337,Cancelled
PO0008169,S0069,P00169,338,Created
PO0008170,S0070,P00170,339,Approved
PO0008171,S0071,P00171,340,Received
PO0008172,S0072,P00172,341,Cancelled
PO0008173,S0073,P00173,342,Created
PO0008174,S0074,P00174,343,Approved
PO0008175,S0075,P00175,344,Received
PO0008176,S0076,P00176,345,Cancelled
PO0008177,S0077,P00177,346,Created
PO0008178,S0078,P00178,347,Approved
PO0008179,S0079,P00179,348,Received
PO0008180,S0080,P00180,349,Cancelled
PO0008181,S0081,P00181,350,Created
PO0008182,S0082,P00182,351,Approved
PO0008183,S0083,P00183,352,Received
PO0008184,S0084,P00184,353,Cancelled
PO0008185,S0085,P00185,354,Created
PO0008186,S0086,P00186,355,Approved
PO0008187,S0087,P00187,356,Received
PO0008188,S0088,P00188,357,Cancelled
PO0008189,S0089,P00189,358,Created
PO0008190,S0090,P00190,359,Approved
PO0008191,S0091,P00191,360,Received
PO0008192,S0092,P00192,361,Cancelled
PO0008193,S0093,P00193,362,Created
PO0008194,S0094,P00194,363,Approved
PO0008195,S0095,P00195,364,Received
PO0008196,S0096,P00196,365,Cancelled
PO0008197,S0097,P00197,366,Created
PO0008198,S0098,P00198,367,Approved
PO0008199,S0099,P00199,368,Received
PO0008200,S0100,P00200,369,Cancelled
PO0008201,S0001,P00201,370,Created
PO0008202,S0002,P00202,371,Approved
PO0008203,S0003,P00203,372,Received
PO0008204,S0004,P00204,373,Cancelled
PO0008205,S0005,P00205,374,Created
PO0008206,S0006,P00206,375,Approved
PO0008207,S0007,P00207,376,Received
PO0008208,S0008,P00208,377,Cancelled
PO0008209,S0009,P00209,378,Created
PO0008210,S0010,P00210,379,Approved
PO0008211,S0011,P00211,380,Received
PO0008212,S0012,P00212,381,Cancelled
PO0008213,S0013,P00213,382,Created
PO0008214,S0014,P00214,383,Approved
PO0008215,S0015,P00215,384,Received
PO0008216,S0016,P00216,385,Cancelled
PO0008217,S0017,P00217,386,Created
PO0008218,S0018,P00218,387,Approved
PO0008219,S0019,P00219,388,Received
PO0008220,S0020,P00220,389,Cancelled
PO0008221,S0021,P00221,390,Created
PO0008222,S0022,P00222,391,Approved
PO0008223,S0023,P00223,392,Received
PO0008224,S0024,P00224,393,Cancelled
PO0008225,S0025,P00225,394,Created
PO0008226,S0026,P00226,395,Approved
PO0008227,S0027,P00227,396,Received
PO0008228,S0028,P00228,397,Cancelled
PO0008229,S0029,P00229,398,Created
PO0008230,S0030,P00230,399,Approved
PO0008231,S0031,P00231,400,Received
PO0008232,S0032,P00232,401,Cancelled
PO0008233,S0033,P00233,402,Created
PO0008234,S0034,P00234,403,Approved
PO0008235,S0035,P00235,404,Received
PO0008236,S0036,P00236,405,Cancelled
PO0008237,S0037,P00237,406,Created
PO0008238,S0038,P00238,407,Approved
PO0008239,S0039,P00239,408,Received
PO0008240,S0040,P00240,409,Cancelled
PO0008241,S0041,P00241,410,Created
PO0008242,S0042,P00242,411,Approved
PO0008243,S0043,P00243,412,Received
PO0008244,S0044,P00244,413,Cancelled
PO0008245,S0045,P00245,414,Created
PO0008246,S0046,P00246,415,Approved
PO0008247,S0047,P00247,416,Received
PO0008248,S0048,P00248,417,Cancelled
PO0008249,S0049,P00249,418,Created
PO0008250,S0050,P00250,419,Approved
PO0008251,S0051,P00251,420,Received
PO0008252,S0052,P00252,421,Cancelled
PO0008253,S0053,P00253,422,Created
PO0008254,S0054,P00254,423,Approved
PO0008255,S0055,P00255,424,Received
PO0008256,S0056,P00256,425,Cancelled
PO0008257,S0057,P00257,426,Created
PO0008258,S0058,P00258,427,Approved
PO0008259,S0059,P00259,428,Received
PO0008260,S0060,P00260,429,Cancelled
PO0008261,S0061,P00261,430,Created
PO0008262,S0062,P00262,431,Approved
PO0008263,S0063,P00263,432,Received
PO0008264,S0064,P00264,433,Cancelled
PO0008265,S0065,P00265,434,Created
PO0008266,S0066,P00266,435,Approved
PO0008267,S0067,P00267,436,Received
PO0008268,S0068,P00268,437,Cancelled
PO0008269,S0069,P00269,438,Created
PO0008270,S0070,P00270,439,Approved
PO0008271,S0071,P00271,440,Received
PO0008272,S0072,P00272,441,Cancelled
PO0008273,S0073,P00273,442,Created
PO0008274,S0074,P00274,443,Approved
PO0008275,S0075,P00275,444,Received
PO0008276,S0076,P00276,445,Cancelled
PO0008277,S0077,P00277,446,Created
PO0008278,S0078,P00278,447,Approved
PO0008279,S0079,P00279,448,Received
PO0008280,S0080,P00280,449,Cancelled
PO0008281,S0081,P00281,450,Created
PO0008282,S0082,P00282,451,Approved
PO0008283,S0083,P00283,452,Received
PO0008284,S0084,P00284,453,Cancelled
PO0008285,S0085,P00285,454,Created
PO0008286,S0086,P00286,455,Approved
PO0008287,S0087,P00287,456,Received
PO0008288,S0088,P00288,457,Cancelled
PO0008289,S0089,P00289,458,Created
PO0008290,S0090,P00290,459,Approved
PO0008291,S0091,P00291,460,Received
PO0008292,S0092,P00292,461,Cancelled
PO0008293,S0093,P00293,462,Created
PO0008294,S0094,P00294,463,Approved
PO0008295,S0095,P00295,464,Received
PO0008296,S0096,P00296,465,Cancelled
PO0008297,S0097,P00297,466,Created
PO0008298,S0098,P00298,467,Approved
PO0008299,S0099,P00299,468,Received
PO0008300,S0100,P00300,469,Cancelled
PO0008301,S0001,P00301,470,Created
PO0008302,S0002,P00302,471,Approved
PO0008303,S0003,P00303,472,Received
PO0008304,S0004,P00304,473,Cancelled
PO0008305,S0005,P00305,474,Created
PO0008306,S0006,P00306,475,Approved
PO0008307,S0007,P00307,476,Received
PO0008308,S0008,P00308,477,Cancelled
PO0008309,S0009,P00309,478,Created
PO0008310,S0010,P00310,479,Approved
PO0008311,S0011,P00311,480,Received
PO0008312,S0012,P00312,481,Cancelled
PO0008313,S0013,P00313,482,Created
PO0008314,S0014,P00314,483,Approved
PO0008315,S0015,P00315,484,Received
PO0008316,S0016,P00316,485,Cancelled
PO0008317,S0017,P00317,486,Created
PO0008318,S0018,P00318,487,Approved
PO0008319,S0019,P00319,488,Received
PO0008320,S0020,P00320,489,Cancelled
PO0008321,S0021,P00321,490,Created
PO0008322,S0022,P00322,491,Approved
PO0008323,S0023,P00323,492,Received
PO0008324,S0024,P00324,493,Cancelled
PO0008325,S0025,P00325,494,Created
PO0008326,S0026,P00326,495,Approved
PO0008327,S0027,P00327,496,Received
PO0008328,S0028,P00328,497,Cancelled
PO0008329,S0029,P00329,498,Created
PO0008330,S0030,P00330,499,Approved
PO0008331,S0031,P00331,10,Received
PO0008332,S0032,P00332,11,Cancelled
PO0008333,S0033,P00333,12,Created
PO0008334,S0034,P00334,13,Approved
PO0008335,S0035,P00335,14,Received
PO0008336,S0036,P00336,15,Cancelled
PO0008337,S0037,P00337,16,Created
PO0008338,S0038,P00338,17,Approved
PO0008339,S0039,P00339,18,Received
PO0008340,S0040,P00340,19,Cancelled
PO0008341,S0041,P00341,20,Created
PO0008342,S0042,P00342,21,Approved
PO0008343,S0043,P00343,22,Received
PO0008344,S0044,P00344,23,Cancelled
PO0008345,S0045,P00345,24,Created
PO0008346,S0046,P00346,25,Approved
PO0008347,S0047,P00347,26,Received
PO0008348,S0048,P00348,27,Cancelled
PO0008349,S0049,P00349,28,Created
PO0008350,S0050,P00350,29,Approved
PO0008351,S0051,P00351,30,Received
PO0008352,S0052,P00352,31,Cancelled
PO0008353,S0053,P00353,32,Created
PO0008354,S0054,P00354,33,Approved
PO0008355,S0055,P00355,34,Received
PO0008356,S0056,P00356,35,Cancelled
PO0008357,S0057,P00357,36,Created
PO0008358,S0058,P00358,37,Approved
PO0008359,S0059,P00359,38,Received
PO0008360,S0060,P00360,39,Cancelled
PO0008361,S0061,P00361,40,Created
PO0008362,S0062,P00362,41,Approved
PO0008363,S0063,P00363,42,Received
PO0008364,S0064,P00364,43,Cancelled
PO0008365,S0065,P00365,44,Created
PO0008366,S0066,P00366,45,Approved
PO0008367,S0067,P00367,46,Received
PO0008368,S0068,P00368,47,Cancelled
PO0008369,S0069,P00369,48,Created
PO0008370,S0070,P00370,49,Approved
PO0008371,S0071,P00371,50,Received
PO0008372,S0072,P00372,51,Cancelled
PO0008373,S0073,P00373,52,Created
PO0008374,S0074,P00374,53,Approved
PO0008375,S0075,P00375,54,Received
PO0008376,S0076,P00376,55,Cancelled
PO0008377,S0077,P00377,56,Created
PO0008378,S0078,P00378,57,Approved
PO0008379,S0079,P00379,58,Received
PO0008380,S0080,P00380,59,Cancelled
PO0008381,S0081,P00381,60,Created
PO0008382,S0082,P00382,61,Approved
PO0008383,S0083,P00383,62,Received
PO0008384,S0084,P00384,63,Cancelled
PO0008385,S0085,P00385,64,Created
PO0008386,S0086,P00386,65,Approved
PO0008387,S0087,P00387,66,Received
PO0008388,S0088,P00388,67,Cancelled
PO0008389,S0089,P00389,68,Created
PO0008390,S0090,P00390,69,Approved
PO0008391,S0091,P00391,70,Received
PO0008392,S0092,P00392,71,Cancelled
PO0008393,S0093,P00393,72,Created
PO0008394,S0094,P00394,73,Approved
PO0008395,S0095,P00395,74,Received
PO0008396,S0096,P00396,75,Cancelled
PO0008397,S0097,P00397,76,Created
PO0008398,S0098,P00398,77,Approved
PO0008399,S0099,P00399,78,Received
PO0008400,S0100,P00400,79,Cancelled
PO0008401,S0001,P00401,80,Created
PO0008402,S0002,P00402,81,Approved
PO0008403,S0003,P00403,82,Received
PO0008404,S0004,P00404,83,Cancelled
PO0008405,S0005,P00405,84,Created
PO0008406,S0006,P00406,85,Approved
PO0008407,S0007,P00407,86,Received
PO0008408,S0008,P00408,87,Cancelled
PO0008409,S0009,P00409,88,Created
PO0008410,S0010,P00410,89,Approved
PO0008411,S0011,P00411,90,Received
PO0008412,S0012,P00412,91,Cancelled
PO0008413,S0013,P00413,92,Created
PO0008414,S0014,P00414,93,Approved
PO0008415,S0015,P00415,94,Received
PO0008416,S0016,P00416,95,Cancelled
PO0008417,S0017,P00417,96,Created
PO0008418,S0018,P00418,97,Approved
PO0008419,S0019,P00419,98,Received
PO0008420,S0020,P00420,99,Cancelled
PO0008421,S0021,P00421,100,Created
PO0008422,S0022,P00422,101,Approved
PO0008423,S0023,P00423,102,Received
PO0008424,S0024,P00424,103,Cancelled
PO0008425,S0025,P00425,104,Created
PO0008426,S0026,P00426,105,Approved
PO0008427,S0027,P00427,106,Received
PO0008428,S0028,P00428,107,Cancelled
PO0008429,S0029,P00429,108,Created
PO0008430,S0030,P00430,109,Approved
PO0008431,S0031,P00431,110,Received
PO0008432,S0032,P00432,111,Cancelled
PO0008433,S0033,P00433,112,Created
PO0008434,S0034,P00434,113,Approved
PO0008435,S0035,P00435,114,Received
PO0008436,S0036,P00436,115,Cancelled
PO0008437,S0037,P00437,116,Created
PO0008438,S0038,P00438,117,Approved
PO0008439,S0039,P00439,118,Received
PO0008440,S0040,P00440,119,Cancelled
PO0008441,S0041,P00441,120,Created
PO0008442,S0042,P00442,121,Approved
PO0008443,S0043,P00443,122,Received
PO0008444,S0044,P00444,123,Cancelled
PO0008445,S0045,P00445,124,Created
PO0008446,S0046,P00446,125,Approved
PO0008447,S0047,P00447,126,Received
PO0008448,S0048,P00448,127,Cancelled
PO0008449,S0049,P00449,128,Created
PO0008450,S0050,P00450,129,Approved
PO0008451,S0051,P00451,130,Received
PO0008452,S0052,P00452,131,Cancelled
PO0008453,S0053,P00453,132,Created
PO0008454,S0054,P00454,133,Approved
PO0008455,S0055,P00455,134,Received
PO0008456,S0056,P00456,135,Cancelled
PO0008457,S0057,P00457,136,Created
PO0008458,S0058,P00458,137,Approved
PO0008459,S0059,P00459,138,Received
PO0008460,S0060,P00460,139,Cancelled
PO0008461,S0061,P00461,140,Created
PO0008462,S0062,P00462,141,Approved
PO0008463,S0063,P00463,142,Received
PO0008464,S0064,P00464,143,Cancelled
PO0008465,S0065,P00465,144,Created
PO0008466,S0066,P00466,145,Approved
PO0008467,S0067,P00467,146,Received
PO0008468,S0068,P00468,147,Cancelled
PO0008469,S0069,P00469,148,Created
PO0008470,S0070,P00470,149,Approved
PO0008471,S0071,P00471,150,Received
PO0008472,S0072,P00472,151,Cancelled
PO0008473,S0073,P00473,152,Created
PO0008474,S0074,P00474,153,Approved
PO0008475,S0075,P00475,154,Received
PO0008476,S0076,P00476,155,Cancelled
PO0008477,S0077,P00477,156,Created
PO0008478,S0078,P00478,157,Approved
PO0008479,S0079,P00479,158,Received
PO0008480,S0080,P00480,159,Cancelled
PO0008481,S0081,P00481,160,Created
PO0008482,S0082,P00482,161,Approved
PO0008483,S0083,P00483,162,Received
PO0008484,S0084,P00484,163,Cancelled
PO0008485,S0085,P00485,164,Created
PO0008486,S0086,P00486,165,Approved
PO0008487,S0087,P00487,166,Received
PO0008488,S0088,P00488,167,Cancelled
PO0008489,S0089,P00489,168,Created
PO0008490,S0090,P00490,169,Approved
PO0008491,S0091,P00491,170,Received
PO0008492,S0092,P00492,171,Cancelled
PO0008493,S0093,P00493,172,Created
PO0008494,S0094,P00494,173,Approved
PO0008495,S0095,P00495,174,Received
PO0008496,S0096,P00496,175,Cancelled
PO0008497,S0097,P00497,176,Created
PO0008498,S0098,P00498,177,Approved
PO0008499,S0099,P00499,178,Received
PO0008500,S0100,P00500,179,Cancelled
PO0008501,S0001,P00501,180,Created
PO0008502,S0002,P00502,181,Approved
PO0008503,S0003,P00503,182,Received
PO0008504,S0004,P00504,183,Cancelled
PO0008505,S0005,P00505,184,Created
PO0008506,S0006,P00506,185,Approved
PO0008507,S0007,P00507,186,Received
PO0008508,S0008,P00508,187,Cancelled
PO0008509,S0009,P00509,188,Created
PO0008510,S0010,P00510,189,Approved
PO0008511,S0011,P00511,190,Received
PO0008512,S0012,P00512,191,Cancelled
PO0008513,S0013,P00513,192,Created
PO0008514,S0014,P00514,193,Approved
PO0008515,S0015,P00515,194,Received
PO0008516,S0016,P00516,195,Cancelled
PO0008517,S0017,P00517,196,Created
PO0008518,S0018,P00518,197,Approved
PO0008519,S0019,P00519,198,Received
PO0008520,S0020,P00520,199,Cancelled
PO0008521,S0021,P00521,200,Created
PO0008522,S0022,P00522,201,Approved
PO0008523,S0023,P00523,202,Received
PO0008524,S0024,P00524,203,Cancelled
PO0008525,S0025,P00525,204,Created
PO0008526,S0026,P00526,205,Approved
PO0008527,S0027,P00527,206,Received
PO0008528,S0028,P00528,207,Cancelled
PO0008529,S0029,P00529,208,Created
PO0008530,S0030,P00530,209,Approved
PO0008531,S0031,P00531,210,Received
PO0008532,S0032,P00532,211,Cancelled
PO0008533,S0033,P00533,212,Created
PO0008534,S0034,P00534,213,Approved
PO0008535,S0035,P00535,214,Received
PO0008536,S0036,P00536,215,Cancelled
PO0008537,S0037,P00537,216,Created
PO0008538,S0038,P00538,217,Approved
PO0008539,S0039,P00539,218,Received
PO0008540,S0040,P00540,219,Cancelled
PO0008541,S0041,P00541,220,Created
PO0008542,S0042,P00542,221,Approved
PO0008543,S0043,P00543,222,Received
PO0008544,S0044,P00544,223,Cancelled
PO0008545,S0045,P00545,224,Created
PO0008546,S0046,P00546,225,Approved
PO0008547,S0047,P00547,226,Received
PO0008548,S0048,P00548,227,Cancelled
PO0008549,S0049,P00549,228,Created
PO0008550,S0050,P00550,229,Approved
PO0008551,S0051,P00551,230,Received
PO0008552,S0052,P00552,231,Cancelled
PO0008553,S0053,P00553,232,Created
PO0008554,S0054,P00554,233,Approved
PO0008555,S0055,P00555,234,Received
PO0008556,S0056,P00556,235,Cancelled
PO0008557,S0057,P00557,236,Created
PO0008558,S0058,P00558,237,Approved
PO0008559,S0059,P00559,238,Received
PO0008560,S0060,P00560,239,Cancelled
PO0008561,S0061,P00561,240,Created
PO0008562,S0062,P00562,241,Approved
PO0008563,S0063,P00563,242,Received
PO0008564,S0064,P00564,243,Cancelled
PO0008565,S0065,P00565,244,Created
PO0008566,S0066,P00566,245,Approved
PO0008567,S0067,P00567,246,Received
PO0008568,S0068,P00568,247,Cancelled
PO0008569,S0069,P00569,248,Created
PO0008570,S0070,P00570,249,Approved
PO0008571,S0071,P00571,250,Received
PO0008572,S0072,P00572,251,Cancelled
PO0008573,S0073,P00573,252,Created
PO0008574,S0074,P00574,253,Approved
PO0008575,S0075,P00575,254,Received
PO0008576,S0076,P00576,255,Cancelled
PO0008577,S0077,P00577,256,Created
PO0008578,S0078,P00578,257,Approved
PO0008579,S0079,P00579,258,Received
PO0008580,S0080,P00580,259,Cancelled
PO0008581,S0081,P00581,260,Created
PO0008582,S0082,P00582,261,Approved
PO0008583,S0083,P00583,262,Received
PO0008584,S0084,P00584,263,Cancelled
PO0008585,S0085,P00585,264,Created
PO0008586,S0086,P00586,265,Approved
PO0008587,S0087,P00587,266,Received
PO0008588,S0088,P00588,267,Cancelled
PO0008589,S0089,P00589,268,Created
PO0008590,S0090,P00590,269,Approved
PO0008591,S0091,P00591,270,Received
PO0008592,S0092,P00592,271,Cancelled
PO0008593,S0093,P00593,272,Created
PO0008594,S0094,P00594,273,Approved
PO0008595,S0095,P00595,274,Received
PO0008596,S0096,P00596,275,Cancelled
PO0008597,S0097,P00597,276,Created
PO0008598,S0098,P00598,277,Approved
PO0008599,S0099,P00599,278,Received
PO0008600,S0100,P00600,279,Cancelled
PO0008601,S0001,P00601,280,Created
PO0008602,S0002,P00602,281,Approved
PO0008603,S0003,P00603,282,Received
PO0008604,S0004,P00604,283,Cancelled
PO0008605,S0005,P00605,284,Created
PO0008606,S0006,P00606,285,Approved
PO0008607,S0007,P00607,286,Received
PO0008608,S0008,P00608,287,Cancelled
PO0008609,S0009,P00609,288,Created
PO0008610,S0010,P00610,289,Approved
PO0008611,S0011,P00611,290,Received
PO0008612,S0012,P00612,291,Cancelled
PO0008613,S0013,P00613,292,Created
PO0008614,S0014,P00614,293,Approved
PO0008615,S0015,P00615,294,Received
PO0008616,S0016,P00616,295,Cancelled
PO0008617,S0017,P00617,296,Created
PO0008618,S0018,P00618,297,Approved
PO0008619,S0019,P00619,298,Received
PO0008620,S0020,P00620,299,Cancelled
PO0008621,S0021,P00621,300,Created
PO0008622,S0022,P00622,301,Approved
PO0008623,S0023,P00623,302,Received
PO0008624,S0024,P00624,303,Cancelled
PO0008625,S0025,P00625,304,Created
PO0008626,S0026,P00626,305,Approved
PO0008627,S0027,P00627,306,Received
PO0008628,S0028,P00628,307,Cancelled
PO0008629,S0029,P00629,308,Created
PO0008630,S0030,P00630,309,Approved
PO0008631,S0031,P00631,310,Received
PO0008632,S0032,P00632,311,Cancelled
PO0008633,S0033,P00633,312,Created
PO0008634,S0034,P00634,313,Approved
PO0008635,S0035,P00635,314,Received
PO0008636,S0036,P00636,315,Cancelled
PO0008637,S0037,P00637,316,Created
PO0008638,S0038,P00638,317,Approved
PO0008639,S0039,P00639,318,Received
PO0008640,S0040,P00640,319,Cancelled
PO0008641,S0041,P00641,320,Created
PO0008642,S0042,P00642,321,Approved
PO0008643,S0043,P00643,322,Received
PO0008644,S0044,P00644,323,Cancelled
PO0008645,S0045,P00645,324,Created
PO0008646,S0046,P00646,325,Approved
PO0008647,S0047,P00647,326,Received
PO0008648,S0048,P00648,327,Cancelled
PO0008649,S0049,P00649,328,Created
PO0008650,S0050,P00650,329,Approved
PO0008651,S0051,P00651,330,Received
PO0008652,S0052,P00652,331,Cancelled
PO0008653,S0053,P00653,332,Created
PO0008654,S0054,P00654,333,Approved
PO0008655,S0055,P00655,334,Received
PO0008656,S0056,P00656,335,Cancelled
PO0008657,S0057,P00657,336,Created
PO0008658,S0058,P00658,337,Approved
PO0008659,S0059,P00659,338,Received
PO0008660,S0060,P00660,339,Cancelled
PO0008661,S0061,P00661,340,Created
PO0008662,S0062,P00662,341,Approved
PO0008663,S0063,P00663,342,Received
PO0008664,S0064,P00664,343,Cancelled
PO0008665,S0065,P00665,344,Created
PO0008666,S0066,P00666,345,Approved
PO0008667,S0067,P00667,346,Received
PO0008668,S0068,P00668,347,Cancelled
PO0008669,S0069,P00669,348,Created
PO0008670,S0070,P00670,349,Approved
PO0008671,S0071,P00671,350,Received
PO0008672,S0072,P00672,351,Cancelled
PO0008673,S0073,P00673,352,Created
PO0008674,S0074,P00674,353,Approved
PO0008675,S0075,P00675,354,Received
PO0008676,S0076,P00676,355,Cancelled
PO0008677,S0077,P00677,356,Created
PO0008678,S0078,P00678,357,Approved
PO0008679,S0079,P00679,358,Received
PO0008680,S0080,P00680,359,Cancelled
PO0008681,S0081,P00681,360,Created
PO0008682,S0082,P00682,361,Approved
PO0008683,S0083,P00683,362,Received
PO0008684,S0084,P00684,363,Cancelled
PO0008685,S0085,P00685,364,Created
PO0008686,S0086,P00686,365,Approved
PO0008687,S0087,P00687,366,Received
PO0008688,S0088,P00688,367,Cancelled
PO0008689,S0089,P00689,368,Created
PO0008690,S0090,P00690,369,Approved
PO0008691,S0091,P00691,370,Received
PO0008692,S0092,P00692,371,Cancelled
PO0008693,S0093,P00693,372,Created
PO0008694,S0094,P00694,373,Approved
PO0008695,S0095,P00695,374,Received
PO0008696,S0096,P00696,375,Cancelled
PO0008697,S0097,P00697,376,Created
PO0008698,S0098,P00698,377,Approved
PO0008699,S0099,P00699,378,Received
PO0008700,S0100,P00700,379,Cancelled
PO0008701,S0001,P00701,380,Created
PO0008702,S0002,P00702,381,Approved
PO0008703,S0003,P00703,382,Received
PO0008704,S0004,P00704,383,Cancelled
PO0008705,S0005,P00705,384,Created
PO0008706,S0006,P00706,385,Approved
PO0008707,S0007,P00707,386,Received
PO0008708,S0008,P00708,387,Cancelled
PO0008709,S0009,P00709,388,Created
PO0008710,S0010,P00710,389,Approved
PO0008711,S0011,P00711,390,Received
PO0008712,S0012,P00712,391,Cancelled
PO0008713,S0013,P00713,392,Created
PO0008714,S0014,P00714,393,Approved
PO0008715,S0015,P00715,394,Received
PO0008716,S0016,P00716,395,Cancelled
PO0008717,S0017,P00717,396,Created
PO0008718,S0018,P00718,397,Approved
PO0008719,S0019,P00719,398,Received
PO0008720,S0020,P00720,399,Cancelled
PO0008721,S0021,P00721,400,Created
PO0008722,S0022,P00722,401,Approved
PO0008723,S0023,P00723,402,Received
PO0008724,S0024,P00724,403,Cancelled
PO0008725,S0025,P00725,404,Created
PO0008726,S0026,P00726,405,Approved
PO0008727,S0027,P00727,406,Received
PO0008728,S0028,P00728,407,Cancelled
PO0008729,S0029,P00729,408,Created
PO0008730,S0030,P00730,409,Approved
PO0008731,S0031,P00731,410,Received
PO0008732,S0032,P00732,411,Cancelled
PO0008733,S0033,P00733,412,Created
PO0008734,S0034,P00734,413,Approved
PO0008735,S0035,P00735,414,Received
PO0008736,S0036,P00736,415,Cancelled
PO0008737,S0037,P00737,416,Created
PO0008738,S0038,P00738,417,Approved
PO0008739,S0039,P00739,418,Received
PO0008740,S0040,P00740,419,Cancelled
PO0008741,S0041,P00741,420,Created
PO0008742,S0042,P00742,421,Approved
PO0008743,S0043,P00743,422,Received
PO0008744,S0044,P00744,423,Cancelled
PO0008745,S0045,P00745,424,Created
PO0008746,S0046,P00746,425,Approved
PO0008747,S0047,P00747,426,Received
PO0008748,S0048,P00748,427,Cancelled
PO0008749,S0049,P00749,428,Created
PO0008750,S0050,P00750,429,Approved
PO0008751,S0051,P00751,430,Received
PO0008752,S0052,P00752,431,Cancelled
PO0008753,S0053,P00753,432,Created
PO0008754,S0054,P00754,433,Approved
PO0008755,S0055,P00755,434,Received
PO0008756,S0056,P00756,435,Cancelled
PO0008757,S0057,P00757,436,Created
PO0008758,S0058,P00758,437,Approved
PO0008759,S0059,P00759,438,Received
PO0008760,S0060,P00760,439,Cancelled
PO0008761,S0061,P00761,440,Created
PO0008762,S0062,P00762,441,Approved
PO0008763,S0063,P00763,442,Received
PO0008764,S0064,P00764,443,Cancelled
PO0008765,S0065,P00765,444,Created
PO0008766,S0066,P00766,445,Approved
PO0008767,S0067,P00767,446,Received
PO0008768,S0068,P00768,447,Cancelled
PO0008769,S0069,P00769,448,Created
PO0008770,S0070,P00770,449,Approved
PO0008771,S0071,P00771,450,Received
PO0008772,S0072,P00772,451,Cancelled
PO0008773,S0073,P00773,452,Created
PO0008774,S0074,P00774,453,Approved
PO0008775,S0075,P00775,454,Received
PO0008776,S0076,P00776,455,Cancelled
PO0008777,S0077,P00777,456,Created
PO0008778,S0078,P00778,457,Approved
PO0008779,S0079,P00779,458,Received
PO0008780,S0080,P00780,459,Cancelled
PO0008781,S0081,P00781,460,Created
PO0008782,S0082,P00782,461,Approved
PO0008783,S0083,P00783,462,Received
PO0008784,S0084,P00784,463,Cancelled
PO0008785,S0085,P00785,464,Created
PO0008786,S0086,P00786,465,Approved
PO0008787,S0087,P00787,466,Received
PO0008788,S0088,P00788,467,Cancelled
PO0008789,S0089,P00789,468,Created
PO0008790,S0090,P00790,469,Approved
PO0008791,S0091,P00791,470,Received
PO0008792,S0092,P00792,471,Cancelled
PO0008793,S0093,P00793,472,Created
PO0008794,S0094,P00794,473,Approved
PO0008795,S0095,P00795,474,Received
PO0008796,S0096,P00796,475,Cancelled
PO0008797,S0097,P00797,476,Created
PO0008798,S0098,P00798,477,Approved
PO0008799,S0099,P00799,478,Received
PO0008800,S0100,P00800,479,Cancelled
PO0008801,S0001,P00801,480,Created
PO0008802,S0002,P00802,481,Approved
PO0008803,S0003,P00803,482,Received
PO0008804,S0004,P00804,483,Cancelled
PO0008805,S0005,P00805,484,Created
PO0008806,S0006,P00806,485,Approved
PO0008807,S0007,P00807,486,Received
PO0008808,S0008,P00808,487,Cancelled
PO0008809,S0009,P00809,488,Created
PO0008810,S0010,P00810,489,Approved
PO0008811,S0011,P00811,490,Received
PO0008812,S0012,P00812,491,Cancelled
PO0008813,S0013,P00813,492,Created
PO0008814,S0014,P00814,493,Approved
PO0008815,S0015,P00815,494,Received
PO0008816,S0016,P00816,495,Cancelled
PO0008817,S0017,P00817,496,Created
PO0008818,S0018,P00818,497,Approved
PO0008819,S0019,P00819,498,Received
PO0008820,S0020,P00820,499,Cancelled
PO0008821,S0021,P00821,10,Created
PO0008822,S0022,P00822,11,Approved
PO0008823,S0023,P00823,12,Received
PO0008824,S0024,P00824,13,Cancelled
PO0008825,S0025,P00825,14,Created
PO0008826,S0026,P00826,15,Approved
PO0008827,S0027,P00827,16,Received
PO0008828,S0028,P00828,17,Cancelled
PO0008829,S0029,P00829,18,Created
PO0008830,S0030,P00830,19,Approved
PO0008831,S0031,P00831,20,Received
PO0008832,S0032,P00832,21,Cancelled
PO0008833,S0033,P00833,22,Created
PO0008834,S0034,P00834,23,Approved
PO0008835,S0035,P00835,24,Received
PO0008836,S0036,P00836,25,Cancelled
PO0008837,S0037,P00837,26,Created
PO0008838,S0038,P00838,27,Approved
PO0008839,S0039,P00839,28,Received
PO0008840,S0040,P00840,29,Cancelled
PO0008841,S0041,P00841,30,Created
PO0008842,S0042,P00842,31,Approved
PO0008843,S0043,P00843,32,Received
PO0008844,S0044,P00844,33,Cancelled
PO0008845,S0045,P00845,34,Created
PO0008846,S0046,P00846,35,Approved
PO0008847,S0047,P00847,36,Received
PO0008848,S0048,P00848,37,Cancelled
PO0008849,S0049,P00849,38,Created
PO0008850,S0050,P00850,39,Approved
PO0008851,S0051,P00851,40,Received
PO0008852,S0052,P00852,41,Cancelled
PO0008853,S0053,P00853,42,Created
PO0008854,S0054,P00854,43,Approved
PO0008855,S0055,P00855,44,Received
PO0008856,S0056,P00856,45,Cancelled
PO0008857,S0057,P00857,46,Created
PO0008858,S0058,P00858,47,Approved
PO0008859,S0059,P00859,48,Received
PO0008860,S0060,P00860,49,Cancelled
PO0008861,S0061,P00861,50,Created
PO0008862,S0062,P00862,51,Approved
PO0008863,S0063,P00863,52,Received
PO0008864,S0064,P00864,53,Cancelled
PO0008865,S0065,P00865,54,Created
PO0008866,S0066,P00866,55,Approved
PO0008867,S0067,P00867,56,Received
PO0008868,S0068,P00868,57,Cancelled
PO0008869,S0069,P00869,58,Created
PO0008870,S0070,P00870,59,Approved
PO0008871,S0071,P00871,60,Received
PO0008872,S0072,P00872,61,Cancelled
PO0008873,S0073,P00873,62,Created
PO0008874,S0074,P00874,63,Approved
PO0008875,S0075,P00875,64,Received
PO0008876,S0076,P00876,65,Cancelled
PO0008877,S0077,P00877,66,Created
PO0008878,S0078,P00878,67,Approved
PO0008879,S0079,P00879,68,Received
PO0008880,S0080,P00880,69,Cancelled
PO0008881,S0081,P00881,70,Created
PO0008882,S0082,P00882,71,Approved
PO0008883,S0083,P00883,72,Received
PO0008884,S0084,P00884,73,Cancelled
PO0008885,S0085,P00885,74,Created
PO0008886,S0086,P00886,75,Approved
PO0008887,S0087,P00887,76,Received
PO0008888,S0088,P00888,77,Cancelled
PO0008889,S0089,P00889,78,Created
PO0008890,S0090,P00890,79,Approved
PO0008891,S0091,P00891,80,Received
PO0008892,S0092,P00892,81,Cancelled
PO0008893,S0093,P00893,82,Created
PO0008894,S0094,P00894,83,Approved
PO0008895,S0095,P00895,84,Received
PO0008896,S0096,P00896,85,Cancelled
PO0008897,S0097,P00897,86,Created
PO0008898,S0098,P00898,87,Approved
PO0008899,S0099,P00899,88,Received
PO0008900,S0100,P00900,89,Cancelled
PO0008901,S0001,P00901,90,Created
PO0008902,S0002,P00902,91,Approved
PO0008903,S0003,P00903,92,Received
PO0008904,S0004,P00904,93,Cancelled
PO0008905,S0005,P00905,94,Created
PO0008906,S0006,P00906,95,Approved
PO0008907,S0007,P00907,96,Received
PO0008908,S0008,P00908,97,Cancelled
PO0008909,S0009,P00909,98,Created
PO0008910,S0010,P00910,99,Approved
PO0008911,S0011,P00911,100,Received
PO0008912,S0012,P00912,101,Cancelled
PO0008913,S0013,P00913,102,Created
PO0008914,S0014,P00914,103,Approved
PO0008915,S0015,P00915,104,Received
PO0008916,S0016,P00916,105,Cancelled
PO0008917,S0017,P00917,106,Created
PO0008918,S0018,P00918,107,Approved
PO0008919,S0019,P00919,108,Received
PO0008920,S0020,P00920,109,Cancelled
PO0008921,S0021,P00921,110,Created
PO0008922,S0022,P00922,111,Approved
PO0008923,S0023,P00923,112,Received
PO0008924,S0024,P00924,113,Cancelled
PO0008925,S0025,P00925,114,Created
PO0008926,S0026,P00926,115,Approved
PO0008927,S0027,P00927,116,Received
PO0008928,S0028,P00928,117,Cancelled
PO0008929,S0029,P00929,118,Created
PO0008930,S0030,P00930,119,Approved
PO0008931,S0031,P00931,120,Received
PO0008932,S0032,P00932,121,Cancelled
PO0008933,S0033,P00933,122,Created
PO0008934,S0034,P00934,123,Approved
PO0008935,S0035,P00935,124,Received
PO0008936,S0036,P00936,125,Cancelled
PO0008937,S0037,P00937,126,Created
PO0008938,S0038,P00938,127,Approved
PO0008939,S0039,P00939,128,Received
PO0008940,S0040,P00940,129,Cancelled
PO0008941,S0041,P00941,130,Created
PO0008942,S0042,P00942,131,Approved
PO0008943,S0043,P00943,132,Received
PO0008944,S0044,P00944,133,Cancelled
PO0008945,S0045,P00945,134,Created
PO0008946,S0046,P00946,135,Approved
PO0008947,S0047,P00947,136,Received
PO0008948,S0048,P00948,137,Cancelled
PO0008949,S0049,P00949,138,Created
PO0008950,S0050,P00950,139,Approved
PO0008951,S0051,P00951,140,Received
PO0008952,S0052,P00952,141,Cancelled
PO0008953,S0053,P00953,142,Created
PO0008954,S0054,P00954,143,Approved
PO0008955,S0055,P00955,144,Received
PO0008956,S0056,P00956,145,Cancelled
PO0008957,S0057,P00957,146,Created
PO0008958,S0058,P00958,147,Approved
PO0008959,S0059,P00959,148,Received
PO0008960,S0060,P00960,149,Cancelled
PO0008961,S0061,P00961,150,Created
PO0008962,S0062,P00962,151,Approved
PO0008963,S0063,P00963,152,Received
PO0008964,S0064,P00964,153,Cancelled
PO0008965,S0065,P00965,154,Created
PO0008966,S0066,P00966,155,Approved
PO0008967,S0067,P00967,156,Received
PO0008968,S0068,P00968,157,Cancelled
PO0008969,S0069,P00969,158,Created
PO0008970,S0070,P00970,159,Approved
PO0008971,S0071,P00971,160,Received
PO0008972,S0072,P00972,161,Cancelled
PO0008973,S0073,P00973,162,Created
PO0008974,S0074,P00974,163,Approved
PO0008975,S0075,P00975,164,Received
PO0008976,S0076,P00976,165,Cancelled
PO0008977,S0077,P00977,166,Created
PO0008978,S0078,P00978,167,Approved
PO0008979,S0079,P00979,168,Received
PO0008980,S0080,P00980,169,Cancelled
PO0008981,S0081,P00981,170,Created
PO0008982,S0082,P00982,171,Approved
PO0008983,S0083,P00983,172,Received
PO0008984,S0084,P00984,173,Cancelled
PO0008985,S0085,P00985,174,Created
PO0008986,S0086,P00986,175,Approved
PO0008987,S0087,P00987,176,Received
PO0008988,S0088,P00988,177,Cancelled
PO0008989,S0089,P00989,178,Created
PO0008990,S0090,P00990,179,Approved
PO0008991,S0091,P00991,180,Received
PO0008992,S0092,P00992,181,Cancelled
PO0008993,S0093,P00993,182,Created
PO0008994,S0094,P00994,183,Approved
PO0008995,S0095,P00995,184,Received
PO0008996,S0096,P00996,185,Cancelled
PO0008997,S0097,P00997,186,Created
PO0008998,S0098,P00998,187,Approved
PO0008999,S0099,P00999,188,Received
PO0009000,S0100,P01000,189,Cancelled
PO0009001,S0001,P00001,190,Created
PO0009002,S0002,P00002,191,Approved
PO0009003,S0003,P00003,192,Received
PO0009004,S0004,P00004,193,Cancelled
PO0009005,S0005,P00005,194,Created
PO0009006,S0006,P00006,195,Approved
PO0009007,S0007,P00007,196,Received
PO0009008,S0008,P00008,197,Cancelled
PO0009009,S0009,P00009,198,Created
PO0009010,S0010,P00010,199,Approved
PO0009011,S0011,P00011,200,Received
PO0009012,S0012,P00012,201,Cancelled
PO0009013,S0013,P00013,202,Created
PO0009014,S0014,P00014,203,Approved
PO0009015,S0015,P00015,204,Received
PO0009016,S0016,P00016,205,Cancelled
PO0009017,S0017,P00017,206,Created
PO0009018,S0018,P00018,207,Approved
PO0009019,S0019,P00019,208,Received
PO0009020,S0020,P00020,209,Cancelled
PO0009021,S0021,P00021,210,Created
PO0009022,S0022,P00022,211,Approved
PO0009023,S0023,P00023,212,Received
PO0009024,S0024,P00024,213,Cancelled
PO0009025,S0025,P00025,214,Created
PO0009026,S0026,P00026,215,Approved
PO0009027,S0027,P00027,216,Received
PO0009028,S0028,P00028,217,Cancelled
PO0009029,S0029,P00029,218,Created
PO0009030,S0030,P00030,219,Approved
PO0009031,S0031,P00031,220,Received
PO0009032,S0032,P00032,221,Cancelled
PO0009033,S0033,P00033,222,Created
PO0009034,S0034,P00034,223,Approved
PO0009035,S0035,P00035,224,Received
PO0009036,S0036,P00036,225,Cancelled
PO0009037,S0037,P00037,226,Created
PO0009038,S0038,P00038,227,Approved
PO0009039,S0039,P00039,228,Received
PO0009040,S0040,P00040,229,Cancelled
PO0009041,S0041,P00041,230,Created
PO0009042,S0042,P00042,231,Approved
PO0009043,S0043,P00043,232,Received
PO0009044,S0044,P00044,233,Cancelled
PO0009045,S0045,P00045,234,Created
PO0009046,S0046,P00046,235,Approved
PO0009047,S0047,P00047,236,Received
PO0009048,S0048,P00048,237,Cancelled
PO0009049,S0049,P00049,238,Created
PO0009050,S0050,P00050,239,Approved
PO0009051,S0051,P00051,240,Received
PO0009052,S0052,P00052,241,Cancelled
PO0009053,S0053,P00053,242,Created
PO0009054,S0054,P00054,243,Approved
PO0009055,S0055,P00055,244,Received
PO0009056,S0056,P00056,245,Cancelled
PO0009057,S0057,P00057,246,Created
PO0009058,S0058,P00058,247,Approved
PO0009059,S0059,P00059,248,Received
PO0009060,S0060,P00060,249,Cancelled
PO0009061,S0061,P00061,250,Created
PO0009062,S0062,P00062,251,Approved
PO0009063,S0063,P00063,252,Received
PO0009064,S0064,P00064,253,Cancelled
PO0009065,S0065,P00065,254,Created
PO0009066,S0066,P00066,255,Approved
PO0009067,S0067,P00067,256,Received
PO0009068,S0068,P00068,257,Cancelled
PO0009069,S0069,P00069,258,Created
PO0009070,S0070,P00070,259,Approved
PO0009071,S0071,P00071,260,Received
PO0009072,S0072,P00072,261,Cancelled
PO0009073,S0073,P00073,262,Created
PO0009074,S0074,P00074,263,Approved
PO0009075,S0075,P00075,264,Received
PO0009076,S0076,P00076,265,Cancelled
PO0009077,S0077,P00077,266,Created
PO0009078,S0078,P00078,267,Approved
PO0009079,S0079,P00079,268,Received
PO0009080,S0080,P00080,269,Cancelled
PO0009081,S0081,P00081,270,Created
PO0009082,S0082,P00082,271,Approved
PO0009083,S0083,P00083,272,Received
PO0009084,S0084,P00084,273,Cancelled
PO0009085,S0085,P00085,274,Created
PO0009086,S0086,P00086,275,Approved
PO0009087,S0087,P00087,276,Received
PO0009088,S0088,P00088,277,Cancelled
PO0009089,S0089,P00089,278,Created
PO0009090,S0090,P00090,279,Approved
PO0009091,S0091,P00091,280,Received
PO0009092,S0092,P00092,281,Cancelled
PO0009093,S0093,P00093,282,Created
PO0009094,S0094,P00094,283,Approved
PO0009095,S0095,P00095,284,Received
PO0009096,S0096,P00096,285,Cancelled
PO0009097,S0097,P00097,286,Created
PO0009098,S0098,P00098,287,Approved
PO0009099,S0099,P00099,288,Received
PO0009100,S0100,P00100,289,Cancelled
PO0009101,S0001,P00101,290,Created
PO0009102,S0002,P00102,291,Approved
PO0009103,S0003,P00103,292,Received
PO0009104,S0004,P00104,293,Cancelled
PO0009105,S0005,P00105,294,Created
PO0009106,S0006,P00106,295,Approved
PO0009107,S0007,P00107,296,Received
PO0009108,S0008,P00108,297,Cancelled
PO0009109,S0009,P00109,298,Created
PO0009110,S0010,P00110,299,Approved
PO0009111,S0011,P00111,300,Received
PO0009112,S0012,P00112,301,Cancelled
PO0009113,S0013,P00113,302,Created
PO0009114,S0014,P00114,303,Approved
PO0009115,S0015,P00115,304,Received
PO0009116,S0016,P00116,305,Cancelled
PO0009117,S0017,P00117,306,Created
PO0009118,S0018,P00118,307,Approved
PO0009119,S0019,P00119,308,Received
PO0009120,S0020,P00120,309,Cancelled
PO0009121,S0021,P00121,310,Created
PO0009122,S0022,P00122,311,Approved
PO0009123,S0023,P00123,312,Received
PO0009124,S0024,P00124,313,Cancelled
PO0009125,S0025,P00125,314,Created
PO0009126,S0026,P00126,315,Approved
PO0009127,S0027,P00127,316,Received
PO0009128,S0028,P00128,317,Cancelled
PO0009129,S0029,P00129,318,Created
PO0009130,S0030,P00130,319,Approved
PO0009131,S0031,P00131,320,Received
PO0009132,S0032,P00132,321,Cancelled
PO0009133,S0033,P00133,322,Created
PO0009134,S0034,P00134,323,Approved
PO0009135,S0035,P00135,324,Received
PO0009136,S0036,P00136,325,Cancelled
PO0009137,S0037,P00137,326,Created
PO0009138,S0038,P00138,327,Approved
PO0009139,S0039,P00139,328,Received
PO0009140,S0040,P00140,329,Cancelled
PO0009141,S0041,P00141,330,Created
PO0009142,S0042,P00142,331,Approved
PO0009143,S0043,P00143,332,Received
PO0009144,S0044,P00144,333,Cancelled
PO0009145,S0045,P00145,334,Created
PO0009146,S0046,P00146,335,Approved
PO0009147,S0047,P00147,336,Received
PO0009148,S0048,P00148,337,Cancelled
PO0009149,S0049,P00149,338,Created
PO0009150,S0050,P00150,339,Approved
PO0009151,S0051,P00151,340,Received
PO0009152,S0052,P00152,341,Cancelled
PO0009153,S0053,P00153,342,Created
PO0009154,S0054,P00154,343,Approved
PO0009155,S0055,P00155,344,Received
PO0009156,S0056,P00156,345,Cancelled
PO0009157,S0057,P00157,346,Created
PO0009158,S0058,P00158,347,Approved
PO0009159,S0059,P00159,348,Received
PO0009160,S0060,P00160,349,Cancelled
PO0009161,S0061,P00161,350,Created
PO0009162,S0062,P00162,351,Approved
PO0009163,S0063,P00163,352,Received
PO0009164,S0064,P00164,353,Cancelled
PO0009165,S0065,P00165,354,Created
PO0009166,S0066,P00166,355,Approved
PO0009167,S0067,P00167,356,Received
PO0009168,S0068,P00168,357,Cancelled
PO0009169,S0069,P00169,358,Created
PO0009170,S0070,P00170,359,Approved
PO0009171,S0071,P00171,360,Received
PO0009172,S0072,P00172,361,Cancelled
PO0009173,S0073,P00173,362,Created
PO0009174,S0074,P00174,363,Approved
PO0009175,S0075,P00175,364,Received
PO0009176,S0076,P00176,365,Cancelled
PO0009177,S0077,P00177,366,Created
PO0009178,S0078,P00178,367,Approved
PO0009179,S0079,P00179,368,Received
PO0009180,S0080,P00180,369,Cancelled
PO0009181,S0081,P00181,370,Created
PO0009182,S0082,P00182,371,Approved
PO0009183,S0083,P00183,372,Received
PO0009184,S0084,P00184,373,Cancelled
PO0009185,S0085,P00185,374,Created
PO0009186,S0086,P00186,375,Approved
PO0009187,S0087,P00187,376,Received
PO0009188,S0088,P00188,377,Cancelled
PO0009189,S0089,P00189,378,Created
PO0009190,S0090,P00190,379,Approved
PO0009191,S0091,P00191,380,Received
PO0009192,S0092,P00192,381,Cancelled
PO0009193,S0093,P00193,382,Created
PO0009194,S0094,P00194,383,Approved
PO0009195,S0095,P00195,384,Received
PO0009196,S0096,P00196,385,Cancelled
PO0009197,S0097,P00197,386,Created
PO0009198,S0098,P00198,387,Approved
PO0009199,S0099,P00199,388,Received
PO0009200,S0100,P00200,389,Cancelled
PO0009201,S0001,P00201,390,Created
PO0009202,S0002,P00202,391,Approved
PO0009203,S0003,P00203,392,Received
PO0009204,S0004,P00204,393,Cancelled
PO0009205,S0005,P00205,394,Created
PO0009206,S0006,P00206,395,Approved
PO0009207,S0007,P00207,396,Received
PO0009208,S0008,P00208,397,Cancelled
PO0009209,S0009,P00209,398,Created
PO0009210,S0010,P00210,399,Approved
PO0009211,S0011,P00211,400,Received
PO0009212,S0012,P00212,401,Cancelled
PO0009213,S0013,P00213,402,Created
PO0009214,S0014,P00214,403,Approved
PO0009215,S0015,P00215,404,Received
PO0009216,S0016,P00216,405,Cancelled
PO0009217,S0017,P00217,406,Created
PO0009218,S0018,P00218,407,Approved
PO0009219,S0019,P00219,408,Received
PO0009220,S0020,P00220,409,Cancelled
PO0009221,S0021,P00221,410,Created
PO0009222,S0022,P00222,411,Approved
PO0009223,S0023,P00223,412,Received
PO0009224,S0024,P00224,413,Cancelled
PO0009225,S0025,P00225,414,Created
PO0009226,S0026,P00226,415,Approved
PO0009227,S0027,P00227,416,Received
PO0009228,S0028,P00228,417,Cancelled
PO0009229,S0029,P00229,418,Created
PO0009230,S0030,P00230,419,Approved
PO0009231,S0031,P00231,420,Received
PO0009232,S0032,P00232,421,Cancelled
PO0009233,S0033,P00233,422,Created
PO0009234,S0034,P00234,423,Approved
PO0009235,S0035,P00235,424,Received
PO0009236,S0036,P00236,425,Cancelled
PO0009237,S0037,P00237,426,Created
PO0009238,S0038,P00238,427,Approved
PO0009239,S0039,P00239,428,Received
PO0009240,S0040,P00240,429,Cancelled
PO0009241,S0041,P00241,430,Created
PO0009242,S0042,P00242,431,Approved
PO0009243,S0043,P00243,432,Received
PO0009244,S0044,P00244,433,Cancelled
PO0009245,S0045,P00245,434,Created
PO0009246,S0046,P00246,435,Approved
PO0009247,S0047,P00247,436,Received
PO0009248,S0048,P00248,437,Cancelled
PO0009249,S0049,P00249,438,Created
PO0009250,S0050,P00250,439,Approved
PO0009251,S0051,P00251,440,Received
PO0009252,S0052,P00252,441,Cancelled
PO0009253,S0053,P00253,442,Created
PO0009254,S0054,P00254,443,Approved
PO0009255,S0055,P00255,444,Received
PO0009256,S0056,P00256,445,Cancelled
PO0009257,S0057,P00257,446,Created
PO0009258,S0058,P00258,447,Approved
PO0009259,S0059,P00259,448,Received
PO0009260,S0060,P00260,449,Cancelled
PO0009261,S0061,P00261,450,Created
PO0009262,S0062,P00262,451,Approved
PO0009263,S0063,P00263,452,Received
PO0009264,S0064,P00264,453,Cancelled
PO0009265,S0065,P00265,454,Created
PO0009266,S0066,P00266,455,Approved
PO0009267,S0067,P00267,456,Received
PO0009268,S0068,P00268,457,Cancelled
PO0009269,S0069,P00269,458,Created
PO0009270,S0070,P00270,459,Approved
PO0009271,S0071,P00271,460,Received
PO0009272,S0072,P00272,461,Cancelled
PO0009273,S0073,P00273,462,Created
PO0009274,S0074,P00274,463,Approved
PO0009275,S0075,P00275,464,Received
PO0009276,S0076,P00276,465,Cancelled
PO0009277,S0077,P00277,466,Created
PO0009278,S0078,P00278,467,Approved
PO0009279,S0079,P00279,468,Received
PO0009280,S0080,P00280,469,Cancelled
PO0009281,S0081,P00281,470,Created
PO0009282,S0082,P00282,471,Approved
PO0009283,S0083,P00283,472,Received
PO0009284,S0084,P00284,473,Cancelled
PO0009285,S0085,P00285,474,Created
PO0009286,S0086,P00286,475,Approved
PO0009287,S0087,P00287,476,Received
PO0009288,S0088,P00288,477,Cancelled
PO0009289,S0089,P00289,478,Created
PO0009290,S0090,P00290,479,Approved
PO0009291,S0091,P00291,480,Received
PO0009292,S0092,P00292,481,Cancelled
PO0009293,S0093,P00293,482,Created
PO0009294,S0094,P00294,483,Approved
PO0009295,S0095,P00295,484,Received
PO0009296,S0096,P00296,485,Cancelled
PO0009297,S0097,P00297,486,Created
PO0009298,S0098,P00298,487,Approved
PO0009299,S0099,P00299,488,Received
PO0009300,S0100,P00300,489,Cancelled
PO0009301,S0001,P00301,490,Created
PO0009302,S0002,P00302,491,Approved
PO0009303,S0003,P00303,492,Received
PO0009304,S0004,P00304,493,Cancelled
PO0009305,S0005,P00305,494,Created
PO0009306,S0006,P00306,495,Approved
PO0009307,S0007,P00307,496,Received
PO0009308,S0008,P00308,497,Cancelled
PO0009309,S0009,P00309,498,Created
PO0009310,S0010,P00310,499,Approved
PO0009311,S0011,P00311,10,Received
PO0009312,S0012,P00312,11,Cancelled
PO0009313,S0013,P00313,12,Created
PO0009314,S0014,P00314,13,Approved
PO0009315,S0015,P00315,14,Received
PO0009316,S0016,P00316,15,Cancelled
PO0009317,S0017,P00317,16,Created
PO0009318,S0018,P00318,17,Approved
PO0009319,S0019,P00319,18,Received
PO0009320,S0020,P00320,19,Cancelled
PO0009321,S0021,P00321,20,Created
PO0009322,S0022,P00322,21,Approved
PO0009323,S0023,P00323,22,Received
PO0009324,S0024,P00324,23,Cancelled
PO0009325,S0025,P00325,24,Created
PO0009326,S0026,P00326,25,Approved
PO0009327,S0027,P00327,26,Received
PO0009328,S0028,P00328,27,Cancelled
PO0009329,S0029,P00329,28,Created
PO0009330,S0030,P00330,29,Approved
PO0009331,S0031,P00331,30,Received
PO0009332,S0032,P00332,31,Cancelled
PO0009333,S0033,P00333,32,Created
PO0009334,S0034,P00334,33,Approved
PO0009335,S0035,P00335,34,Received
PO0009336,S0036,P00336,35,Cancelled
PO0009337,S0037,P00337,36,Created
PO0009338,S0038,P00338,37,Approved
PO0009339,S0039,P00339,38,Received
PO0009340,S0040,P00340,39,Cancelled
PO0009341,S0041,P00341,40,Created
PO0009342,S0042,P00342,41,Approved
PO0009343,S0043,P00343,42,Received
PO0009344,S0044,P00344,43,Cancelled
PO0009345,S0045,P00345,44,Created
PO0009346,S0046,P00346,45,Approved
PO0009347,S0047,P00347,46,Received
PO0009348,S0048,P00348,47,Cancelled
PO0009349,S0049,P00349,48,Created
PO0009350,S0050,P00350,49,Approved
PO0009351,S0051,P00351,50,Received
PO0009352,S0052,P00352,51,Cancelled
PO0009353,S0053,P00353,52,Created
PO0009354,S0054,P00354,53,Approved
PO0009355,S0055,P00355,54,Received
PO0009356,S0056,P00356,55,Cancelled
PO0009357,S0057,P00357,56,Created
PO0009358,S0058,P00358,57,Approved
PO0009359,S0059,P00359,58,Received
PO0009360,S0060,P00360,59,Cancelled
PO0009361,S0061,P00361,60,Created
PO0009362,S0062,P00362,61,Approved
PO0009363,S0063,P00363,62,Received
PO0009364,S0064,P00364,63,Cancelled
PO0009365,S0065,P00365,64,Created
PO0009366,S0066,P00366,65,Approved
PO0009367,S0067,P00367,66,Received
PO0009368,S0068,P00368,67,Cancelled
PO0009369,S0069,P00369,68,Created
PO0009370,S0070,P00370,69,Approved
PO0009371,S0071,P00371,70,Received
PO0009372,S0072,P00372,71,Cancelled
PO0009373,S0073,P00373,72,Created
PO0009374,S0074,P00374,73,Approved
PO0009375,S0075,P00375,74,Received
PO0009376,S0076,P00376,75,Cancelled
PO0009377,S0077,P00377,76,Created
PO0009378,S0078,P00378,77,Approved
PO0009379,S0079,P00379,78,Received
PO0009380,S0080,P00380,79,Cancelled
PO0009381,S0081,P00381,80,Created
PO0009382,S0082,P00382,81,Approved
PO0009383,S0083,P00383,82,Received
PO0009384,S0084,P00384,83,Cancelled
PO0009385,S0085,P00385,84,Created
PO0009386,S0086,P00386,85,Approved
PO0009387,S0087,P00387,86,Received
PO0009388,S0088,P00388,87,Cancelled
PO0009389,S0089,P00389,88,Created
PO0009390,S0090,P00390,89,Approved
PO0009391,S0091,P00391,90,Received
PO0009392,S0092,P00392,91,Cancelled
PO0009393,S0093,P00393,92,Created
PO0009394,S0094,P00394,93,Approved
PO0009395,S0095,P00395,94,Received
PO0009396,S0096,P00396,95,Cancelled
PO0009397,S0097,P00397,96,Created
PO0009398,S0098,P00398,97,Approved
PO0009399,S0099,P00399,98,Received
PO0009400,S0100,P00400,99,Cancelled
PO0009401,S0001,P00401,100,Created
PO0009402,S0002,P00402,101,Approved
PO0009403,S0003,P00403,102,Received
PO0009404,S0004,P00404,103,Cancelled
PO0009405,S0005,P00405,104,Created
PO0009406,S0006,P00406,105,Approved
PO0009407,S0007,P00407,106,Received
PO0009408,S0008,P00408,107,Cancelled
PO0009409,S0009,P00409,108,Created
PO0009410,S0010,P00410,109,Approved
PO0009411,S0011,P00411,110,Received
PO0009412,S0012,P00412,111,Cancelled
PO0009413,S0013,P00413,112,Created
PO0009414,S0014,P00414,113,Approved
PO0009415,S0015,P00415,114,Received
PO0009416,S0016,P00416,115,Cancelled
PO0009417,S0017,P00417,116,Created
PO0009418,S0018,P00418,117,Approved
PO0009419,S0019,P00419,118,Received
PO0009420,S0020,P00420,119,Cancelled
PO0009421,S0021,P00421,120,Created
PO0009422,S0022,P00422,121,Approved
PO0009423,S0023,P00423,122,Received
PO0009424,S0024,P00424,123,Cancelled
PO0009425,S0025,P00425,124,Created
PO0009426,S0026,P00426,125,Approved
PO0009427,S0027,P00427,126,Received
PO0009428,S0028,P00428,127,Cancelled
PO0009429,S0029,P00429,128,Created
PO0009430,S0030,P00430,129,Approved
PO0009431,S0031,P00431,130,Received
PO0009432,S0032,P00432,131,Cancelled
PO0009433,S0033,P00433,132,Created
PO0009434,S0034,P00434,133,Approved
PO0009435,S0035,P00435,134,Received
PO0009436,S0036,P00436,135,Cancelled
PO0009437,S0037,P00437,136,Created
PO0009438,S0038,P00438,137,Approved
PO0009439,S0039,P00439,138,Received
PO0009440,S0040,P00440,139,Cancelled
PO0009441,S0041,P00441,140,Created
PO0009442,S0042,P00442,141,Approved
PO0009443,S0043,P00443,142,Received
PO0009444,S0044,P00444,143,Cancelled
PO0009445,S0045,P00445,144,Created
PO0009446,S0046,P00446,145,Approved
PO0009447,S0047,P00447,146,Received
PO0009448,S0048,P00448,147,Cancelled
PO0009449,S0049,P00449,148,Created
PO0009450,S0050,P00450,149,Approved
PO0009451,S0051,P00451,150,Received
PO0009452,S0052,P00452,151,Cancelled
PO0009453,S0053,P00453,152,Created
PO0009454,S0054,P00454,153,Approved
PO0009455,S0055,P00455,154,Received
PO0009456,S0056,P00456,155,Cancelled
PO0009457,S0057,P00457,156,Created
PO0009458,S0058,P00458,157,Approved
PO0009459,S0059,P00459,158,Received
PO0009460,S0060,P00460,159,Cancelled
PO0009461,S0061,P00461,160,Created
PO0009462,S0062,P00462,161,Approved
PO0009463,S0063,P00463,162,Received
PO0009464,S0064,P00464,163,Cancelled
PO0009465,S0065,P00465,164,Created
PO0009466,S0066,P00466,165,Approved
PO0009467,S0067,P00467,166,Received
PO0009468,S0068,P00468,167,Cancelled
PO0009469,S0069,P00469,168,Created
PO0009470,S0070,P00470,169,Approved
PO0009471,S0071,P00471,170,Received
PO0009472,S0072,P00472,171,Cancelled
PO0009473,S0073,P00473,172,Created
PO0009474,S0074,P00474,173,Approved
PO0009475,S0075,P00475,174,Received
PO0009476,S0076,P00476,175,Cancelled
PO0009477,S0077,P00477,176,Created
PO0009478,S0078,P00478,177,Approved
PO0009479,S0079,P00479,178,Received
PO0009480,S0080,P00480,179,Cancelled
PO0009481,S0081,P00481,180,Created
PO0009482,S0082,P00482,181,Approved
PO0009483,S0083,P00483,182,Received
PO0009484,S0084,P00484,183,Cancelled
PO0009485,S0085,P00485,184,Created
PO0009486,S0086,P00486,185,Approved
PO0009487,S0087,P00487,186,Received
PO0009488,S0088,P00488,187,Cancelled
PO0009489,S0089,P00489,188,Created
PO0009490,S0090,P00490,189,Approved
PO0009491,S0091,P00491,190,Received
PO0009492,S0092,P00492,191,Cancelled
PO0009493,S0093,P00493,192,Created
PO0009494,S0094,P00494,193,Approved
PO0009495,S0095,P00495,194,Received
PO0009496,S0096,P00496,195,Cancelled
PO0009497,S0097,P00497,196,Created
PO0009498,S0098,P00498,197,Approved
PO0009499,S0099,P00499,198,Received
PO0009500,S0100,P00500,199,Cancelled
PO0009501,S0001,P00501,200,Created
PO0009502,S0002,P00502,201,Approved
PO0009503,S0003,P00503,202,Received
PO0009504,S0004,P00504,203,Cancelled
PO0009505,S0005,P00505,204,Created
PO0009506,S0006,P00506,205,Approved
PO0009507,S0007,P00507,206,Received
PO0009508,S0008,P00508,207,Cancelled
PO0009509,S0009,P00509,208,Created
PO0009510,S0010,P00510,209,Approved
PO0009511,S0011,P00511,210,Received
PO0009512,S0012,P00512,211,Cancelled
PO0009513,S0013,P00513,212,Created
PO0009514,S0014,P00514,213,Approved
PO0009515,S0015,P00515,214,Received
PO0009516,S0016,P00516,215,Cancelled
PO0009517,S0017,P00517,216,Created
PO0009518,S0018,P00518,217,Approved
PO0009519,S0019,P00519,218,Received
PO0009520,S0020,P00520,219,Cancelled
PO0009521,S0021,P00521,220,Created
PO0009522,S0022,P00522,221,Approved
PO0009523,S0023,P00523,222,Received
PO0009524,S0024,P00524,223,Cancelled
PO0009525,S0025,P00525,224,Created
PO0009526,S0026,P00526,225,Approved
PO0009527,S0027,P00527,226,Received
PO0009528,S0028,P00528,227,Cancelled
PO0009529,S0029,P00529,228,Created
PO0009530,S0030,P00530,229,Approved
PO0009531,S0031,P00531,230,Received
PO0009532,S0032,P00532,231,Cancelled
PO0009533,S0033,P00533,232,Created
PO0009534,S0034,P00534,233,Approved
PO0009535,S0035,P00535,234,Received
PO0009536,S0036,P00536,235,Cancelled
PO0009537,S0037,P00537,236,Created
PO0009538,S0038,P00538,237,Approved
PO0009539,S0039,P00539,238,Received
PO0009540,S0040,P00540,239,Cancelled
PO0009541,S0041,P00541,240,Created
PO0009542,S0042,P00542,241,Approved
PO0009543,S0043,P00543,242,Received
PO0009544,S0044,P00544,243,Cancelled
PO0009545,S0045,P00545,244,Created
PO0009546,S0046,P00546,245,Approved
PO0009547,S0047,P00547,246,Received
PO0009548,S0048,P00548,247,Cancelled
PO0009549,S0049,P00549,248,Created
PO0009550,S0050,P00550,249,Approved
PO0009551,S0051,P00551,250,Received
PO0009552,S0052,P00552,251,Cancelled
PO0009553,S0053,P00553,252,Created
PO0009554,S0054,P00554,253,Approved
PO0009555,S0055,P00555,254,Received
PO0009556,S0056,P00556,255,Cancelled
PO0009557,S0057,P00557,256,Created
PO0009558,S0058,P00558,257,Approved
PO0009559,S0059,P00559,258,Received
PO0009560,S0060,P00560,259,Cancelled
PO0009561,S0061,P00561,260,Created
PO0009562,S0062,P00562,261,Approved
PO0009563,S0063,P00563,262,Received
PO0009564,S0064,P00564,263,Cancelled
PO0009565,S0065,P00565,264,Created
PO0009566,S0066,P00566,265,Approved
PO0009567,S0067,P00567,266,Received
PO0009568,S0068,P00568,267,Cancelled
PO0009569,S0069,P00569,268,Created
PO0009570,S0070,P00570,269,Approved
PO0009571,S0071,P00571,270,Received
PO0009572,S0072,P00572,271,Cancelled
PO0009573,S0073,P00573,272,Created
PO0009574,S0074,P00574,273,Approved
PO0009575,S0075,P00575,274,Received
PO0009576,S0076,P00576,275,Cancelled
PO0009577,S0077,P00577,276,Created
PO0009578,S0078,P00578,277,Approved
PO0009579,S0079,P00579,278,Received
PO0009580,S0080,P00580,279,Cancelled
PO0009581,S0081,P00581,280,Created
PO0009582,S0082,P00582,281,Approved
PO0009583,S0083,P00583,282,Received
PO0009584,S0084,P00584,283,Cancelled
PO0009585,S0085,P00585,284,Created
PO0009586,S0086,P00586,285,Approved
PO0009587,S0087,P00587,286,Received
PO0009588,S0088,P00588,287,Cancelled
PO0009589,S0089,P00589,288,Created
PO0009590,S0090,P00590,289,Approved
PO0009591,S0091,P00591,290,Received
PO0009592,S0092,P00592,291,Cancelled
PO0009593,S0093,P00593,292,Created
PO0009594,S0094,P00594,293,Approved
PO0009595,S0095,P00595,294,Received
PO0009596,S0096,P00596,295,Cancelled
PO0009597,S0097,P00597,296,Created
PO0009598,S0098,P00598,297,Approved
PO0009599,S0099,P00599,298,Received
PO0009600,S0100,P00600,299,Cancelled
PO0009601,S0001,P00601,300,Created
PO0009602,S0002,P00602,301,Approved
PO0009603,S0003,P00603,302,Received
PO0009604,S0004,P00604,303,Cancelled
PO0009605,S0005,P00605,304,Created
PO0009606,S0006,P00606,305,Approved
PO0009607,S0007,P00607,306,Received
PO0009608,S0008,P00608,307,Cancelled
PO0009609,S0009,P00609,308,Created
PO0009610,S0010,P00610,309,Approved
PO0009611,S0011,P00611,310,Received
PO0009612,S0012,P00612,311,Cancelled
PO0009613,S0013,P00613,312,Created
PO0009614,S0014,P00614,313,Approved
PO0009615,S0015,P00615,314,Received
PO0009616,S0016,P00616,315,Cancelled
PO0009617,S0017,P00617,316,Created
PO0009618,S0018,P00618,317,Approved
PO0009619,S0019,P00619,318,Received
PO0009620,S0020,P00620,319,Cancelled
PO0009621,S0021,P00621,320,Created
PO0009622,S0022,P00622,321,Approved
PO0009623,S0023,P00623,322,Received
PO0009624,S0024,P00624,323,Cancelled
PO0009625,S0025,P00625,324,Created
PO0009626,S0026,P00626,325,Approved
PO0009627,S0027,P00627,326,Received
PO0009628,S0028,P00628,327,Cancelled
PO0009629,S0029,P00629,328,Created
PO0009630,S0030,P00630,329,Approved
PO0009631,S0031,P00631,330,Received
PO0009632,S0032,P00632,331,Cancelled
PO0009633,S0033,P00633,332,Created
PO0009634,S0034,P00634,333,Approved
PO0009635,S0035,P00635,334,Received
PO0009636,S0036,P00636,335,Cancelled
PO0009637,S0037,P00637,336,Created
PO0009638,S0038,P00638,337,Approved
PO0009639,S0039,P00639,338,Received
PO0009640,S0040,P00640,339,Cancelled
PO0009641,S0041,P00641,340,Created
PO0009642,S0042,P00642,341,Approved
PO0009643,S0043,P00643,342,Received
PO0009644,S0044,P00644,343,Cancelled
PO0009645,S0045,P00645,344,Created
PO0009646,S0046,P00646,345,Approved
PO0009647,S0047,P00647,346,Received
PO0009648,S0048,P00648,347,Cancelled
PO0009649,S0049,P00649,348,Created
PO0009650,S0050,P00650,349,Approved
PO0009651,S0051,P00651,350,Received
PO0009652,S0052,P00652,351,Cancelled
PO0009653,S0053,P00653,352,Created
PO0009654,S0054,P00654,353,Approved
PO0009655,S0055,P00655,354,Received
PO0009656,S0056,P00656,355,Cancelled
PO0009657,S0057,P00657,356,Created
PO0009658,S0058,P00658,357,Approved
PO0009659,S0059,P00659,358,Received
PO0009660,S0060,P00660,359,Cancelled
PO0009661,S0061,P00661,360,Created
PO0009662,S0062,P00662,361,Approved
PO0009663,S0063,P00663,362,Received
PO0009664,S0064,P00664,363,Cancelled
PO0009665,S0065,P00665,364,Created
PO0009666,S0066,P00666,365,Approved
PO0009667,S0067,P00667,366,Received
PO0009668,S0068,P00668,367,Cancelled
PO0009669,S0069,P00669,368,Created
PO0009670,S0070,P00670,369,Approved
PO0009671,S0071,P00671,370,Received
PO0009672,S0072,P00672,371,Cancelled
PO0009673,S0073,P00673,372,Created
PO0009674,S0074,P00674,373,Approved
PO0009675,S0075,P00675,374,Received
PO0009676,S0076,P00676,375,Cancelled
PO0009677,S0077,P00677,376,Created
PO0009678,S0078,P00678,377,Approved
PO0009679,S0079,P00679,378,Received
PO0009680,S0080,P00680,379,Cancelled
PO0009681,S0081,P00681,380,Created
PO0009682,S0082,P00682,381,Approved
PO0009683,S0083,P00683,382,Received
PO0009684,S0084,P00684,383,Cancelled
PO0009685,S0085,P00685,384,Created
PO0009686,S0086,P00686,385,Approved
PO0009687,S0087,P00687,386,Received
PO0009688,S0088,P00688,387,Cancelled
PO0009689,S0089,P00689,388,Created
PO0009690,S0090,P00690,389,Approved
PO0009691,S0091,P00691,390,Received
PO0009692,S0092,P00692,391,Cancelled
PO0009693,S0093,P00693,392,Created
PO0009694,S0094,P00694,393,Approved
PO0009695,S0095,P00695,394,Received
PO0009696,S0096,P00696,395,Cancelled
PO0009697,S0097,P00697,396,Created
PO0009698,S0098,P00698,397,Approved
PO0009699,S0099,P00699,398,Received
PO0009700,S0100,P00700,399,Cancelled
PO0009701,S0001,P00701,400,Created
PO0009702,S0002,P00702,401,Approved
PO0009703,S0003,P00703,402,Received
PO0009704,S0004,P00704,403,Cancelled
PO0009705,S0005,P00705,404,Created
PO0009706,S0006,P00706,405,Approved
PO0009707,S0007,P00707,406,Received
PO0009708,S0008,P00708,407,Cancelled
PO0009709,S0009,P00709,408,Created
PO0009710,S0010,P00710,409,Approved
PO0009711,S0011,P00711,410,Received
PO0009712,S0012,P00712,411,Cancelled
PO0009713,S0013,P00713,412,Created
PO0009714,S0014,P00714,413,Approved
PO0009715,S0015,P00715,414,Received
PO0009716,S0016,P00716,415,Cancelled
PO0009717,S0017,P00717,416,Created
PO0009718,S0018,P00718,417,Approved
PO0009719,S0019,P00719,418,Received
PO0009720,S0020,P00720,419,Cancelled
PO0009721,S0021,P00721,420,Created
PO0009722,S0022,P00722,421,Approved
PO0009723,S0023,P00723,422,Received
PO0009724,S0024,P00724,423,Cancelled
PO0009725,S0025,P00725,424,Created
PO0009726,S0026,P00726,425,Approved
PO0009727,S0027,P00727,426,Received
PO0009728,S0028,P00728,427,Cancelled
PO0009729,S0029,P00729,428,Created
PO0009730,S0030,P00730,429,Approved
PO0009731,S0031,P00731,430,Received
PO0009732,S0032,P00732,431,Cancelled
PO0009733,S0033,P00733,432,Created
PO0009734,S0034,P00734,433,Approved
PO0009735,S0035,P00735,434,Received
PO0009736,S0036,P00736,435,Cancelled
PO0009737,S0037,P00737,436,Created
PO0009738,S0038,P00738,437,Approved
PO0009739,S0039,P00739,438,Received
PO0009740,S0040,P00740,439,Cancelled
PO0009741,S0041,P00741,440,Created
PO0009742,S0042,P00742,441,Approved
PO0009743,S0043,P00743,442,Received
PO0009744,S0044,P00744,443,Cancelled
PO0009745,S0045,P00745,444,Created
PO0009746,S0046,P00746,445,Approved
PO0009747,S0047,P00747,446,Received
PO0009748,S0048,P00748,447,Cancelled
PO0009749,S0049,P00749,448,Created
PO0009750,S0050,P00750,449,Approved
PO0009751,S0051,P00751,450,Received
PO0009752,S0052,P00752,451,Cancelled
PO0009753,S0053,P00753,452,Created
PO0009754,S0054,P00754,453,Approved
PO0009755,S0055,P00755,454,Received
PO0009756,S0056,P00756,455,Cancelled
PO0009757,S0057,P00757,456,Created
PO0009758,S0058,P00758,457,Approved
PO0009759,S0059,P00759,458,Received
PO0009760,S0060,P00760,459,Cancelled
PO0009761,S0061,P00761,460,Created
PO0009762,S0062,P00762,461,Approved
PO0009763,S0063,P00763,462,Received
PO0009764,S0064,P00764,463,Cancelled
PO0009765,S0065,P00765,464,Created
PO0009766,S0066,P00766,465,Approved
PO0009767,S0067,P00767,466,Received
PO0009768,S0068,P00768,467,Cancelled
PO0009769,S0069,P00769,468,Created
PO0009770,S0070,P00770,469,Approved
PO0009771,S0071,P00771,470,Received
PO0009772,S0072,P00772,471,Cancelled
PO0009773,S0073,P00773,472,Created
PO0009774,S0074,P00774,473,Approved
PO0009775,S0075,P00775,474,Received
PO0009776,S0076,P00776,475,Cancelled
PO0009777,S0077,P00777,476,Created
PO0009778,S0078,P00778,477,Approved
PO0009779,S0079,P00779,478,Received
PO0009780,S0080,P00780,479,Cancelled
PO0009781,S0081,P00781,480,Created
PO0009782,S0082,P00782,481,Approved
PO0009783,S0083,P00783,482,Received
PO0009784,S0084,P00784,483,Cancelled
PO0009785,S0085,P00785,484,Created
PO0009786,S0086,P00786,485,Approved
PO0009787,S0087,P00787,486,Received
PO0009788,S0088,P00788,487,Cancelled
PO0009789,S0089,P00789,488,Created
PO0009790,S0090,P00790,489,Approved
PO0009791,S0091,P00791,490,Received
PO0009792,S0092,P00792,491,Cancelled
PO0009793,S0093,P00793,492,Created
PO0009794,S0094,P00794,493,Approved
PO0009795,S0095,P00795,494,Received
PO0009796,S0096,P00796,495,Cancelled
PO0009797,S0097,P00797,496,Created
PO0009798,S0098,P00798,497,Approved
PO0009799,S0099,P00799,498,Received
PO0009800,S0100,P00800,499,Cancelled
PO0009801,S0001,P00801,10,Created
PO0009802,S0002,P00802,11,Approved
PO0009803,S0003,P00803,12,Received
PO0009804,S0004,P00804,13,Cancelled
PO0009805,S0005,P00805,14,Created
PO0009806,S0006,P00806,15,Approved
PO0009807,S0007,P00807,16,Received
PO0009808,S0008,P00808,17,Cancelled
PO0009809,S0009,P00809,18,Created
PO0009810,S0010,P00810,19,Approved
PO0009811,S0011,P00811,20,Received
PO0009812,S0012,P00812,21,Cancelled
PO0009813,S0013,P00813,22,Created
PO0009814,S0014,P00814,23,Approved
PO0009815,S0015,P00815,24,Received
PO0009816,S0016,P00816,25,Cancelled
PO0009817,S0017,P00817,26,Created
PO0009818,S0018,P00818,27,Approved
PO0009819,S0019,P00819,28,Received
PO0009820,S0020,P00820,29,Cancelled
PO0009821,S0021,P00821,30,Created
PO0009822,S0022,P00822,31,Approved
PO0009823,S0023,P00823,32,Received
PO0009824,S0024,P00824,33,Cancelled
PO0009825,S0025,P00825,34,Created
PO0009826,S0026,P00826,35,Approved
PO0009827,S0027,P00827,36,Received
PO0009828,S0028,P00828,37,Cancelled
PO0009829,S0029,P00829,38,Created
PO0009830,S0030,P00830,39,Approved
PO0009831,S0031,P00831,40,Received
PO0009832,S0032,P00832,41,Cancelled
PO0009833,S0033,P00833,42,Created
PO0009834,S0034,P00834,43,Approved
PO0009835,S0035,P00835,44,Received
PO0009836,S0036,P00836,45,Cancelled
PO0009837,S0037,P00837,46,Created
PO0009838,S0038,P00838,47,Approved
PO0009839,S0039,P00839,48,Received
PO0009840,S0040,P00840,49,Cancelled
PO0009841,S0041,P00841,50,Created
PO0009842,S0042,P00842,51,Approved
PO0009843,S0043,P00843,52,Received
PO0009844,S0044,P00844,53,Cancelled
PO0009845,S0045,P00845,54,Created
PO0009846,S0046,P00846,55,Approved
PO0009847,S0047,P00847,56,Received
PO0009848,S0048,P00848,57,Cancelled
PO0009849,S0049,P00849,58,Created
PO0009850,S0050,P00850,59,Approved
PO0009851,S0051,P00851,60,Received
PO0009852,S0052,P00852,61,Cancelled
PO0009853,S0053,P00853,62,Created
PO0009854,S0054,P00854,63,Approved
PO0009855,S0055,P00855,64,Received
PO0009856,S0056,P00856,65,Cancelled
PO0009857,S0057,P00857,66,Created
PO0009858,S0058,P00858,67,Approved
PO0009859,S0059,P00859,68,Received
PO0009860,S0060,P00860,69,Cancelled
PO0009861,S0061,P00861,70,Created
PO0009862,S0062,P00862,71,Approved
PO0009863,S0063,P00863,72,Received
PO0009864,S0064,P00864,73,Cancelled
PO0009865,S0065,P00865,74,Created
PO0009866,S0066,P00866,75,Approved
PO0009867,S0067,P00867,76,Received
PO0009868,S0068,P00868,77,Cancelled
PO0009869,S0069,P00869,78,Created
PO0009870,S0070,P00870,79,Approved
PO0009871,S0071,P00871,80,Received
PO0009872,S0072,P00872,81,Cancelled
PO0009873,S0073,P00873,82,Created
PO0009874,S0074,P00874,83,Approved
PO0009875,S0075,P00875,84,Received
PO0009876,S0076,P00876,85,Cancelled
PO0009877,S0077,P00877,86,Created
PO0009878,S0078,P00878,87,Approved
PO0009879,S0079,P00879,88,Received
PO0009880,S0080,P00880,89,Cancelled
PO0009881,S0081,P00881,90,Created
PO0009882,S0082,P00882,91,Approved
PO0009883,S0083,P00883,92,Received
PO0009884,S0084,P00884,93,Cancelled
PO0009885,S0085,P00885,94,Created
PO0009886,S0086,P00886,95,Approved
PO0009887,S0087,P00887,96,Received
PO0009888,S0088,P00888,97,Cancelled
PO0009889,S0089,P00889,98,Created
PO0009890,S0090,P00890,99,Approved
PO0009891,S0091,P00891,100,Received
PO0009892,S0092,P00892,101,Cancelled
PO0009893,S0093,P00893,102,Created
PO0009894,S0094,P00894,103,Approved
PO0009895,S0095,P00895,104,Received
PO0009896,S0096,P00896,105,Cancelled
PO0009897,S0097,P00897,106,Created
PO0009898,S0098,P00898,107,Approved
PO0009899,S0099,P00899,108,Received
PO0009900,S0100,P00900,109,Cancelled
PO0009901,S0001,P00901,110,Created
PO0009902,S0002,P00902,111,Approved
PO0009903,S0003,P00903,112,Received
PO0009904,S0004,P00904,113,Cancelled
PO0009905,S0005,P00905,114,Created
PO0009906,S0006,P00906,115,Approved
PO0009907,S0007,P00907,116,Received
PO0009908,S0008,P00908,117,Cancelled
PO0009909,S0009,P00909,118,Created
PO0009910,S0010,P00910,119,Approved
PO0009911,S0011,P00911,120,Received
PO0009912,S0012,P00912,121,Cancelled
PO0009913,S0013,P00913,122,Created
PO0009914,S0014,P00914,123,Approved
PO0009915,S0015,P00915,124,Received
PO0009916,S0016,P00916,125,Cancelled
PO0009917,S0017,P00917,126,Created
PO0009918,S0018,P00918,127,Approved
PO0009919,S0019,P00919,128,Received
PO0009920,S0020,P00920,129,Cancelled
PO0009921,S0021,P00921,130,Created
PO0009922,S0022,P00922,131,Approved
PO0009923,S0023,P00923,132,Received
PO0009924,S0024,P00924,133,Cancelled
PO0009925,S0025,P00925,134,Created
PO0009926,S0026,P00926,135,Approved
PO0009927,S0027,P00927,136,Received
PO0009928,S0028,P00928,137,Cancelled
PO0009929,S0029,P00929,138,Created
PO0009930,S0030,P00930,139,Approved
PO0009931,S0031,P00931,140,Received
PO0009932,S0032,P00932,141,Cancelled
PO0009933,S0033,P00933,142,Created
PO0009934,S0034,P00934,143,Approved
PO0009935,S0035,P00935,144,Received
PO0009936,S0036,P00936,145,Cancelled
PO0009937,S0037,P00937,146,Created
PO0009938,S0038,P00938,147,Approved
PO0009939,S0039,P00939,148,Received
PO0009940,S0040,P00940,149,Cancelled
PO0009941,S0041,P00941,150,Created
PO0009942,S0042,P00942,151,Approved
PO0009943,S0043,P00943,152,Received
PO0009944,S0044,P00944,153,Cancelled
PO0009945,S0045,P00945,154,Created
PO0009946,S0046,P00946,155,Approved
PO0009947,S0047,P00947,156,Received
PO0009948,S0048,P00948,157,Cancelled
PO0009949,S0049,P00949,158,Created
PO0009950,S0050,P00950,159,Approved
PO0009951,S0051,P00951,160,Received
PO0009952,S0052,P00952,161,Cancelled
PO0009953,S0053,P00953,162,Created
PO0009954,S0054,P00954,163,Approved
PO0009955,S0055,P00955,164,Received
PO0009956,S0056,P00956,165,Cancelled
PO0009957,S0057,P00957,166,Created
PO0009958,S0058,P00958,167,Approved
PO0009959,S0059,P00959,168,Received
PO0009960,S0060,P00960,169,Cancelled
PO0009961,S0061,P00961,170,Created
PO0009962,S0062,P00962,171,Approved
PO0009963,S0063,P00963,172,Received
PO0009964,S0064,P00964,173,Cancelled
PO0009965,S0065,P00965,174,Created
PO0009966,S0066,P00966,175,Approved
PO0009967,S0067,P00967,176,Received
PO0009968,S0068,P00968,177,Cancelled
PO0009969,S0069,P00969,178,Created
PO0009970,S0070,P00970,179,Approved
PO0009971,S0071,P00971,180,Received
PO0009972,S0072,P00972,181,Cancelled
PO0009973,S0073,P00973,182,Created
PO0009974,S0074,P00974,183,Approved
PO0009975,S0075,P00975,184,Received
PO0009976,S0076,P00976,185,Cancelled
PO0009977,S0077,P00977,186,Created
PO0009978,S0078,P00978,187,Approved
PO0009979,S0079,P00979,188,Received
PO0009980,S0080,P00980,189,Cancelled
PO0009981,S0081,P00981,190,Created
PO0009982,S0082,P00982,191,Approved
PO0009983,S0083,P00983,192,Received
PO0009984,S0084,P00984,193,Cancelled
PO0009985,S0085,P00985,194,Created
PO0009986,S0086,P00986,195,Approved
PO0009987,S0087,P00987,196,Received
PO0009988,S0088,P00988,197,Cancelled
PO0009989,S0089,P00989,198,Created
PO0009990,S0090,P00990,199,Approved
PO0009991,S0091,P00991,200,Received
PO0009992,S0092,P00992,201,Cancelled
PO0009993,S0093,P00993,202,Created
PO0009994,S0094,P00994,203,Approved
PO0009995,S0095,P00995,204,Received
PO0009996,S0096,P00996,205,Cancelled
PO0009997,S0097,P00997,206,Created
PO0009998,S0098,P00998,207,Approved
PO0009999,S0099,P00999,208,Received
PO0010000,S0100,P01000,209,Cancelled
