customer_id,customer_name,city,state,registration_date
C000001,Ijaya Muni,Sirsa,Uttar Pradesh,2023-06-04
C000002,Ijaya Soni,Bahraich,Telangana,2025-07-06
C000003,Ekalinga Mital,Raipur,Andhra Pradesh,2024-07-31
C000004,Nitesh Kohli,Suryapet,Goa,2024-06-24
C000005,Turvi Kata,Udaipur,Goa,2025-05-04
C000006,Ayush Hora,Guntakal,Maharashtra,2024-12-21
C000007,Tanish Jha,Rajkot,Odisha,2022-07-13
C000008,Jasmit Nanda,Berhampore,Bihar,2023-11-24
C000009,Dhriti Rama,Dharmavaram,Bihar,2024-08-15
C000010,Tanvi Gera,Srikakulam,Odisha,2022-05-21
C000011,Dhriti Dalal,Farrukhabad,Bihar,2023-03-22
C000012,Lohit Vaidya,Gurgaon,Punjab,2022-11-02
C000013,Pallavi Grewal,Siwan,Tamil Nadu,2023-02-20
C000014,Vrishti Mani,Gaya,Karnataka,2025-07-02
C000015,Jagrati Andra,Bhavnagar,Gujarat,2024-12-05
C000016,Nilima Swamy,Raiganj,Meghalaya,2023-02-01
C000017,Azaan Kannan,Patna,Himachal Pradesh,2023-07-30
C000018,Om Shankar,Jamalpur,Mizoram,2022-08-17
C000019,Amrita Peri,Gandhidham,Nagaland,2023-07-10
C000020,Harsh Kota,Patna,Manipur,2023-11-25
C000021,Gagan Sarna,Patiala,Gujarat,2026-08-31
C000022,Priya Gandhi,Tiruppur,Uttarakhand,2023-06-04
C000023,Indali Walia,Kavali,Nagaland,2023-02-05
C000024,Brinda Mann,Kottayam,Sikkim,2022-06-22
C000025,Nisha Bhargava,Cuttack,Tamil Nadu,2022-10-17
C000026,Madhav Nagy,Singrauli,Meghalaya,2022-11-15
C000027,Oeshi Prashad,Aurangabad,Rajasthan,2022-06-16
C000028,Yutika Mall,Malda,Meghalaya,2024-06-12
C000029,Girik Shanker,Rajkot,Uttar Pradesh,2026-03-18
C000030,Tejas Sanghvi,Shimla,Himachal Pradesh,2024-05-30
C000031,Geetika De,Tiruvottiyur,Sikkim,2022-01-28
C000032,Hardik Sharaf,Amravati,West Bengal,2023-01-03
C000033,Tanmayi Acharya,Panihati,Tamil Nadu,2022-10-14
C000034,Nathan Mahal,Karimnagar,Himachal Pradesh,2022-05-14
C000035,Noah Ben,Farrukhabad,Telangana,2023-08-28
C000036,Gavin Chandran,Kakinada,Meghalaya,2022-04-30
C000037,Upkaar Venkataraman,Bangalore,Andhra Pradesh,2024-08-02
C000038,Pahal Deo,Madurai,Haryana,2024-12-03
C000039,Harsh Chauhan,Arrah,Jharkhand,2022-10-31
C000040,Kiaan Dhar,Bettiah,Odisha,2021-09-26
C000041,Ria Panchal,Saharanpur,Maharashtra,2025-06-05
C000042,Gabriel Chaudhry,Amravati,Odisha,2024-12-06
C000043,Pushti Murty,Shahjahanpur,Himachal Pradesh,2022-05-19
C000044,Bhavani Bala,Tiruppur,Mizoram,2025-12-31
C000045,Manya Merchant,Mathura,Meghalaya,2024-12-11
C000046,Wridesh Tata,Dehri,Andhra Pradesh,2024-09-25
C000047,Kevin Ram,Ambarnath,Nagaland,2023-02-18
C000048,Elijah Badal,Kanpur,Himachal Pradesh,2023-07-02
C000049,Darpan Rao,Orai,Tripura,2025-03-13
C000050,Neelima Butala,Alwar,Assam,2024-04-19
C000051,Yasti Jani,Jorhat,Karnataka,2024-12-26
C000052,Dayita Sarkar,Howrah,Haryana,2022-05-25
C000053,Jack Setty,Tirupati,Sikkim,2023-02-27
C000054,Advik Devan,Ujjain,Meghalaya,2024-08-12
C000055,Ojas Prabhu,Agartala,Telangana,2022-09-01
C000056,Gautami Sanghvi,Loni,Assam,2023-11-25
C000057,Watika Shah,Pimpri-Chinchwad,Meghalaya,2026-06-27
C000058,Jhalak Dugar,Kota,Odisha,2022-08-24
C000059,Yashodhara Agate,Ahmedabad,Haryana,2022-01-20
C000060,Januja Rajagopal,Mangalore,West Bengal,2021-12-18
C000061,Udarsh Nagy,Erode,Telangana,2024-05-21
C000062,Faras Pradhan,Ambala,Sikkim,2022-02-10
C000063,Udant Varty,Rewa,Assam,2025-08-14
C000064,Deepa Narang,Begusarai,Manipur,2021-09-24
C000065,Sai Manne,Latur,Manipur,2024-10-18
C000066,Rohan Korpal,Chennai,Maharashtra,2021-11-13
C000067,Hiral Andra,Mumbai,Tripura,2024-11-12
C000068,Hemang Jha,Gurgaon,Meghalaya,2022-03-05
C000069,Ati Chander,Ahmednagar,West Bengal,2026-01-31
C000070,Kashish Shanker,Amaravati,Bihar,2025-12-18
C000071,Meera Borde,Raebareli,Sikkim,2022-10-11
C000072,Bishakha Lal,Singrauli,Tamil Nadu,2024-06-09
C000073,Sneha Magar,Aurangabad,Gujarat,2022-10-27
C000074,Nachiket Cherian,Hospet,Manipur,2024-05-02
C000075,Jai Wason,Dhule,Manipur,2024-04-14
C000076,Alka Dar,Sangli-Miraj & Kupwad,Uttar Pradesh,2024-04-02
C000077,Tanveer Narang,Mysore,Tamil Nadu,2023-10-11
C000078,Meghana Varghese,Dewas,Himachal Pradesh,2023-02-22
C000079,Nidhi Sethi,Bareilly,Manipur,2022-07-13
C000080,Jairaj Arora,Korba,Chhattisgarh,2023-05-08
C000081,Kashish Chad,Aurangabad,Andhra Pradesh,2022-03-19
C000082,Sachi Dave,Bathinda,Bihar,2022-01-10
C000083,Chandresh Ganguly,Tenali,Meghalaya,2021-11-30
C000084,Pooja Gera,Kakinada,Goa,2024-01-02
C000085,Sanaya Dixit,Srikakulam,Punjab,2023-10-03
C000086,Wishi Sabharwal,Ghaziabad,Assam,2024-01-17
C000087,Laksh Saini,Hajipur,Haryana,2026-04-16
C000088,Lavanya Parmer,Tinsukia,Uttar Pradesh,2025-10-14
C000089,Yadavi Nagy,Gopalpur,Goa,2021-11-19
C000090,Theodore Balan,Howrah,Uttar Pradesh,2025-09-04
C000091,Viraj Dutta,Shahjahanpur,Sikkim,2023-09-19
C000092,Daksh Kanda,Raichur,Uttarakhand,2023-02-21
C000093,Warjas Nadkarni,Gudivada,Andhra Pradesh,2024-08-27
C000094,Raghav Tailor,Akola,Meghalaya,2021-12-26
C000095,Daksh Kaul,Jaipur,Mizoram,2025-09-24
C000096,Garima Jaggi,Mau,Tamil Nadu,2023-03-05
C000097,Daniel Bains,Dharmavaram,Tamil Nadu,2022-11-14
C000098,Janya Bora,Tenali,Odisha,2022-07-10
C000099,Chasmum Naidu,Sangli-Miraj & Kupwad,Telangana,2025-05-19
C000100,Edhitha Ghosh,Rajahmundry,Sikkim,2023-02-26
C000101,Damyanti Menon,Belgaum,Telangana,2021-09-05
C000102,Bachittar Gopal,Pudukkottai,Haryana,2026-06-23
C000103,Watika Dhaliwal,Solapur,Haryana,2024-08-12
C000104,Oliver Chakrabarti,Amroha,Andhra Pradesh,2023-12-02
C000105,Zaid Bir,Bardhaman,Uttar Pradesh,2022-08-01
C000106,Chanakya Raju,Gurgaon,Goa,2025-03-09
C000107,Kritika Panchal,Salem,Uttarakhand,2025-09-28
C000108,Nicholas Seth,Visakhapatnam,Jharkhand,2021-11-01
C000109,Advika Cheema,Tiruvottiyur,Goa,2024-11-09
C000110,Falan Chander,Hindupur,Punjab,2025-10-08
C000111,Raagini Gala,Sangli-Miraj & Kupwad,Arunachal Pradesh,2022-07-11
C000112,Samesh Gupta,Begusarai,Telangana,2026-04-05
C000113,Baghyawati Mishra,Jalandhar,Arunachal Pradesh,2025-01-02
C000114,Mitesh Bhagat,Delhi,Maharashtra,2022-05-30
C000115,Varsha Iyengar,Indore,Gujarat,2023-02-12
C000116,Finn Solanki,Aizawl,Uttar Pradesh,2025-01-16
C000117,Vrinda Lanka,Tinsukia,Madhya Pradesh,2023-03-28
C000118,Lakshmi Pingle,Amroha,Arunachal Pradesh,2023-11-27
C000119,Udyati Lall,Agartala,Odisha,2022-03-10
C000120,Gunbir Chada,Hosur,Maharashtra,2023-08-07
C000121,Lila Virk,Jorhat,Sikkim,2025-09-14
C000122,Vamakshi Mistry,Tenali,West Bengal,2021-12-16
C000123,Jai Sen,Rourkela,Gujarat,2023-04-21
C000124,Brijesh Sampath,Raebareli,Gujarat,2022-12-03
C000125,Ekaja Bhavsar,Munger,Nagaland,2025-01-16
C000126,Anya Venkatesh,Ahmedabad,Uttar Pradesh,2026-08-30
C000127,Isaiah Sachdeva,Siliguri,Odisha,2026-08-31
C000128,Hitesh Chaudhuri,Jorhat,Kerala,2025-02-27
C000129,Leela Sunder,Agra,Goa,2024-01-03
C000130,Maanas Ratti,Tenali,Karnataka,2023-09-08
C000131,Vaishnavi Luthra,Jaipur,Karnataka,2024-03-29
C000132,Avni Swamy,Ambattur,Chhattisgarh,2024-03-21
C000133,Ekani Luthra,Mahbubnagar,Rajasthan,2022-06-04
C000134,Riya Kakar,Shivpuri,Tripura,2026-01-21
C000135,Daksh Varma,Amritsar,Jharkhand,2025-12-22
C000136,Krishna Viswanathan,Malegaon,Gujarat,2023-05-16
C000137,Zaid Bali,Dhanbad,Kerala,2023-05-11
C000138,Jyoti Shetty,Amravati,Sikkim,2021-12-03
C000139,Kashish Suresh,Belgaum,West Bengal,2025-09-13
C000140,Hemangini Gade,Mysore,Jharkhand,2021-11-24
C000141,Chandran Gaba,Korba,Rajasthan,2023-07-31
C000142,Amruta Rout,Bangalore,Meghalaya,2022-10-16
C000143,Abhiram Kapur,Narasaraopet,Uttar Pradesh,2024-04-06
C000144,Pallavi Puri,Jaunpur,Himachal Pradesh,2023-07-09
C000145,Chasmum Verma,Bhimavaram,Bihar,2021-09-22
C000146,Barkha Misra,Ongole,Assam,2024-07-10
C000147,Ekta Malhotra,Bihar Sharif,Gujarat,2022-12-09
C000148,Dakshesh Raval,Kolhapur,Telangana,2021-11-18
C000149,Chakrika Lad,Machilipatnam,Madhya Pradesh,2021-12-18
C000150,Hemal Kapadia,Secunderabad,Mizoram,2024-03-20
C000151,Pratyush Memon,Chittoor,Chhattisgarh,2023-11-12
C000152,Gautami Chakraborty,Raichur,Haryana,2024-04-11
C000153,Garima Prabhu,Bhimavaram,Jharkhand,2025-08-10
C000154,Upma Bera,Chittoor,Gujarat,2025-12-02
C000155,Lakshmi Wagle,Haridwar,Arunachal Pradesh,2022-12-12
C000156,Sai Oommen,Jehanabad,Manipur,2022-11-18
C000157,Pranit Buch,Thoothukudi,Rajasthan,2023-03-03
C000158,Dalbir Agrawal,Panipat,Gujarat,2023-02-05
C000159,Vrishti Chakrabarti,Srikakulam,Maharashtra,2025-04-26
C000160,Pushti Sood,Kolkata,Arunachal Pradesh,2026-03-16
C000161,Kashvi Atwal,Bettiah,Gujarat,2021-10-25
C000162,Yuvraj Kara,Bijapur,Chhattisgarh,2022-07-16
C000163,Yahvi Mohan,Amritsar,Uttarakhand,2022-01-20
C000164,Bina Shah,Raebareli,Sikkim,2022-10-20
C000165,Vrishti Parmer,Dehradun,Uttar Pradesh,2025-02-04
C000166,Vedant Kapur,Rajpur Sonarpur,Telangana,2021-11-07
C000167,Jatin Peri,Gandhinagar,Rajasthan,2023-11-03
C000168,Chanakya Chokshi,Nashik,Tamil Nadu,2022-08-25
C000169,Sachi Rai,Motihari,Himachal Pradesh,2025-09-12
C000170,Samesh Andra,Bidar,Sikkim,2022-07-10
C000171,Laksh Sahota,Sasaram,Telangana,2022-08-31
C000172,Ishaan Cherian,Davanagere,Punjab,2023-05-13
C000173,Saksham Parmar,Sagar,Goa,2021-12-31
C000174,Sarthak Srivastava,Noida,Andhra Pradesh,2021-10-09
C000175,Indrajit Tak,Mysore,Tripura,2026-01-06
C000176,Harrison Kunda,Sirsa,Jharkhand,2023-11-29
C000177,Chandresh Chaudhry,Thane,West Bengal,2024-02-19
C000178,Dhriti Sandhu,Bareilly,West Bengal,2022-01-20
C000179,Lakshit Garde,Secunderabad,Manipur,2023-12-12
C000180,Kashish Oommen,Raipur,Madhya Pradesh,2025-01-25
C000181,Anita Rajan,Bidar,Rajasthan,2023-01-31
C000182,Kevin Bhargava,Vasai-Virar,Maharashtra,2025-10-08
C000183,Pratyush Raghavan,Pudukkottai,Andhra Pradesh,2022-10-10
C000184,Vinaya Chowdhury,Gandhidham,Arunachal Pradesh,2022-03-15
C000185,Dipta Arora,Sonipat,Mizoram,2026-02-11
C000186,Rachita Kothari,Sri Ganganagar,Sikkim,2024-12-08
C000187,Chatura Apte,Dibrugarh,West Bengal,2025-08-28
C000188,Noah Borde,Pondicherry,Haryana,2024-06-24
C000189,Chandresh Tripathi,Jamalpur,Rajasthan,2024-11-19
C000190,Wahab Brar,Raiganj,Uttar Pradesh,2026-07-16
C000191,Gaurang Tara,Satna,Bihar,2025-11-23
C000192,Harshil Raval,Vadodara,Nagaland,2026-05-02
C000193,Gavin Modi,Sirsa,Karnataka,2024-10-02
C000194,Udant Sha,Karaikudi,Tripura,2025-09-08
C000195,Sneha Comar,Korba,Andhra Pradesh,2024-07-26
C000196,Bishakha Vig,Aligarh,Arunachal Pradesh,2023-01-23
C000197,Logan Rout,Rohtak,Punjab,2023-05-01
C000198,Jai Ramaswamy,Berhampore,Uttarakhand,2023-04-15
C000199,Hritik Sachdeva,Giridih,Bihar,2025-06-30
C000200,Yamini Desai,Kolkata,Mizoram,2022-01-28
C000201,Vasudha Trivedi,Adoni,Goa,2022-10-03
C000202,Lila Nagy,Gurgaon,Punjab,2023-10-11
C000203,Mitali Oza,Bidhannagar,Uttar Pradesh,2022-10-19
C000204,Nitara Vala,Motihari,West Bengal,2024-05-02
C000205,Sai Kadakia,Hapur,Sikkim,2022-10-17
C000206,Yahvi Naidu,Nagercoil,Nagaland,2025-10-01
C000207,Bhavika Sami,Nagaon,Bihar,2021-11-17
C000208,Maanav Bera,Kollam,Himachal Pradesh,2023-01-13
C000209,Zashil Dhingra,Sagar,Gujarat,2026-04-08
C000210,Jagrati Sethi,Tadepalligudem,West Bengal,2026-06-11
C000211,Lopa Khanna,Nashik,Madhya Pradesh,2024-12-17
C000212,Dhriti Bhagat,Chandrapur,Gujarat,2025-06-07
C000213,Jhalak Hegde,Durg,Manipur,2023-03-05
C000214,Rachit Ghose,Burhanpur,Arunachal Pradesh,2025-04-23
C000215,Aishani De,Bhimavaram,West Bengal,2023-11-01
C000216,Ganga Shukla,Thane,Chhattisgarh,2024-05-29
C000217,Charvi Swaminathan,Srinagar,Uttar Pradesh,2024-05-14
C000218,Qarin Verma,Dibrugarh,Goa,2025-03-15
C000219,George Palla,Kakinada,Sikkim,2024-06-27
C000220,Jalsa Memon,Tadipatri,Mizoram,2025-09-14
C000221,Ishwar Pal,New Delhi,Rajasthan,2023-09-27
C000222,Ekani Raj,Kharagpur,Himachal Pradesh,2026-04-05
C000223,Aryan Varughese,Kottayam,Uttar Pradesh,2025-12-28
C000224,Vidhi Bassi,Nellore,Karnataka,2026-01-13
C000225,Gopal Ganesh,Amritsar,Gujarat,2023-06-24
C000226,Hemang Jha,Madurai,Telangana,2022-12-21
C000227,Tripti Narula,Chandigarh,Assam,2022-02-15
C000228,Zayan Bobal,Rampur,Maharashtra,2024-12-18
C000229,Nidhi Sant,Pune,Madhya Pradesh,2022-09-02
C000230,Dev Bath,Secunderabad,Mizoram,2022-07-26
C000231,Charvi Chadha,Bahraich,Madhya Pradesh,2025-01-09
C000232,Urvi Dugar,Bhavnagar,Telangana,2024-12-27
C000233,Maanas Misra,Hyderabad,Nagaland,2026-05-21
C000234,Jatin Barman,Chapra,Punjab,2025-01-06
C000235,Dalaja Kade,Rajpur Sonarpur,Maharashtra,2026-01-09
C000236,Naveen Gour,Tadepalligudem,Uttarakhand,2023-10-25
C000237,Ishwar Golla,Jamalpur,Manipur,2026-05-04
C000238,Bina Bhavsar,Navi Mumbai,Gujarat,2026-08-08
C000239,Ganga Parikh,Noida,Bihar,2024-02-02
C000240,Rishi Nadkarni,Hospet,Karnataka,2024-04-06
C000241,Janya Mutti,Gulbarga,Andhra Pradesh,2024-04-30
C000242,Timothy Sarin,Karimnagar,Chhattisgarh,2024-06-26
C000243,Turvi Sehgal,Farrukhabad,Meghalaya,2026-05-10
C000244,Parth Bumb,Kolhapur,Nagaland,2023-05-03
C000245,Faraj Borra,Guna,Rajasthan,2021-12-05
C000246,Simon Bansal,Tinsukia,Nagaland,2025-09-05
C000247,Jasmit Ramanathan,Giridih,Telangana,2024-02-21
C000248,Ucchal Thaker,Sikar,Kerala,2025-12-08
C000249,William Gandhi,Amroha,Goa,2023-03-10
C000250,Veda Parmer,Muzaffarnagar,Tripura,2025-10-24
C000251,Dev Lalla,Muzaffarpur,Arunachal Pradesh,2023-06-04
C000252,Lipika Singh,Ranchi,Arunachal Pradesh,2024-06-02
C000253,Anusha Lall,Gandhinagar,Rajasthan,2024-11-19
C000254,Faras Varughese,Gandhinagar,Haryana,2026-01-21
C000255,Ira Pai,Ongole,Punjab,2021-09-20
C000256,Ria Gandhi,Solapur,Mizoram,2024-01-20
C000257,Mason Grover,Mirzapur,Punjab,2022-09-02
C000258,Oeshi Narayanan,Ongole,Sikkim,2025-09-26
C000259,Shivansh Edwin,Lucknow,Haryana,2022-01-12
C000260,Naveen Desai,Chapra,Chhattisgarh,2022-02-20
C000261,Aarna Gole,Khora ,Odisha,2021-10-27
C000262,Frederick Kalita,Medininagar,Meghalaya,2025-10-05
C000263,Theodore Roy,Ballia,Uttarakhand,2023-03-19
C000264,Oliver Oommen,Kavali,Odisha,2022-04-01
C000265,Kritika Rajan,Moradabad,Andhra Pradesh,2023-05-21
C000266,Mason Char,Fatehpur,Punjab,2021-12-30
C000267,Girik Subramaniam,Madanapalle,Nagaland,2021-09-03
C000268,Osha Prabhakar,Bettiah,Maharashtra,2023-08-13
C000269,Lakshmi Palla,Khandwa,Chhattisgarh,2023-10-30
C000270,Viraj Chacko,Khora ,Nagaland,2025-02-20
C000271,Ranbir Ahluwalia,Gangtok,Mizoram,2022-09-01
C000272,Keya Jha,Alappuzha,Kerala,2022-07-28
C000273,Pooja Kulkarni,Jorhat,Maharashtra,2026-06-20
C000274,Anya Ranganathan,Haridwar,Nagaland,2026-05-29
C000275,Praneel Prabhakar,Nizamabad,Jharkhand,2026-07-30
C000276,Mitali Devi,Berhampur,Manipur,2023-01-15
C000277,Tanish Trivedi,Sonipat,Uttar Pradesh,2026-05-07
C000278,Naveen Ramachandran,Mysore,Uttarakhand,2022-11-25
C000279,Radhika Chakrabarti,Firozabad,Haryana,2024-10-26
C000280,Baljiwan Rajagopalan,Srikakulam,Rajasthan,2026-02-04
C000281,Dakshesh Gill,Bahraich,Andhra Pradesh,2023-05-19
C000282,Robert Bandi,Srikakulam,Goa,2021-12-21
C000283,William Acharya,Chandigarh,Himachal Pradesh,2025-01-22
C000284,Megha Ravi,Kadapa,Andhra Pradesh,2022-04-01
C000285,Bhavani Pall,Bally,Haryana,2023-04-27
C000286,Netra Agrawal,Akola,Maharashtra,2025-12-20
C000287,Elijah Thakur,Mau,Bihar,2026-01-11
C000288,Zashil Savant,Phusro,Meghalaya,2023-09-25
C000289,Tara Sharma,Ongole,Bihar,2023-11-10
C000290,Lavanya Kannan,Satna,Maharashtra,2024-09-01
C000291,Adya Kothari,Tiruchirappalli,Madhya Pradesh,2024-07-28
C000292,Pranav Soni,Raichur,Gujarat,2026-07-18
C000293,Qadim Gupta,Kollam,Haryana,2023-09-22
C000294,Samuel Karnik,Kulti,Uttarakhand,2024-09-10
C000295,Hredhaan Dar,Kumbakonam,Punjab,2021-09-20
C000296,Vasatika Prabhu,Kumbakonam,Odisha,2024-01-01
C000297,Qadim Vaidya,Sikar,Haryana,2026-07-27
C000298,Chatura Vora,Morena,Nagaland,2021-12-10
C000299,Meera Ghosh,Jamshedpur,Tamil Nadu,2026-01-27
C000300,Diya Anand,Bhagalpur,Madhya Pradesh,2026-08-10
C000301,Eshana Pathak,Gaya,Nagaland,2023-11-25
C000302,Amruta Sinha,Ambarnath,Goa,2025-11-27
C000303,Shivansh Saini,Bharatpur,West Bengal,2025-01-26
C000304,Shravya Gole,Ramgarh,Sikkim,2023-08-11
C000305,Anamika Keer,Eluru,Gujarat,2022-11-27
C000306,Urvashi Andra,Bidar,Meghalaya,2022-10-22
C000307,Vidhi Mital,Kishanganj,West Bengal,2026-06-30
C000308,Mitali Chaudhary,Allahabad,Gujarat,2023-10-30
C000309,Gopal Sengupta,Bhilwara,Kerala,2024-09-23
C000310,Hemangini Bahri,Bhilai,Kerala,2023-05-11
C000311,Bhavani Pant,Sasaram,Meghalaya,2025-06-19
C000312,Lakshmi Mangat,Ulhasnagar,West Bengal,2023-02-02
C000313,Oviya Ravel,Vijayawada,Goa,2024-08-02
C000314,Dipta Nadig,Shimoga,Punjab,2025-01-10
C000315,Sai Patil,Haridwar,Goa,2023-03-25
C000316,Jeremiah Keer,Vijayawada,Gujarat,2023-01-31
C000317,Harshil Chandran,Bhalswa Jahangir Pur,Nagaland,2022-02-14
C000318,Mekhala Viswanathan,Vasai-Virar,Himachal Pradesh,2022-12-26
C000319,Madhavi More,Shahjahanpur,Telangana,2024-01-30
C000320,Jonathan Deep,Bhopal,Arunachal Pradesh,2024-09-12
C000321,Vamakshi Sibal,Motihari,Manipur,2022-10-24
C000322,Tanmayi Saran,Sri Ganganagar,Meghalaya,2026-04-03
C000323,Gaurav Sathe,Ambarnath,Maharashtra,2023-11-16
C000324,Chavvi Anne,Nagaon,Uttarakhand,2022-10-28
C000325,Bhavini Singh,Pallavaram,Tripura,2025-09-21
C000326,Aditya Sani,Kavali,Haryana,2021-09-22
C000327,Ranbir Sabharwal,Tenali,Haryana,2023-01-20
C000328,Kritika Kannan,Vijayawada,Maharashtra,2023-09-14
C000329,Bhavani Wali,Haridwar,Gujarat,2022-03-31
C000330,Laban Mann,Sirsa,Punjab,2025-07-07
C000331,Vyanjana Guha,Surat,Chhattisgarh,2022-02-01
C000332,Quincy Chaudry,Agartala,Chhattisgarh,2025-05-24
C000333,Viraj Chana,Kanpur,Meghalaya,2023-07-06
C000334,Osha Muni,Serampore,Manipur,2021-12-07
C000335,Faris Dhingra,Shimoga,Tripura,2025-01-01
C000336,Upma Golla,Chandrapur,Uttarakhand,2024-11-28
C000337,Jairaj Kothari,Mango,Haryana,2021-12-13
C000338,Triveni Chandra,Bhalswa Jahangir Pur,Madhya Pradesh,2024-04-26
C000339,Nathan Basak,Nizamabad,Meghalaya,2024-03-16
C000340,Jalsa Ben,Gorakhpur,Haryana,2025-05-10
C000341,Alexander Ganesh,Bhimavaram,Bihar,2025-01-11
C000342,Aditya Basak,Kavali,Chhattisgarh,2024-10-27
C000343,Yuvraj Dugar,Mysore,Sikkim,2024-07-17
C000344,Darpan Parekh,Jorhat,Uttar Pradesh,2022-07-30
C000345,Vinaya Kaul,Proddatur,Uttar Pradesh,2024-08-14
C000346,Reyansh Bail,Secunderabad,Telangana,2022-10-23
C000347,Balveer Sundaram,Karaikudi,Jharkhand,2026-04-13
C000348,Ranveer Grover,North Dumdum,Telangana,2025-08-25
C000349,Naveen Biswas,Hospet,Jharkhand,2023-11-27
C000350,Sudiksha Acharya,Udaipur,Andhra Pradesh,2024-10-05
C000351,Ekani Bhatnagar,Jhansi,Mizoram,2025-11-23
C000352,Barkha Naidu,Pondicherry,Bihar,2022-06-26
C000353,Caleb Dayal,Patna,Gujarat,2022-07-29
C000354,Rehaan Chaudhary,Aurangabad,Rajasthan,2024-12-20
C000355,Aahana Bawa,Korba,Punjab,2022-04-08
C000356,Sathvik Swamy,Bhind,Uttar Pradesh,2022-03-07
C000357,Ojasvi Pillay,Tadepalligudem,Himachal Pradesh,2026-03-01
C000358,Ekavir Modi,Thrissur,Mizoram,2022-06-28
C000359,Vihaan Wali,Jhansi,Gujarat,2026-02-20
C000360,Praneel Sagar,Gangtok,Kerala,2025-07-26
C000361,Hemang Ganesan,Jamalpur,Madhya Pradesh,2025-12-16
C000362,Nakul Walla,Nagercoil,Karnataka,2026-05-06
C000363,Kamya Sachar,North Dumdum,Punjab,2023-09-17
C000364,Keya Kumar,Bidhannagar,Manipur,2025-01-15
C000365,Bakhshi Mane,Kadapa,Chhattisgarh,2024-03-25
C000366,Charita Kapadia,Satna,Andhra Pradesh,2024-01-05
C000367,Girindra Barad,Raurkela Industrial Township,Chhattisgarh,2022-11-04
C000368,Jeevika Krish,Bardhaman,Uttar Pradesh,2024-03-21
C000369,Mugdha Kalla,Anantapur,Uttar Pradesh,2025-10-08
C000370,Vinaya Chandran,Agra,Telangana,2026-07-26
C000371,Farhan Bhalla,Karnal,Uttarakhand,2025-05-11
C000372,Jai Karan,Eluru,Arunachal Pradesh,2024-04-03
C000373,Eiravati Zacharia,Khammam,Mizoram,2023-07-17
C000374,Chandresh Ramaswamy,Hindupur,Odisha,2025-12-16
C000375,Tristan Sankaran,Singrauli,Chhattisgarh,2022-10-15
C000376,Fitan Soni,Motihari,Madhya Pradesh,2023-11-24
C000377,Mohini Thaker,Bikaner,Tripura,2022-10-24
C000378,Rudra Sura,Aurangabad,Gujarat,2026-06-09
C000379,Xavier Bora,Chinsurah,Karnataka,2026-07-25
C000380,Isaiah Sachdev,Ambarnath,Kerala,2023-04-14
C000381,Hemangini Bajwa,Gulbarga,Kerala,2025-06-04
C000382,Ridhi Basu,Kollam,Sikkim,2024-11-04
C000383,Frederick Chowdhury,Latur,Punjab,2022-12-02
C000384,Akshay Oza,Farrukhabad,Manipur,2025-09-02
C000385,Garima Kadakia,Kurnool,Nagaland,2026-02-11
C000386,Vasudha Dhaliwal,Gandhinagar,Odisha,2026-02-22
C000387,Aadhya Garde,Anantapuram,Gujarat,2023-12-21
C000388,Udyati Anand,Munger,Sikkim,2023-12-21
C000389,Hritik Bahl,Kharagpur,Haryana,2024-11-25
C000390,Diya Sundaram,Gaya,Gujarat,2025-12-03
C000391,Anthony Baral,Bettiah,Jharkhand,2024-07-02
C000392,Maya Dugar,Sri Ganganagar,Sikkim,2024-08-28
C000393,Chasmum Keer,Ghaziabad,Rajasthan,2023-11-09
C000394,Ayushman Mammen,Saharanpur,Karnataka,2025-01-02
C000395,Gagan Raja,Erode,Haryana,2026-07-15
C000396,Pooja Muni,Sultan Pur Majra,Nagaland,2022-10-14
C000397,Lakshit Jain,Tirupati,Tamil Nadu,2026-02-13
C000398,Qushi Dhillon,Ratlam,Assam,2026-05-28
C000399,Qarin Nadkarni,Ludhiana,Tripura,2024-05-17
C000400,Nisha Mitter,Panipat,Chhattisgarh,2023-04-06
C000401,Karan Goyal,Pudukkottai,Punjab,2023-12-08
C000402,Vincent Kashyap,Secunderabad,Assam,2025-09-19
C000403,Yadavi Singh,Udaipur,West Bengal,2024-12-16
C000404,Urvi Devan,Nellore,Haryana,2021-12-09
C000405,Alexander Madan,Korba,Telangana,2023-05-23
C000406,Dominic Goel,Tadepalligudem,Meghalaya,2024-06-05
C000407,Yatin Sane,Kalyan-Dombivli,Punjab,2024-11-24
C000408,Meera Yadav,Saharsa,Bihar,2025-07-04
C000409,Brijesh Korpal,Thane,Nagaland,2024-12-16
C000410,Ranveer Manne,Sikar,Jharkhand,2024-02-05
C000411,Ojas Sami,Pudukkottai,Arunachal Pradesh,2026-01-23
C000412,Ubika Seth,Orai,Bihar,2023-03-12
C000413,Maya Sachdev,Hospet,Andhra Pradesh,2023-03-09
C000414,Saksham Sha,Chandrapur,Karnataka,2023-01-22
C000415,Gavin Comar,Mirzapur,Assam,2026-02-13
C000416,Yasti Dutta,Jamalpur,Madhya Pradesh,2022-01-14
C000417,Gautami Doctor,Ulhasnagar,Goa,2022-02-06
C000418,Darika More,Tumkur,Rajasthan,2023-03-15
C000419,Karan Jain,Nizamabad,Andhra Pradesh,2025-07-25
C000420,Wishi Ahluwalia,Patiala,Gujarat,2025-09-16
C000421,Nimrat Sathe,Ghaziabad,Punjab,2021-09-20
C000422,Arunima Johal,Udaipur,Chhattisgarh,2022-02-18
C000423,Balhaar Dhillon,Gangtok,Uttarakhand,2024-03-15
C000424,Gagan Bawa,Erode,Goa,2023-01-14
C000425,Peter Shah,Vadodara,Assam,2024-03-17
C000426,Jyoti Raghavan,Purnia,Uttarakhand,2026-05-07
C000427,Brinda Sinha,Bhilai,Tamil Nadu,2023-12-31
C000428,Odika Vohra,Bhagalpur,Punjab,2022-02-27
C000429,Gagan Sule,Purnia,Punjab,2024-05-10
C000430,Irya Dayal,Saharsa,Telangana,2025-11-24
C000431,Pranit Kaul,Jammu,Andhra Pradesh,2022-09-02
C000432,Udyati Dalal,Tadepalligudem,Maharashtra,2025-03-09
C000433,Gauri Palla,Hyderabad,Rajasthan,2023-05-18
C000434,Aachal Bir,Dewas,Mizoram,2026-05-05
C000435,Abeer Comar,Mau,Madhya Pradesh,2026-07-03
C000436,Parth Hari,Sonipat,Sikkim,2025-09-27
C000437,Balendra Deshpande,Bhatpara,Rajasthan,2025-08-01
C000438,Turvi Sachdev,Saharsa,Jharkhand,2026-06-21
C000439,Anirudh Joshi,Raichur,Assam,2022-12-07
C000440,Azaan Nori,Deoghar,Uttarakhand,2023-01-28
C000441,Rachit Dada,Satna,Tamil Nadu,2021-12-07
C000442,Odika Chadha,Patiala,Kerala,2025-07-05
C000443,Tarak Vohra,Akola,Bihar,2024-11-05
C000444,Saksham Chanda,Guna,Andhra Pradesh,2025-10-08
C000445,Ranveer Oak,Loni,Jharkhand,2024-06-13
C000446,Guneet Varty,Tiruppur,Telangana,2021-12-22
C000447,Lila Vig,Kolkata,Jharkhand,2022-01-14
C000448,Gauri Sibal,Kota,Mizoram,2024-04-27
C000449,Devika Kadakia,Kollam,Gujarat,2024-02-07
C000450,Eiravati Sastry,Darbhanga,Chhattisgarh,2023-01-02
C000451,Ishwar Aurora,Tiruppur,Nagaland,2024-08-23
C000452,Anika Dhaliwal,Chapra,Haryana,2023-02-14
C000453,Deepa Nigam,Dhanbad,Chhattisgarh,2021-11-29
C000454,Chandresh Cherian,Meerut,Assam,2025-04-16
C000455,Praneel Sehgal,Bijapur,Karnataka,2023-05-08
C000456,Udyati Deep,Bhind,Bihar,2025-07-16
C000457,Udyati Singhal,Rajahmundry,Chhattisgarh,2023-11-10
C000458,Manya Goswami,Anantapur,Manipur,2025-10-23
C000459,Dhruv Soman,Etawah,Meghalaya,2025-08-03
C000460,Barkha Pall,Danapur,Bihar,2025-02-11
C000461,Eshana Bobal,Katihar,Manipur,2025-01-27
C000462,William Kohli,Ongole,Madhya Pradesh,2022-03-24
C000463,Sathvik Sankar,Tezpur,Uttar Pradesh,2024-07-29
C000464,Oscar Brahmbhatt,Raipur,Odisha,2025-08-08
C000465,Gunbir Saxena,Aizawl,Madhya Pradesh,2022-04-04
C000466,Ladli Narang,Ghaziabad,Assam,2023-07-08
C000467,Aadi Din,Bidhannagar,Nagaland,2024-02-22
C000468,Sanya Hayre,Ratlam,Jharkhand,2026-07-07
C000469,Radhika Padmanabhan,Ballia,Andhra Pradesh,2026-01-02
C000470,Joshua Menon,Uluberia,Nagaland,2022-02-12
C000471,Jagrati Choudhary,Ludhiana,Haryana,2025-05-03
C000472,Eesha Raja,Eluru,Maharashtra,2026-04-20
C000473,Oscar Soman,Maheshtala,Nagaland,2024-12-07
C000474,Omisha Dube,Cuttack,Chhattisgarh,2021-10-06
C000475,Amol Dhawan,Junagadh,Chhattisgarh,2022-05-21
C000476,Ojasvi Shah,Bokaro,Manipur,2025-12-30
C000477,Shivani Rajagopalan,Kamarhati,Goa,2025-04-11
C000478,Wishi Khalsa,Bulandshahr,Nagaland,2026-07-26
C000479,Bahadurjit Barad,Arrah,Bihar,2026-08-07
C000480,Fariq Dhar,Kirari Suleman Nagar,Mizoram,2022-05-01
C000481,Yatan Sodhi,Panvel,Uttar Pradesh,2026-08-05
C000482,Chatresh Oza,Nandyal,Manipur,2026-01-09
C000483,Garima Sama,Durg,Jharkhand,2023-02-02
C000484,Daksha Lad,Bhalswa Jahangir Pur,Odisha,2023-02-07
C000485,Bishakha Bala,Shivpuri,Assam,2022-09-29
C000486,Arunima Krishnan,Tadepalligudem,Himachal Pradesh,2024-01-03
C000487,Akshay Choudhury,Gudivada,Telangana,2022-12-13
C000488,Kala Gill,Noida,Meghalaya,2023-03-15
C000489,Hemal Chad,Hindupur,Uttarakhand,2022-12-22
C000490,Nitara Rajagopal,Gandhidham,Telangana,2023-02-01
C000491,Hemani Bhagat,Bhiwandi,Arunachal Pradesh,2023-02-02
C000492,Mohini Soni,Fatehpur,Telangana,2026-03-12
C000493,Ladli Ramakrishnan,Firozabad,Chhattisgarh,2026-03-06
C000494,Advik Mani,Eluru,Sikkim,2024-05-07
C000495,Gunbir Wali,Bhiwani,Punjab,2023-12-25
C000496,Anamika Loke,Rohtak,Rajasthan,2026-08-19
C000497,Triya Khurana,Saharsa,Karnataka,2023-03-12
C000498,Advaith Anand,Ahmedabad,Maharashtra,2022-06-30
C000499,Sanaya Panchal,Anantapuram,Himachal Pradesh,2023-04-22
C000500,Arjun Chanda,Hindupur,Sikkim,2023-07-05
C000501,Jagdish Chadha,Gandhinagar,Sikkim,2026-06-24
C000502,Indrajit Gour,Durg,Manipur,2022-04-23
C000503,Aradhana Sane,Bardhaman,Goa,2022-04-17
C000504,David Raja,Thoothukudi,Arunachal Pradesh,2023-11-11
C000505,Pranav Sastry,Pallavaram,Gujarat,2025-01-01
C000506,Vyanjana Chopra,Panvel,Tripura,2025-05-01
C000507,Hitesh Sathe,Kota,Arunachal Pradesh,2022-04-14
C000508,Zashil Sehgal,Mehsana,Chhattisgarh,2021-09-02
C000509,Madhavi Lata,Ozhukarai,Madhya Pradesh,2026-07-21
C000510,Yutika Swaminathan,Junagadh,Madhya Pradesh,2022-04-05
C000511,Aarush Rajagopalan,Bhilai,Odisha,2026-03-21
C000512,Gauri Mitter,Pimpri-Chinchwad,Rajasthan,2022-06-08
C000513,Harini Buch,Ramagundam,Rajasthan,2023-05-24
C000514,Balveer Rajagopalan,Dewas,Tamil Nadu,2024-12-25
C000515,Jagrati Sur,Bahraich,Telangana,2023-04-11
C000516,Balendra Hans,Guntakal,Haryana,2025-10-28
C000517,Dev Zachariah,Panchkula,Nagaland,2025-06-26
C000518,Balhaar Nori,Naihati,Uttar Pradesh,2022-01-11
C000519,Jagat Kakar,Jorhat,Chhattisgarh,2026-08-04
C000520,Ekbal Bansal,Unnao,Rajasthan,2021-10-29
C000521,Chakradev Kibe,Kanpur,Goa,2022-02-02
C000522,Gunbir Shan,Gudivada,Assam,2022-07-27
C000523,Widisha Kannan,Panihati,Maharashtra,2024-07-14
C000524,Ekta Dara,Pondicherry,Uttarakhand,2023-06-24
C000525,Oscar Nayak,Jamshedpur,Himachal Pradesh,2022-11-12
C000526,Om Pingle,Bahraich,Haryana,2026-08-13
C000527,Kiaan Chaudhry,Sangli-Miraj & Kupwad,Andhra Pradesh,2025-10-21
C000528,Abeer Amble,Hubli–Dharwad,Tamil Nadu,2024-01-29
C000529,Vamakshi Date,Asansol,Rajasthan,2023-12-20
C000530,Nisha Khare,Phagwara,Tamil Nadu,2021-12-25
C000531,Xalak Chakrabarti,Karnal,Maharashtra,2021-09-14
C000532,Rehaan Dalal,Tadipatri,Kerala,2026-04-03
C000533,Ucchal Joshi,Meerut,Gujarat,2022-08-16
C000534,Urvi Tank,Kozhikode,Sikkim,2022-01-11
C000535,Januja Mane,Raebareli,Himachal Pradesh,2024-07-04
C000536,Caleb Chawla,Siwan,Goa,2023-01-04
C000537,Vedhika Varma,Madurai,Haryana,2025-06-13
C000538,Oni Issac,Berhampur,Tripura,2022-08-08
C000539,Vedant Chaudhari,Haridwar,West Bengal,2023-05-14
C000540,Thomas Borah,Bhimavaram,Meghalaya,2022-02-15
C000541,Maanav Kalita,Mangalore,Madhya Pradesh,2024-11-03
C000542,Tanvi Hari,Gopalpur,Gujarat,2024-07-09
C000543,Azad Bhasin,Bhavnagar,Bihar,2025-08-16
C000544,Omya Garg,Muzaffarnagar,Jharkhand,2022-12-31
C000545,Victor Chadha,Nagaon,Meghalaya,2023-07-04
C000546,Turvi Mallick,Haldia,Telangana,2023-10-06
C000547,Falak Saraf,Gudivada,Chhattisgarh,2026-07-18
C000548,Omisha Basu,Nandyal,Telangana,2025-12-14
C000549,Pavani Wali,Nangloi Jat,Uttar Pradesh,2022-07-01
C000550,Warhi Khosla,Proddatur,Tripura,2021-10-08
C000551,Tejas Deo,Sagar,Haryana,2022-06-08
C000552,Varsha Mody,Jaunpur,West Bengal,2026-07-08
C000553,Suhani Sheth,Machilipatnam,Goa,2024-10-24
C000554,Aarav Bobal,Thoothukudi,Mizoram,2021-12-10
C000555,Pooja Madan,Jodhpur,Punjab,2024-07-08
C000556,Yutika Patla,Bhubaneswar,Madhya Pradesh,2024-10-09
C000557,Banjeet Pau,Akola,Rajasthan,2026-06-02
C000558,Samarth Devi,Mathura,Nagaland,2022-08-18
C000559,Shaurya Kar,Nagercoil,Himachal Pradesh,2025-12-12
C000560,Aradhana Bhagat,Serampore,Kerala,2025-07-06
C000561,Yachana Vyas,Nandyal,Tamil Nadu,2026-03-10
C000562,Siya Pillai,Maheshtala,Manipur,2022-05-29
C000563,Mahika Gola,Solapur,Bihar,2023-01-24
C000564,Isaac Divan,Saharanpur,West Bengal,2023-05-27
C000565,Chaaya Saha,Bhalswa Jahangir Pur,Kerala,2025-03-28
C000566,Ansh Manne,Rajkot,Andhra Pradesh,2023-08-22
C000567,Nisha Oza,Shivpuri,Odisha,2026-03-05
C000568,Tanvi Modi,Farrukhabad,Goa,2023-11-16
C000569,Veda Prabhu,Nashik,Chhattisgarh,2024-09-01
C000570,Tamanna Ganesan,Jorhat,Jharkhand,2023-03-20
C000571,Mitesh Edwin,Bhiwandi,Arunachal Pradesh,2024-05-10
C000572,Ridhi Lad,Udaipur,Gujarat,2026-06-13
C000573,Edhitha Padmanabhan,Serampore,Manipur,2026-04-04
C000574,Charvi Dara,Machilipatnam,Meghalaya,2022-11-25
C000575,Ekaja Dugal,Bongaigaon,Mizoram,2024-06-25
C000576,Urvi Mann,Buxar,Telangana,2025-06-04
C000577,Isaiah Srinivas,Kolhapur,Sikkim,2026-05-08
C000578,Darika Bakshi,Tadipatri,Uttarakhand,2023-07-16
C000579,Ishanvi Chanda,Pimpri-Chinchwad,Punjab,2023-04-29
C000580,Arunima Hayre,Gwalior,Nagaland,2025-06-14
C000581,Yauvani Ramesh,Pallavaram,Karnataka,2026-01-06
C000582,Jalsa Rao,Purnia,Kerala,2024-12-12
C000583,Advik Mane,Etawah,Jharkhand,2025-06-15
C000584,Tanveer Sawhney,Mango,Jharkhand,2023-01-21
C000585,Oeshi Dewan,Asansol,Gujarat,2024-03-30
C000586,Gautami Bhatti,Hubli–Dharwad,Andhra Pradesh,2025-02-23
C000587,Oeshi Gill,Tezpur,Tripura,2022-10-30
C000588,Quincy Raj,Begusarai,Meghalaya,2022-01-09
C000589,Daksha Tak,Rajahmundry,Andhra Pradesh,2021-09-07
C000590,Adweta Mital,Amravati,Rajasthan,2024-02-10
C000591,Praneel Swamy,Bhopal,Bihar,2024-01-09
C000592,Ekalinga Pathak,Buxar,Maharashtra,2023-11-10
C000593,Jagdish Prakash,Rampur,Goa,2026-08-12
C000594,Madhav Nagarajan,Bhavnagar,Kerala,2023-01-20
C000595,Anjali Patel,Raurkela Industrial Township,Arunachal Pradesh,2024-02-17
C000596,Faraj Varkey,South Dumdum,Tripura,2022-06-20
C000597,Ekantika Mutti,Gopalpur,Sikkim,2024-09-30
C000598,Indira Dhawan,Durgapur,Mizoram,2024-01-22
C000599,Vedhika Sabharwal,Ujjain,Bihar,2023-07-08
C000600,Yahvi Kant,Karaikudi,Punjab,2026-02-19
C000601,Omisha Sharma,Bhiwandi,Uttarakhand,2022-10-12
C000602,Varsha Pall,Mirzapur,Chhattisgarh,2025-06-04
C000603,Orinder Modi,Kochi,Haryana,2022-10-04
C000604,Utkarsh Mohanty,Bhagalpur,Chhattisgarh,2022-05-02
C000605,Isaac Brahmbhatt,Karawal Nagar,Tripura,2025-05-01
C000606,Ronith Chokshi,Anand,Odisha,2022-03-03
C000607,Jagat Kulkarni,Amritsar,Jharkhand,2021-10-01
C000608,Jatin Jha,Udaipur,Sikkim,2024-08-27
C000609,Gautam Dhingra,Adoni,Kerala,2024-08-29
C000610,Xiti Khurana,Navi Mumbai,Uttarakhand,2026-08-01
C000611,Teerth Handa,Tirunelveli,Tripura,2026-03-26
C000612,Hardik Kala,Ambarnath,Tamil Nadu,2023-03-29
C000613,Hredhaan Golla,Nadiad,Maharashtra,2023-06-27
C000614,Nikita Chowdhury,Amravati,Manipur,2022-08-08
C000615,Warhi Patel,Proddatur,Telangana,2022-01-04
C000616,Falak Tak,Kharagpur,Jharkhand,2025-07-20
C000617,Sachi Kara,Ramagundam,West Bengal,2025-04-21
C000618,Ekaraj Soni,Mangalore,Andhra Pradesh,2025-11-05
C000619,Meghana Sarma,Jamshedpur,Chhattisgarh,2025-01-08
C000620,Harsh Ganguly,Bharatpur,Gujarat,2024-07-18
C000621,Netra Das,Khandwa,Telangana,2025-11-28
C000622,Anjali Ratta,Fatehpur,Sikkim,2025-02-07
C000623,Yasti Mallick,Malda,Bihar,2022-09-14
C000624,Vrishti Tank,Guntur,Andhra Pradesh,2022-07-06
C000625,Ekansh Tara,Mangalore,Madhya Pradesh,2024-06-11
C000626,Chavvi Char,Saharsa,Tripura,2025-11-07
C000627,Saksham Memon,Pallavaram,Mizoram,2023-11-21
C000628,Andrew Balay,Kochi,Madhya Pradesh,2025-06-29
C000629,Krisha Savant,Vadodara,Arunachal Pradesh,2023-03-03
C000630,Nitesh Swamy,Guntur,Jharkhand,2024-12-21
C000631,Imaran Swaminathan,Fatehpur,Nagaland,2022-12-29
C000632,Mahika Lall,Gudivada,Madhya Pradesh,2024-08-30
C000633,Ekani Bhat,Gudivada,Arunachal Pradesh,2022-10-03
C000634,Ikshita Bala,Nadiad,Bihar,2025-04-22
C000635,Ishanvi Sabharwal,Pimpri-Chinchwad,Sikkim,2023-09-28
C000636,Wahab Muni,Amritsar,West Bengal,2024-04-04
C000637,Geetika Gara,Siwan,Karnataka,2021-12-25
C000638,Pahal Varma,Shimoga,Andhra Pradesh,2025-08-29
C000639,Edhitha Purohit,North Dumdum,Odisha,2022-06-30
C000640,Harish Jha,Mehsana,Mizoram,2024-07-20
C000641,Chandani Patla,Panihati,Meghalaya,2022-04-22
C000642,Bhavna Lanka,Bihar Sharif,Odisha,2025-01-31
C000643,George Chandran,Darbhanga,Assam,2026-06-25
C000644,Prisha Kadakia,Solapur,Rajasthan,2024-03-25
C000645,Rachita Zacharia,Kollam,Maharashtra,2025-01-31
C000646,Yutika Setty,Surat,Rajasthan,2026-01-20
C000647,Xalak Kala,Agartala,Rajasthan,2026-03-13
C000648,Darpan Vig,Bharatpur,Manipur,2022-12-03
C000649,Matthew Mital,Bulandshahr,Karnataka,2022-03-19
C000650,Nitara Loke,Nanded,Himachal Pradesh,2023-09-03
C000651,William Comar,Nellore,Andhra Pradesh,2023-10-03
C000652,Ucchal Sunder,Bhusawal,Rajasthan,2021-12-23
C000653,Nathaniel Mahajan,Bhopal,Himachal Pradesh,2024-01-11
C000654,Brijesh Sunder,Pimpri-Chinchwad,West Bengal,2022-05-18
C000655,Chanchal Bhatt,Bharatpur,Sikkim,2022-06-07
C000656,Logan Keer,Aurangabad,Telangana,2025-12-02
C000657,Zayan Taneja,Patiala,Punjab,2022-09-14
C000658,Forum Ramakrishnan,Bhusawal,Gujarat,2022-11-22
C000659,Parth Kala,Gandhidham,Maharashtra,2023-10-30
C000660,Vritti Walla,Gorakhpur,Karnataka,2026-04-22
C000661,Vaishnavi Koshy,Ulhasnagar,Kerala,2025-09-15
C000662,Darika Bail,Meerut,Tamil Nadu,2023-09-14
C000663,Leena More,Bhilai,Nagaland,2023-09-04
C000664,Lipika Anand,Rohtak,Jharkhand,2022-06-07
C000665,Chameli Kade,Bahraich,Rajasthan,2024-05-12
C000666,Bahadurjit Mahal,Pallavaram,Meghalaya,2025-03-06
C000667,Pahal Chaudhry,Bhilwara,Mizoram,2022-03-25
C000668,Osha Narain,Bhopal,Tripura,2022-02-08
C000669,Sachi Deshpande,Rewa,Gujarat,2024-04-06
C000670,Fitan Choudhry,Kulti,Mizoram,2022-10-09
C000671,Ekaja Seth,Guntur,Himachal Pradesh,2023-02-20
C000672,Baghyawati Issac,Vijayanagaram,Kerala,2023-03-19
C000673,Krishna Kapur,Lucknow,Nagaland,2023-08-11
C000674,Turvi Issac,Gulbarga,Arunachal Pradesh,2025-01-27
C000675,Abha Dixit,Arrah,Goa,2026-06-28
C000676,Akshay Vora,Malda,Uttarakhand,2025-11-13
C000677,Udarsh Jani,Shimoga,Jharkhand,2025-11-13
C000678,Kalpit Sankar,Ghaziabad,Gujarat,2024-01-27
C000679,Omya Gole,Ulhasnagar,Andhra Pradesh,2024-02-18
C000680,Warinder Seshadri,Uluberia,Odisha,2025-07-24
C000681,Advaith Singh,North Dumdum,Tamil Nadu,2025-01-17
C000682,Leela Sampath,Srinagar,Bihar,2026-05-27
C000683,Charles Natarajan,Chittoor,Kerala,2022-01-19
C000684,Zehaan Thaman,Barasat,Madhya Pradesh,2024-10-26
C000685,Benjamin Gola,Gulbarga,Mizoram,2025-11-09
C000686,Upadhriti Deo,Ratlam,Tamil Nadu,2026-03-05
C000687,Lucky Lad,Satara,Arunachal Pradesh,2022-10-02
C000688,Avni Patel,Ichalkaranji,Himachal Pradesh,2023-11-28
C000689,Rajata Gala,Pallavaram,Tripura,2022-12-13
C000690,Chatresh Gulati,Meerut,Haryana,2023-03-23
C000691,Upma Lad,Bhind,Maharashtra,2022-08-26
C000692,Banjeet Sathe,Kishanganj,Meghalaya,2025-07-23
C000693,Isaiah Divan,Karnal,Assam,2023-05-25
C000694,Pranit Ganguly,Phusro,Sikkim,2026-08-24
C000695,Aayush Vora,Erode,Assam,2023-10-04
C000696,Girindra Narasimhan,Anantapuram,Sikkim,2022-09-14
C000697,Kashvi Cherian,Jamnagar,Andhra Pradesh,2022-05-09
C000698,Varsha Setty,Hindupur,Sikkim,2021-09-18
C000699,Caleb Sethi,Jehanabad,Chhattisgarh,2023-06-18
C000700,Barkha Naidu,Madurai,Nagaland,2024-11-27
C000701,Mohini Kumer,Mathura,Tripura,2025-01-21
C000702,Ansh Joshi,Munger,Tripura,2025-02-01
C000703,Mitesh Dara,Pallavaram,Uttar Pradesh,2025-05-05
C000704,Karan Parmer,Arrah,Mizoram,2023-05-13
C000705,Sanaya Rama,Agartala,Odisha,2025-04-06
C000706,Pahal Pillay,Raebareli,Rajasthan,2025-04-15
C000707,Banjeet Varghese,Madhyamgram,Sikkim,2023-07-28
C000708,Warhi Vyas,Ramagundam,Manipur,2025-05-20
C000709,Vanya Mital,Warangal,Sikkim,2024-03-21
C000710,Prisha Merchant,Suryapet,Assam,2022-01-18
C000711,Yashvi Sandal,Bareilly,Manipur,2026-07-02
C000712,Isha Kumar,Ambala,Andhra Pradesh,2022-08-19
C000713,Praneel Gopal,Ranchi,Assam,2025-03-16
C000714,Dipta Sha,Bilaspur,Karnataka,2023-04-04
C000715,Qasim Brar,Aligarh,Maharashtra,2026-03-18
C000716,Abdul Rana,Ahmedabad,Goa,2025-09-21
C000717,Nidhi Sur,Tadipatri,Uttarakhand,2024-09-24
C000718,Chasmum Chahal,Bhavnagar,Andhra Pradesh,2023-04-15
C000719,Amol Guha,Bhagalpur,Meghalaya,2022-11-24
C000720,Rajata Yohannan,Chandigarh,Jharkhand,2025-08-09
C000721,Urvi Sami,Bhiwandi,Goa,2022-12-17
C000722,Vedhika Sinha,Hospet,Odisha,2023-09-23
C000723,Chaitaly Ramanathan,Thoothukudi,Andhra Pradesh,2022-07-15
C000724,Ojasvi Tandon,Vadodara,Meghalaya,2025-01-23
C000725,Yochana Sura,Ghaziabad,Mizoram,2021-10-29
C000726,Diya Bhatt,Erode,Meghalaya,2022-08-29
C000727,Idika Sen,Jaipur,Goa,2024-02-11
C000728,Upasna Padmanabhan,Ahmednagar,Mizoram,2023-07-14
C000729,Upadhriti Deep,Pali,Maharashtra,2024-09-23
C000730,Neel Johal,Chandigarh,Sikkim,2025-10-09
C000731,Oscar Iyengar,Medininagar,Meghalaya,2022-07-10
C000732,Wakeeta Mitter,Bhagalpur,Nagaland,2022-01-24
C000733,Jagrati Lal,Kozhikode,Goa,2025-12-12
C000734,Devansh Nazareth,Raipur,Punjab,2023-08-05
C000735,Udarsh Sur,Mau,Uttar Pradesh,2024-09-07
C000736,Amara Dora,Dhanbad,Manipur,2025-07-21
C000737,Hitesh Chaudry,Guna,Bihar,2023-01-31
C000738,Samesh Pathak,Jalna,Tamil Nadu,2025-06-02
C000739,Hardik Dube,Thanjavur,Uttarakhand,2022-11-02
C000740,Saksham Sarna,Chennai,Haryana,2025-09-10
C000741,Bhavini Tiwari,Guwahati,Himachal Pradesh,2024-10-31
C000742,Jalsa Korpal,Bettiah,Maharashtra,2023-08-09
C000743,Pushti Sachdev,Berhampore,West Bengal,2026-01-20
C000744,Ayushman Savant,Hyderabad,Tamil Nadu,2026-01-24
C000745,Frado Nigam,Rewa,Tripura,2023-01-23
C000746,Darsh Ramaswamy,Saharanpur,Odisha,2022-02-26
C000747,Oni Ratti,Satara,Kerala,2021-09-24
C000748,Manan Raval,Tiruppur,Nagaland,2025-06-04
C000749,Nidhi Hora,Guwahati,Arunachal Pradesh,2026-03-27
C000750,Madhavi Date,Kakinada,Assam,2026-01-06
C000751,Harini Dutta,Bhopal,Uttar Pradesh,2026-04-04
C000752,Wyatt Modi,Dibrugarh,Bihar,2022-03-05
C000753,Aashi Tripathi,Amravati,Arunachal Pradesh,2022-09-22
C000754,Chanchal Ahluwalia,Sonipat,Haryana,2026-08-11
C000755,Inaya Mistry,Chapra,Sikkim,2022-11-08
C000756,Zinal Kota,Khammam,Mizoram,2026-08-14
C000757,Jalsa Sha,Siliguri,Tamil Nadu,2025-04-14
C000758,Finn Chanda,Khandwa,Chhattisgarh,2025-09-18
C000759,Sanaya Brahmbhatt,Hajipur,Madhya Pradesh,2026-06-02
C000760,Aishani Tara,Gandhidham,Tamil Nadu,2025-10-29
C000761,Nicholas Dhawan,Shivpuri,Tamil Nadu,2025-07-23
C000762,Yochana Wadhwa,Rajpur Sonarpur,Manipur,2025-09-09
C000763,Naksh Pingle,Madanapalle,West Bengal,2025-02-20
C000764,Jai Pingle,Thane,Mizoram,2022-12-20
C000765,Kamya Mody,Avadi,Jharkhand,2025-10-18
C000766,Luke Dhar,Nashik,Jharkhand,2024-01-28
C000767,Qadim Suresh,Bhilai,Nagaland,2024-08-18
C000768,Chaitanya Sahni,Chapra,Jharkhand,2026-06-23
C000769,Geetika Purohit,Medininagar,Chhattisgarh,2022-11-04
C000770,Shivani Sen,Anantapur,Assam,2025-02-23
C000771,Viraj Rana,Panvel,Arunachal Pradesh,2025-06-07
C000772,Gaurang Gandhi,Aurangabad,Rajasthan,2024-04-16
C000773,Frederick Hans,Jehanabad,Mizoram,2023-04-11
C000774,Yadavi Bahl,Katihar,Goa,2021-10-28
C000775,Samesh Korpal,Guwahati,Uttar Pradesh,2026-03-15
C000776,Neelima Bath,Lucknow,Karnataka,2025-05-19
C000777,Oeshi Bajwa,Eluru,Himachal Pradesh,2022-06-09
C000778,Hardik Ganguly,Asansol,Goa,2023-11-02
C000779,Mitesh Mohanty,Gulbarga,Arunachal Pradesh,2024-06-06
C000780,Avi Bhardwaj,Pali,Bihar,2024-05-21
C000781,Nitara Naik,Gandhinagar,Uttarakhand,2022-09-10
C000782,Samaksh Khatri,Kumbakonam,Mizoram,2025-12-15
C000783,Ishwar Luthra,Ratlam,Manipur,2026-05-15
C000784,Dominic Sule,Vellore,Rajasthan,2023-08-27
C000785,Amruta Chaudhuri,Miryalaguda,Rajasthan,2022-09-25
C000786,Niharika Sehgal,Orai,Gujarat,2022-11-16
C000787,Om Korpal,Miryalaguda,Manipur,2022-01-07
C000788,Ucchal Mann,Mumbai,Arunachal Pradesh,2025-10-07
C000789,Zashil Rai,Rajpur Sonarpur,Odisha,2026-01-02
C000790,Chakradev Edwin,Dewas,Assam,2025-01-10
C000791,Logan Mammen,Bhagalpur,Punjab,2025-12-16
C000792,Hema Lal,Darbhanga,Haryana,2024-05-26
C000793,Shivansh Sharaf,Pune,Tamil Nadu,2022-10-20
C000794,Vamakshi Agrawal,Malegaon,Maharashtra,2026-05-23
C000795,Maya Yohannan,Solapur,Nagaland,2021-12-05
C000796,Jatin Pandit,Ghaziabad,Kerala,2024-12-14
C000797,Abhiram Dash,Uluberia,Gujarat,2025-06-12
C000798,Timothy Bahri,Secunderabad,Gujarat,2022-06-06
C000799,Timothy Kaur,Mirzapur,Arunachal Pradesh,2024-01-20
C000800,Shaurya Amble,Tenali,Bihar,2024-01-09
C000801,Onkar Hari,Amritsar,Odisha,2022-10-03
C000802,Joshua Lad,Nagaon,Telangana,2023-12-31
C000803,Arin Walia,Karaikudi,Manipur,2021-09-06
C000804,Charles Naidu,Vellore,Himachal Pradesh,2022-09-13
C000805,Warhi Pathak,Rajahmundry,Arunachal Pradesh,2024-01-11
C000806,Saumya Mutti,Katni,Gujarat,2024-07-05
C000807,Aryan Kara,Aurangabad,Haryana,2023-05-04
C000808,Forum Mukhopadhyay,Jalandhar,Andhra Pradesh,2025-09-30
C000809,Arjun Natt,Shahjahanpur,Bihar,2025-09-10
C000810,Harini Bhagat,Saharsa,Uttar Pradesh,2023-09-05
C000811,Reva Chandran,Adoni,Bihar,2022-05-23
C000812,Bahadurjit Purohit,Amritsar,Uttar Pradesh,2022-10-01
C000813,Riya Bhakta,Phagwara,Rajasthan,2025-05-03
C000814,Harsh Bhalla,Durg,West Bengal,2024-11-28
C000815,Gopal Roy,Khora ,Uttar Pradesh,2021-10-02
C000816,Leena Shetty,Udupi,Punjab,2022-07-11
C000817,Atharv Setty,Dharmavaram,Gujarat,2022-08-01
C000818,Advik Bir,Chapra,Chhattisgarh,2025-12-29
C000819,Isha Sama,Udupi,Manipur,2023-03-31
C000820,Laksh Basu,Warangal,Jharkhand,2026-08-21
C000821,Yochana Parmar,Ballia,Nagaland,2022-11-26
C000822,Upasna More,Jalna,Kerala,2021-09-25
C000823,Dakshesh Khanna,Bhusawal,Kerala,2023-04-30
C000824,Saksham Biswas,Maheshtala,Sikkim,2025-09-17
C000825,Garima Nayak,Gurgaon,Karnataka,2023-01-17
C000826,Suhani Basak,Muzaffarnagar,Andhra Pradesh,2023-07-24
C000827,Unnati Kala,Ongole,Telangana,2024-06-25
C000828,Samesh Ratta,Chennai,Kerala,2021-09-30
C000829,Ishita Balan,Ajmer,Jharkhand,2025-05-30
C000830,Jagvi Bassi,Davanagere,Gujarat,2024-01-30
C000831,Theodore Lala,Sonipat,West Bengal,2026-05-19
C000832,Pranav Hayre,Belgaum,Uttarakhand,2023-11-22
C000833,Ansh Devan,Bhubaneswar,Karnataka,2023-06-15
C000834,Tanmayi Khatri,Serampore,Sikkim,2023-02-14
C000835,Dhruv Dani,Bikaner,Uttar Pradesh,2023-04-12
C000836,Kritika Prasad,Khora ,Maharashtra,2023-09-29
C000837,Ranbir Wason,Jalgaon,Karnataka,2023-10-07
C000838,Ati Date,Bhagalpur,Telangana,2022-05-10
C000839,Dhruv Ganesh,Danapur,Kerala,2025-11-27
C000840,Praneel Nagy,Hajipur,Tamil Nadu,2025-10-10
C000841,Urvi Loyal,Ballia,Rajasthan,2021-12-22
C000842,Theodore Jain,Noida,Madhya Pradesh,2023-07-11
C000843,Pavani Purohit,Dindigul,Himachal Pradesh,2026-05-07
C000844,Krish Chad,Raiganj,Mizoram,2024-08-27
C000845,Benjamin Shroff,Purnia,Manipur,2025-08-22
C000846,Nilima Pillai,Ratlam,Himachal Pradesh,2024-11-30
C000847,Praneel Sathe,Bilaspur,Rajasthan,2022-04-23
C000848,Fitan Menon,Bally,Haryana,2022-07-02
C000849,Ekbal Parsa,Bongaigaon,Gujarat,2024-07-02
C000850,Forum Krishna,Panipat,Gujarat,2022-11-02
C000851,Abhiram Mistry,Sri Ganganagar,Uttar Pradesh,2025-02-05
C000852,Advik Sodhi,Sikar,Haryana,2023-08-06
C000853,Urvi Kaur,Surendranagar Dudhrej,Karnataka,2022-05-24
C000854,Raghav Sanghvi,Bhagalpur,Manipur,2025-06-29
C000855,Kavya Dewan,Farrukhabad,Telangana,2021-09-30
C000856,Isha Nori,Gurgaon,Maharashtra,2025-02-04
C000857,Eshana Bajaj,Kolhapur,Chhattisgarh,2024-06-22
C000858,Lakshmi Jayaraman,Rajkot,Nagaland,2024-12-13
C000859,Vaishnavi Chopra,Jehanabad,Manipur,2024-04-03
C000860,Onveer Chawla,Patna,Uttarakhand,2025-10-27
C000861,Rachit Issac,Kharagpur,Jharkhand,2023-06-01
C000862,Bishakha Viswanathan,Malda,Arunachal Pradesh,2024-10-19
C000863,Onveer Narain,Katni,Goa,2022-08-10
C000864,Omya Sridhar,Pali,West Bengal,2023-06-03
C000865,Samesh Mukherjee,Fatehpur,Goa,2026-07-22
C000866,Samaksh Thakkar,Bally,Gujarat,2021-09-23
C000867,Sanaya Bhatt,Mahbubnagar,Uttar Pradesh,2023-10-06
C000868,Vritti Sharma,Ramgarh,Arunachal Pradesh,2022-06-10
C000869,Tanmayi Palan,Katni,Punjab,2023-02-26
C000870,Zaid Gola,Berhampore,Madhya Pradesh,2023-03-23
C000871,Maya Bassi,Sangli-Miraj & Kupwad,Himachal Pradesh,2026-03-28
C000872,Ekalinga Kalla,Bulandshahr,Tripura,2026-05-14
C000873,Jyoti Bose,Dibrugarh,Tripura,2024-06-08
C000874,Shravya Gala,Dhule,Mizoram,2022-01-16
C000875,Avi Bora,Eluru,Karnataka,2025-01-22
C000876,Mekhala Barad,Chandrapur,Bihar,2022-10-29
C000877,Ucchal Sundaram,Jabalpur,Assam,2026-04-30
C000878,Raksha Dey,Alwar,Uttarakhand,2023-01-14
C000879,Andrew Chaudhry,Durg,Bihar,2026-03-19
C000880,Om Brahmbhatt,Darbhanga,Chhattisgarh,2025-05-31
C000881,Pranav Kalita,Katihar,Gujarat,2025-06-04
C000882,Harshil Ramakrishnan,Raiganj,Arunachal Pradesh,2021-09-14
C000883,Krishna Jaggi,Dindigul,Haryana,2023-05-14
C000884,Amol Sama,Kanpur,Karnataka,2023-04-19
C000885,Thomas Char,Rourkela,Arunachal Pradesh,2025-03-14
C000886,Eta Naidu,Dhule,Nagaland,2025-01-09
C000887,Jai Kata,Aligarh,Kerala,2024-05-31
C000888,Alexander Ratti,Ahmedabad,Madhya Pradesh,2023-06-23
C000889,Thomas Bhatti,Arrah,Arunachal Pradesh,2022-03-28
C000890,Nirja Mitra,Kota,Tamil Nadu,2026-03-23
C000891,Zayan Chandran,Munger,Sikkim,2022-10-18
C000892,Parth Nadkarni,Jabalpur,Karnataka,2021-10-24
C000893,Lavanya Vaidya,Ambala,Odisha,2021-10-11
C000894,Ansh Dash,Patiala,Telangana,2025-04-23
C000895,Fariq Bhasin,Dindigul,Meghalaya,2024-03-09
C000896,Max Prashad,Agra,Haryana,2025-06-09
C000897,Krish Mall,Thane,Mizoram,2025-03-12
C000898,Arjun Karnik,Tiruvottiyur,Haryana,2023-06-01
C000899,Yuvraj Kapadia,Saharsa,Karnataka,2023-03-24
C000900,Abeer Bhattacharyya,Coimbatore,Gujarat,2022-02-08
C000901,Samarth Dass,Malegaon,Odisha,2026-05-02
C000902,Warinder Tripathi,Purnia,Telangana,2025-08-21
C000903,Nitesh Hora,Khandwa,Goa,2023-10-13
C000904,Bhavika Sen,Darbhanga,West Bengal,2025-10-03
C000905,Jagvi Rao,Rourkela,Meghalaya,2025-06-02
C000906,Yashasvi Sant,Ongole,Andhra Pradesh,2024-11-28
C000907,Fiyaz Mital,Begusarai,Telangana,2023-02-27
C000908,Lajita Sheth,Malda,Jharkhand,2024-11-08
C000909,Ekbal Nath,Nandyal,Gujarat,2022-12-24
C000910,Aayush Arya,Pallavaram,Madhya Pradesh,2025-03-14
C000911,Kashvi Rajagopalan,Aizawl,Rajasthan,2022-04-09
C000912,Balvan Dash,Buxar,Goa,2023-04-26
C000913,Aadhya Pall,Arrah,Tamil Nadu,2022-02-26
C000914,Panini Koshy,Morena,Arunachal Pradesh,2024-09-26
C000915,Manbir Lal,Siliguri,Himachal Pradesh,2023-10-08
C000916,Advik Dada,Yamunanagar,Madhya Pradesh,2026-08-26
C000917,Zarna Gulati,Dehradun,Uttarakhand,2025-04-18
C000918,Chasmum Tella,Dharmavaram,Jharkhand,2025-03-01
C000919,Ikbal Padmanabhan,Agartala,Telangana,2023-06-12
C000920,Darika Ahuja,Pallavaram,Andhra Pradesh,2022-06-27
C000921,Omisha Vohra,Tumkur,Telangana,2025-04-30
C000922,Patrick Prasad,Guntur,Gujarat,2025-10-20
C000923,Yadavi Choudhary,Tezpur,Uttarakhand,2023-06-22
C000924,Sai Bhargava,Nellore,Himachal Pradesh,2025-02-21
C000925,Ikbal Ganesan,Durg,Assam,2024-11-16
C000926,Aradhana Bhatt,Ludhiana,Odisha,2023-08-30
C000927,Vedhika Chaudhuri,Ghaziabad,Himachal Pradesh,2021-09-22
C000928,Gunbir Kakar,Gandhinagar,Punjab,2026-02-01
C000929,Vedika Solanki,Mahbubnagar,Maharashtra,2024-07-11
C000930,Hemal Murty,Karimnagar,Sikkim,2025-01-20
C000931,Dakshesh Parekh,Salem,Andhra Pradesh,2025-07-20
C000932,Liam Bal,Bettiah,Himachal Pradesh,2023-10-12
C000933,Siya Soman,Maheshtala,Andhra Pradesh,2024-05-27
C000934,Jagvi Bath,Raiganj,Haryana,2025-10-14
C000935,Finn Pall,Fatehpur,Sikkim,2022-07-09
C000936,Chaaya Hayer,Saharsa,Odisha,2025-12-15
C000937,Joshua Tank,Barasat,Uttarakhand,2026-05-01
C000938,Om Sehgal,Ongole,Sikkim,2026-04-06
C000939,Yagnesh Kakar,Hubli–Dharwad,Bihar,2025-05-13
C000940,Naveen Narain,Parbhani,Haryana,2023-11-09
C000941,Jatin Deshpande,Mysore,Uttar Pradesh,2024-06-29
C000942,Dhruv Oza,Eluru,Rajasthan,2026-06-11
C000943,Viraj Kapoor,Bhiwandi,Jharkhand,2022-05-30
C000944,Gaurav Oak,Bhiwandi,Odisha,2024-10-16
C000945,Dhriti Rai,Bijapur,Arunachal Pradesh,2026-03-22
C000946,Lipika Sampath,Bharatpur,Uttar Pradesh,2022-09-27
C000947,Hredhaan Rana,Siwan,West Bengal,2025-08-01
C000948,Maanav Minhas,Panchkula,Sikkim,2025-07-17
C000949,Bhanumati Dhingra,Khora ,Karnataka,2024-04-16
C000950,Anusha Sridhar,Shimla,Jharkhand,2024-11-13
C000951,Gauri Dua,Kamarhati,Tamil Nadu,2022-02-10
C000952,Vinaya Ramanathan,Kozhikode,Andhra Pradesh,2026-04-29
C000953,Geetika Sami,Karnal,Tripura,2024-12-28
C000954,Ekbal Wable,Ichalkaranji,Tamil Nadu,2023-04-29
C000955,Gunbir Deep,Amaravati,West Bengal,2022-02-15
C000956,Tanvi Gade,Mango,Tamil Nadu,2025-10-07
C000957,Maanav Kadakia,Thiruvananthapuram,Telangana,2021-09-28
C000958,Harsh Divan,Purnia,Sikkim,2023-02-04
C000959,Gopal Parekh,Mangalore,Arunachal Pradesh,2022-08-30
C000960,Radha Dixit,Sambalpur,Arunachal Pradesh,2022-09-04
C000961,Mekhala Suresh,Kavali,Goa,2024-11-09
C000962,Ubika Raja,Raiganj,Kerala,2021-10-06
C000963,Jackson Butala,Unnao,Rajasthan,2025-12-31
C000964,Arin Srinivasan,Bareilly,Uttar Pradesh,2023-03-16
C000965,Veda Saraf,Aurangabad,Chhattisgarh,2022-07-05
C000966,Devansh Yogi,Machilipatnam,Uttarakhand,2021-10-31
C000967,Vrinda Bhatt,Dhule,Sikkim,2022-08-30
C000968,Pranit Ahluwalia,Satara,Bihar,2021-12-30
C000969,Samuel Edwin,Kishanganj,Himachal Pradesh,2021-12-17
C000970,Jeet Toor,Bharatpur,Nagaland,2023-02-15
C000971,Aadi Kothari,Ranchi,Mizoram,2024-02-28
C000972,Logan Swaminathan,Nagaon,Kerala,2026-03-30
C000973,Hardik Basu,Vadodara,Gujarat,2022-11-14
C000974,Tanveer Desai,Gudivada,Kerala,2024-01-09
C000975,Pahal Borde,Bhilwara,Madhya Pradesh,2023-01-20
C000976,Tanmayi Chacko,Khandwa,Tamil Nadu,2022-11-19
C000977,Ekavir Luthra,Serampore,Odisha,2026-01-05
C000978,Oni Dube,Raebareli,Madhya Pradesh,2021-11-19
C000979,Faras Madan,Katihar,Bihar,2026-04-30
C000980,Dominic Narayan,Mirzapur,Karnataka,2023-12-27
C000981,Upkaar Mahal,Navi Mumbai,Madhya Pradesh,2023-07-22
C000982,Henry Dasgupta,Hajipur,Telangana,2024-04-09
C000983,Girish Wadhwa,Aurangabad,West Bengal,2024-01-24
C000984,Hardik Bava,Ratlam,Tripura,2024-12-23
C000985,Hemani Wali,Morena,Odisha,2022-10-01
C000986,Aditya Varghese,Cuttack,Chhattisgarh,2024-11-19
C000987,Chatresh Prabhakar,Narasaraopet,Maharashtra,2025-07-23
C000988,Reva Pandya,Ambala,Jharkhand,2024-01-04
C000989,Veer Mody,Farrukhabad,Maharashtra,2024-04-28
C000990,Fariq Bose,Tiruchirappalli,Goa,2026-07-23
C000991,Frado Mangal,Hyderabad,Maharashtra,2025-12-28
C000992,Varsha Tank,Machilipatnam,Andhra Pradesh,2023-04-13
C000993,Pavani Warrior,Sambalpur,Telangana,2026-02-26
C000994,Saumya Ganguly,Akola,Assam,2024-10-14
C000995,Yoshita Pandit,Bhusawal,Meghalaya,2024-11-20
C000996,Kashvi Chowdhury,Kulti,Uttarakhand,2026-04-01
C000997,Bina Mistry,Durg,Himachal Pradesh,2023-06-23
C000998,Meera Kalla,Kottayam,Uttarakhand,2021-12-19
C000999,Vinaya Bhandari,Chennai,Punjab,2025-07-31
C001000,Chanchal Pandya,Kolkata,Kerala,2023-04-01
C001001,Isha Andra,Chinsurah,Meghalaya,2023-05-06
C001002,Yoshita Dube,Amravati,Meghalaya,2021-09-21
C001003,Zashil Kara,Tenali,Kerala,2024-03-17
C001004,Priya Gopal,Moradabad,Manipur,2025-05-27
C001005,Logan Pandya,Kolkata,Kerala,2023-05-09
C001006,Ranveer Mane,Guntur,Madhya Pradesh,2025-03-31
C001007,Azad Dyal,Nangloi Jat,Sikkim,2023-12-04
C001008,Oviya Suresh,Warangal,Karnataka,2025-01-24
C001009,Karan Choudhary,Jaipur,Chhattisgarh,2022-12-27
C001010,Xiti Arya,Faridabad,Sikkim,2024-07-28
C001011,Abhiram Saraf,Ramagundam,Jharkhand,2025-10-18
C001012,Pushti Kota,Sasaram,Goa,2023-10-15
C001013,Ishwar Lall,Haldia,Gujarat,2025-09-11
C001014,Yadavi Golla,Gudivada,Rajasthan,2022-12-06
C001015,Jai Deo,Agra,Himachal Pradesh,2023-04-20
C001016,Pooja Badami,Mysore,West Bengal,2022-02-05
C001017,Nikita Vohra,Ahmednagar,Haryana,2024-07-10
C001018,Varenya Bhat,Faridabad,Jharkhand,2022-08-07
C001019,Januja Mand,Gurgaon,Haryana,2024-05-20
C001020,Qabil Baria,Faridabad,Sikkim,2024-05-26
C001021,Bhavika Sodhi,Medininagar,Bihar,2025-04-30
C001022,Zayyan Swamy,Thanjavur,Jharkhand,2022-08-12
C001023,Agastya De,Karimnagar,Telangana,2024-09-26
C001024,Wazir Majumdar,Bhimavaram,Madhya Pradesh,2022-05-29
C001025,Kalpit Dara,Dharmavaram,Rajasthan,2023-04-14
C001026,Sanaya Chaudhary,Bongaigaon,Punjab,2024-07-31
C001027,Urvi Jaggi,Varanasi,Chhattisgarh,2023-04-18
C001028,Zayyan Palan,Sultan Pur Majra,Rajasthan,2022-08-30
C001029,Ekansh Subramanian,Loni,Mizoram,2021-11-06
C001030,Anusha Dayal,Ranchi,Odisha,2022-03-07
C001031,Mitali Talwar,Dehradun,Manipur,2025-12-30
C001032,Madhavi Rattan,Tiruppur,Goa,2021-09-11
C001033,Tejas Andra,Ambala,Tamil Nadu,2026-02-17
C001034,Chavvi Kannan,Agartala,Nagaland,2022-09-05
C001035,Udarsh Bath,Jalna,Arunachal Pradesh,2022-12-04
C001036,Kiaan Madan,Kulti,Uttarakhand,2023-06-14
C001037,Aarav Palan,Anantapur,Assam,2026-05-03
C001038,Kiaan Rege,Anantapur,Arunachal Pradesh,2021-10-02
C001039,Theodore Mammen,Bardhaman,Andhra Pradesh,2026-03-27
C001040,Lavanya Kurian,Mango,Haryana,2024-06-03
C001041,Samar Rana,Amroha,Haryana,2025-05-10
C001042,Manbir Srinivas,Shimla,Goa,2025-07-28
C001043,Patrick Gulati,Bokaro,Rajasthan,2024-01-24
C001044,Dayita Gaba,Singrauli,Sikkim,2023-04-06
C001045,Luke Bora,Sambalpur,Manipur,2025-02-01
C001046,Laksh Arora,Burhanpur,Madhya Pradesh,2021-11-03
C001047,Agastya Bassi,Kulti,Tripura,2022-05-17
C001048,Luke Arya,Aligarh,Nagaland,2024-07-17
C001049,Samaksh Dewan,Phusro,Manipur,2023-01-19
C001050,Garima Srinivas,Latur,Arunachal Pradesh,2026-04-15
C001051,Jatin Bail,Kota,Nagaland,2024-03-09
C001052,Yasti Sagar,Mumbai,Haryana,2021-11-13
C001053,Prisha Rajan,Nagercoil,Rajasthan,2024-02-08
C001054,Leena Chowdhury,Gulbarga,Bihar,2023-07-29
C001055,Baghyawati Parikh,Tadepalligudem,Karnataka,2022-09-02
C001056,Frado Bassi,Mangalore,Maharashtra,2026-03-06
C001057,Pratyush Sandal,Barasat,Punjab,2024-02-08
C001058,Hemang Madan,Arrah,Himachal Pradesh,2022-04-25
C001059,Manthan Din,Siliguri,Madhya Pradesh,2025-06-18
C001060,Ekalinga Chowdhury,Alwar,Chhattisgarh,2022-06-08
C001061,Joshua Gopal,Nagercoil,Karnataka,2025-11-13
C001062,Vasana Sachdev,Durgapur,Uttar Pradesh,2023-10-04
C001063,Omya Tank,Katihar,Nagaland,2023-08-15
C001064,Fiyaz Sama,Chandigarh,Haryana,2024-09-27
C001065,Samar Badal,Proddatur,Meghalaya,2022-10-20
C001066,Darpan Palla,Kolhapur,Jharkhand,2025-07-31
C001067,Oviya Kibe,Rajahmundry,Arunachal Pradesh,2022-11-02
C001068,Luke Purohit,Khandwa,Kerala,2022-02-15
C001069,Ethan Sood,Ludhiana,Chhattisgarh,2024-10-08
C001070,Farhan Konda,Ahmedabad,Odisha,2025-03-17
C001071,Qabil Singhal,Dehri,Tamil Nadu,2024-03-18
C001072,Nisha Nazareth,Ahmedabad,Jharkhand,2022-08-11
C001073,Darpan Balay,Ambala,Goa,2021-10-03
C001074,Pallavi Sha,Aurangabad,Mizoram,2024-04-07
C001075,Pallavi Dugar,Tiruchirappalli,Mizoram,2024-11-16
C001076,Siddharth Rattan,Muzaffarnagar,Madhya Pradesh,2023-03-24
C001077,Upadhriti Sood,Machilipatnam,Uttarakhand,2024-11-25
C001078,Chatura Prabhu,Jammu,Himachal Pradesh,2022-08-02
C001079,Faras Patil,Bhopal,Haryana,2024-01-24
C001080,Hredhaan Bhattacharyya,Kavali,Andhra Pradesh,2024-04-17
C001081,Saksham Bali,Agartala,Assam,2026-07-07
C001082,Veda Bath,Satna,Assam,2024-04-15
C001083,Ishanvi Mandal,Orai,Gujarat,2024-05-04
C001084,Ishani Dayal,Bathinda,Maharashtra,2025-12-12
C001085,Yadavi Doctor,Dharmavaram,Uttar Pradesh,2024-11-30
C001086,Baljiwan Mannan,Saharanpur,Sikkim,2025-08-08
C001087,Girik Kata,Ajmer,Tripura,2023-01-13
C001088,Sara Deep,Ramagundam,Kerala,2025-04-30
C001089,Lila Khare,Phagwara,Punjab,2022-04-21
C001090,Widisha Chatterjee,Asansol,Tripura,2024-04-18
C001091,Wishi Chandra,Satara,Goa,2024-03-06
C001092,Ekansh Mammen,Nagercoil,Assam,2022-04-09
C001093,Triveni Kuruvilla,Bardhaman,Tripura,2025-06-04
C001094,Jatin Sura,Bharatpur,West Bengal,2024-02-07
C001095,Nilima Dayal,Ambarnath,Mizoram,2024-05-01
C001096,Fiyaz Sachdev,Firozabad,Sikkim,2022-01-10
C001097,Yash Anand,Vasai-Virar,Jharkhand,2024-11-10
C001098,Mohini Bora,Munger,West Bengal,2025-08-06
C001099,Ikshita Shukla,Deoghar,Uttarakhand,2025-08-14
C001100,Frederick Gole,Sikar,Tripura,2025-05-07
C001101,Neelima Narasimhan,Ratlam,Karnataka,2025-10-19
C001102,Vamakshi Contractor,Malda,Arunachal Pradesh,2026-04-20
C001103,Upma Dhingra,Imphal,Odisha,2021-12-06
C001104,David Pathak,Bhalswa Jahangir Pur,Gujarat,2022-02-15
C001105,Arin Sampath,Nizamabad,Rajasthan,2023-03-01
C001106,Lucky Biswas,Machilipatnam,Assam,2024-03-14
C001107,Oni Vohra,Rampur,Goa,2022-02-13
C001108,Priya Oommen,Dehradun,Gujarat,2024-08-20
C001109,Vasatika Soman,Junagadh,Kerala,2026-07-07
C001110,Advaith Issac,Adoni,Punjab,2022-11-23
C001111,Edhitha Atwal,Berhampore,Chhattisgarh,2025-11-29
C001112,Ishaan Ray,Saharsa,Telangana,2021-09-11
C001113,Jeremiah Sengupta,Vadodara,Gujarat,2023-04-06
C001114,Ojas Purohit,Karnal,Gujarat,2023-04-16
C001115,Kamala Patla,Barasat,Jharkhand,2025-12-07
C001116,Xalak Shah,Bulandshahr,Kerala,2024-08-29
C001117,Gautami Comar,Berhampore,Maharashtra,2024-11-02
C001118,Nicholas Sarin,Anantapuram,West Bengal,2025-05-21
C001119,Hardik Chahal,Hubli–Dharwad,Rajasthan,2021-10-21
C001120,Hemang Taneja,Raiganj,Mizoram,2026-08-10
C001121,Bimala Salvi,Rajahmundry,Tripura,2025-07-13
C001122,Ishwar Hayre,Amravati,Kerala,2025-08-11
C001123,Meghana Amble,Rajahmundry,Mizoram,2024-01-29
C001124,Aishani Mohanty,New Delhi,Andhra Pradesh,2025-03-10
C001125,Alexander Bal,Dindigul,Uttarakhand,2026-01-29
C001126,Gautami Garde,New Delhi,Nagaland,2024-12-28
C001127,Maya Behl,Warangal,Rajasthan,2024-12-25
C001128,Neha Nadkarni,Junagadh,Haryana,2022-07-06
C001129,Yamini Dani,Bhilwara,Uttarakhand,2026-05-14
C001130,Ekantika Jani,Tiruchirappalli,Andhra Pradesh,2025-05-21
C001131,Michael Bala,Aurangabad,Madhya Pradesh,2021-11-17
C001132,Sudiksha Parmar,Mathura,Rajasthan,2023-07-20
C001133,Rishi Wason,Burhanpur,Tripura,2023-11-18
C001134,Anvi Butala,Lucknow,Rajasthan,2026-08-04
C001135,Indrajit Sharaf,Aligarh,Chhattisgarh,2024-01-25
C001136,Pranit Chander,Shimla,West Bengal,2024-09-26
C001137,Mahika Chaudhuri,Lucknow,Maharashtra,2022-04-16
C001138,Faraj Kade,Gandhinagar,Karnataka,2025-07-01
C001139,Pranit Misra,Mangalore,Sikkim,2026-06-28
C001140,Jacob Oza,Karawal Nagar,Punjab,2026-04-24
C001141,Nathan Vig,Bhilai,Gujarat,2021-11-30
C001142,Zarna Vala,Thrissur,West Bengal,2024-10-07
C001143,Teerth Balan,Durgapur,Haryana,2022-05-17
C001144,Amrita Mahal,Kollam,Assam,2024-08-17
C001145,Unni Tandon,Anand,Madhya Pradesh,2023-04-22
C001146,Oscar Hora,Singrauli,Bihar,2026-08-18
C001147,Noah Jha,Bhiwani,Manipur,2025-04-08
C001148,Eiravati Chokshi,Haldia,Gujarat,2026-06-28
C001149,Kashvi Bhatt,Rourkela,Arunachal Pradesh,2026-01-05
C001150,Nimrat Memon,Sikar,Andhra Pradesh,2022-08-22
C001151,Ekantika Sanghvi,Secunderabad,Haryana,2022-04-13
C001152,Kamya Prabhu,Satara,Bihar,2021-09-29
C001153,Advay Narasimhan,Kirari Suleman Nagar,Odisha,2024-05-26
C001154,Dominic Rajan,Madanapalle,Gujarat,2026-02-24
C001155,Harshil Mall,Chapra,Rajasthan,2025-04-02
C001156,Eesha Nagarajan,Thiruvananthapuram,Arunachal Pradesh,2025-11-12
C001157,Chakradhar Maharaj,Jamshedpur,Bihar,2025-07-07
C001158,Eta Rajagopal,Gangtok,Andhra Pradesh,2024-02-02
C001159,Aayush Shenoy,Mira-Bhayandar,Uttarakhand,2025-02-02
C001160,Balveer Nazareth,Coimbatore,Meghalaya,2022-06-22
C001161,Charvi Maharaj,Sri Ganganagar,Madhya Pradesh,2022-05-05
C001162,Wakeeta Batta,Bihar Sharif,Tamil Nadu,2025-07-13
C001163,Jairaj Prakash,Bhopal,Haryana,2022-01-26
C001164,Liam Cheema,Junagadh,Haryana,2023-02-10
C001165,Rayaan Pillay,Faridabad,Himachal Pradesh,2022-01-11
C001166,Chanakya Modi,Bilaspur,Karnataka,2024-11-22
C001167,Onkar Devi,Jamshedpur,Chhattisgarh,2024-05-19
C001168,Odika Sekhon,Nagaon,Mizoram,2023-09-17
C001169,Vrishti Mand,Karawal Nagar,Haryana,2022-06-12
C001170,Chaman Butala,Proddatur,Uttarakhand,2023-09-23
C001171,Faras Borde,Allahabad,Gujarat,2021-10-10
C001172,Upadhriti Rajan,Morbi,Bihar,2024-07-23
C001173,Yoshita Munshi,Malda,Rajasthan,2022-12-22
C001174,Kalpit Kanda,Kharagpur,Manipur,2026-01-12
C001175,Mugdha Guha,Alwar,Maharashtra,2023-01-23
C001176,Harsh Din,Aligarh,Telangana,2022-08-08
C001177,Amol Sharma,Shimoga,Andhra Pradesh,2025-09-18
C001178,Indira Lanka,Jamalpur,Assam,2024-09-05
C001179,Simon Dora,Ambala,Maharashtra,2025-12-26
C001180,Chatresh Sastry,Uluberia,Bihar,2022-01-30
C001181,Pahal Hari,Maheshtala,Madhya Pradesh,2023-03-02
C001182,Wakeeta Venkataraman,Moradabad,Sikkim,2022-02-01
C001183,Indrajit Kanda,Meerut,Arunachal Pradesh,2026-07-23
C001184,William Bhatti,Bally,Haryana,2025-02-07
C001185,Maya Chaudhuri,Agartala,Meghalaya,2023-06-01
C001186,Samar Palan,Kavali,Jharkhand,2021-09-09
C001187,Qasim Thakur,Farrukhabad,West Bengal,2023-09-11
C001188,Divya Boase,Gaya,Karnataka,2025-07-15
C001189,Agastya Som,Thanjavur,Andhra Pradesh,2023-03-05
C001190,Faraj Garde,Hindupur,Kerala,2025-09-11
C001191,Vrinda Kota,Bhubaneswar,Arunachal Pradesh,2021-10-24
C001192,Vedant Vohra,Siliguri,Tripura,2022-06-18
C001193,Daksha Nayak,Pallavaram,Telangana,2024-08-24
C001194,Vidhi Kulkarni,Berhampore,Andhra Pradesh,2024-08-30
C001195,Gauri Vasa,Gorakhpur,Himachal Pradesh,2026-01-30
C001196,Manbir Roy,Ajmer,Kerala,2025-11-24
C001197,Yash Sankar,Tiruppur,Telangana,2022-06-04
C001198,Krishna Chokshi,Tinsukia,Manipur,2026-02-23
C001199,Alka Palla,Katni,Odisha,2025-03-19
C001200,Dayamai Halder,Adoni,Mizoram,2024-08-01
C001201,Rachita Sha,Tumkur,Bihar,2021-09-25
C001202,Manan Shukla,Nagaon,Jharkhand,2026-05-31
C001203,Chavvi Sur,Amritsar,Uttar Pradesh,2024-03-03
C001204,Sudiksha Baria,Ichalkaranji,Uttarakhand,2022-09-18
C001205,Vrinda Mohan,Chinsurah,Kerala,2021-09-01
C001206,Zayan Devi,Anantapuram,Uttar Pradesh,2025-12-07
C001207,Gabriel Madan,Thiruvananthapuram,Maharashtra,2026-08-23
C001208,Bina Kanda,Bhalswa Jahangir Pur,Kerala,2023-10-12
C001209,Pahal Rastogi,Bhilwara,Jharkhand,2024-04-22
C001210,Rajata Naidu,Kollam,Himachal Pradesh,2022-10-26
C001211,Ryan Mitra,Guwahati,Jharkhand,2026-06-26
C001212,Qadim Prashad,Jalandhar,Chhattisgarh,2026-02-22
C001213,Dhriti Thakur,Bhind,Kerala,2025-04-20
C001214,Osha Roy,Bhopal,Nagaland,2021-11-21
C001215,Gaurang Dey,Latur,Odisha,2026-01-08
C001216,Joshua Memon,Singrauli,Chhattisgarh,2025-02-02
C001217,Turvi Vasa,Meerut,Assam,2022-02-16
C001218,Hredhaan Nath,Ramagundam,Odisha,2025-10-04
C001219,Darsh Dara,Kurnool,Mizoram,2022-11-21
C001220,Laban Kapoor,Barasat,Rajasthan,2024-04-22
C001221,Vedhika Iyer,Jabalpur,Andhra Pradesh,2022-12-19
C001222,Zinal Chatterjee,Kurnool,Bihar,2025-09-10
C001223,Yashasvi Sawhney,Pimpri-Chinchwad,Bihar,2024-03-19
C001224,Veda Gour,Bongaigaon,Himachal Pradesh,2025-05-26
C001225,Rachana Dhingra,Udaipur,Chhattisgarh,2023-09-17
C001226,Yasti Iyer,Nangloi Jat,Jharkhand,2024-02-16
C001227,Waida Pillai,Katni,Madhya Pradesh,2022-07-30
C001228,Omaja Sandal,Bhopal,Jharkhand,2025-07-21
C001229,Lopa Apte,Visakhapatnam,Rajasthan,2025-06-11
C001230,Isha Dewan,Berhampore,Himachal Pradesh,2021-09-28
C001231,Ishita Tella,Karnal,Tamil Nadu,2026-02-17
C001232,Yochana Bhatnagar,Saharanpur,Kerala,2026-06-15
C001233,Tripti Dey,Avadi,Madhya Pradesh,2022-03-30
C001234,Krisha Sodhi,Ramgarh,Tamil Nadu,2025-12-23
C001235,Kai Naik,Bhimavaram,Punjab,2025-02-05
C001236,Chakradev Balan,Ahmednagar,Bihar,2022-07-27
C001237,Vamakshi Naik,Patiala,Bihar,2023-02-22
C001238,Osha Bhatt,Pudukkottai,Himachal Pradesh,2022-08-21
C001239,Elijah Sathe,Medininagar,Rajasthan,2021-11-30
C001240,Ekani Chokshi,Burhanpur,Chhattisgarh,2026-07-18
C001241,Rohan Krishnan,Bahraich,Sikkim,2024-02-05
C001242,Saksham Edwin,Dehri,Uttar Pradesh,2023-04-20
C001243,Arjun Char,Visakhapatnam,Uttar Pradesh,2022-11-10
C001244,Jagvi Reddy,Mau,Goa,2026-02-26
C001245,Ranveer Johal,Orai,Kerala,2024-09-11
C001246,Ekalinga Sarna,Gandhinagar,West Bengal,2022-04-08
C001247,Joshua Varughese,Salem,Bihar,2025-11-27
C001248,Charan Zachariah,Lucknow,Haryana,2024-02-17
C001249,Madhavi Parmar,Sangli-Miraj & Kupwad,Jharkhand,2022-04-20
C001250,Zarna Tella,Silchar,Punjab,2022-02-22
C001251,Urishilla Lall,Patna,Karnataka,2025-04-01
C001252,Sai Natt,Kolhapur,Gujarat,2026-04-26
C001253,David Keer,Srinagar,Uttar Pradesh,2026-06-17
C001254,Hiral Bobal,Khora ,Telangana,2022-05-08
C001255,Kai Madan,Vasai-Virar,Arunachal Pradesh,2025-11-20
C001256,Inaya Sankar,Avadi,Uttar Pradesh,2023-08-08
C001257,Christopher Bal,Deoghar,Punjab,2024-11-21
C001258,Vasatika Ben,Burhanpur,Tamil Nadu,2022-09-24
C001259,Prisha Devi,Bahraich,Bihar,2024-10-16
C001260,Rishi Oza,Howrah,Haryana,2023-08-21
C001261,Advaith Karan,Jorhat,Odisha,2022-01-20
C001262,Zaid Bhandari,Howrah,Chhattisgarh,2025-05-24
C001263,Barkha Bassi,Etawah,Punjab,2023-09-28
C001264,Kai Rao,Bhilai,Sikkim,2022-04-26
C001265,Zashil Jha,Raurkela Industrial Township,West Bengal,2023-07-16
C001266,Chasmum Peri,Sambalpur,Mizoram,2023-12-10
C001267,Yahvi Chawla,Sri Ganganagar,Maharashtra,2025-10-19
C001268,Farhan Jani,Saharsa,Haryana,2024-04-04
C001269,Jason Pradhan,Vadodara,Haryana,2025-05-29
C001270,Ishaan Bail,Visakhapatnam,Himachal Pradesh,2024-01-11
C001271,Charita Chad,Alwar,West Bengal,2024-12-05
C001272,Anirudh Raja,Raiganj,Arunachal Pradesh,2023-07-29
C001273,Ladli Gour,Katihar,Arunachal Pradesh,2024-04-05
C001274,Ijaya Bal,Firozabad,Uttar Pradesh,2023-07-04
C001275,Harita Saraf,Howrah,Uttar Pradesh,2022-08-05
C001276,Bhavna Warrior,Khandwa,Odisha,2026-07-01
C001277,Nicholas Raj,Patiala,Chhattisgarh,2021-10-17
C001278,Anusha Chada,Hosur,Jharkhand,2024-07-14
C001279,Balvan Mahal,Agartala,Sikkim,2023-10-18
C001280,Jeet Mohanty,Bilaspur,West Bengal,2023-03-09
C001281,Turvi Badal,Bangalore,Manipur,2021-12-23
C001282,Varsha Kamdar,Howrah,Odisha,2022-05-05
C001283,Dipta Bhatt,Bokaro,Himachal Pradesh,2024-01-05
C001284,Warda Datta,Akola,Chhattisgarh,2022-02-01
C001285,Ishwar Barad,Guna,West Bengal,2025-05-29
C001286,Benjamin Kari,Rampur,Himachal Pradesh,2021-10-20
C001287,Chaitanya Keer,Moradabad,Assam,2025-12-23
C001288,Isaiah Vaidya,Patiala,Gujarat,2024-06-08
C001289,Ojasvi Bora,Ichalkaranji,Chhattisgarh,2021-11-15
C001290,Jagvi Nayak,Dindigul,Meghalaya,2024-03-01
C001291,Naveen Pillay,Ramagundam,Chhattisgarh,2021-11-18
C001292,Siddharth Munshi,Thrissur,Madhya Pradesh,2026-08-15
C001293,Mason Raj,Solapur,Haryana,2026-06-22
C001294,Jairaj Wable,Medininagar,Meghalaya,2026-02-15
C001295,Edhitha Luthra,Ramgarh,Jharkhand,2023-09-28
C001296,Xavier Pathak,Sirsa,Karnataka,2022-08-24
C001297,Sai Rout,Vijayawada,Kerala,2026-06-07
C001298,Janaki Sule,Sultan Pur Majra,Uttar Pradesh,2025-03-24
C001299,Jeremiah Yogi,Vellore,Sikkim,2026-08-21
C001300,Abha Mangat,Satara,Bihar,2022-05-11
C001301,Oviya Tiwari,Ramgarh,Meghalaya,2023-05-08
C001302,Sudiksha Aurora,Jamshedpur,Maharashtra,2023-11-27
C001303,Harrison Date,Chinsurah,Andhra Pradesh,2023-01-31
C001304,Kevin Varma,Bhusawal,Kerala,2022-09-30
C001305,Wyatt Memon,Naihati,Uttarakhand,2024-07-11
C001306,Chakradev Borah,Sultan Pur Majra,Maharashtra,2025-06-28
C001307,Bimala Sood,South Dumdum,Telangana,2025-12-30
C001308,Max Amble,Malda,Madhya Pradesh,2024-05-22
C001309,Patrick Trivedi,Jalandhar,Haryana,2024-03-11
C001310,Harita Bava,Baranagar,Karnataka,2024-12-06
C001311,Pranav Dhar,Bhagalpur,Maharashtra,2026-01-29
C001312,Dipta Chaudhary,Anantapuram,Goa,2022-09-03
C001313,Anusha Sur,Rajahmundry,Goa,2024-02-13
C001314,Hitesh Kata,Ajmer,Bihar,2023-06-04
C001315,Ayaan Baral,Chennai,Meghalaya,2021-11-19
C001316,Samar Manda,Raiganj,Mizoram,2022-09-27
C001317,Chakrika Choudhary,Raiganj,Maharashtra,2025-11-10
C001318,Gabriel Devan,Bhiwandi,Kerala,2022-05-03
C001319,Falan Narain,Guna,Karnataka,2024-01-05
C001320,Yochana Borah,Agra,Maharashtra,2022-07-09
C001321,Ranveer Banik,Sambalpur,Chhattisgarh,2026-08-26
C001322,Thomas Hayre,Nandyal,Chhattisgarh,2025-10-14
C001323,Watika Mandal,Davanagere,Rajasthan,2022-06-02
C001324,Aarush Saraf,Pallavaram,Nagaland,2023-06-09
C001325,Balvan Sahota,Srikakulam,Madhya Pradesh,2026-08-19
C001326,Ikshita Sule,Dewas,Uttarakhand,2023-08-21
C001327,Vedhika Suri,Khora ,Kerala,2026-04-15
C001328,Chakrika Char,Gorakhpur,Tripura,2024-02-09
C001329,Sanya Nanda,Khandwa,Bihar,2023-03-01
C001330,Eiravati Comar,Sikar,Tamil Nadu,2022-10-02
C001331,Vrinda Sabharwal,Bhopal,Jharkhand,2023-12-11
C001332,Nilima Bhat,Bhilwara,Sikkim,2024-05-13
C001333,Mahika Sathe,Silchar,Himachal Pradesh,2022-02-16
C001334,Vedika Kanda,Ranchi,Jharkhand,2025-06-21
C001335,Timothy Ganesan,Bhubaneswar,Punjab,2024-06-20
C001336,Anmol Bail,Mysore,Tripura,2024-07-01
C001337,Dev Bawa,Mirzapur,Nagaland,2023-05-09
C001338,Meghana Karnik,Nanded,Kerala,2024-06-25
C001339,Tanveer Kothari,Vadodara,West Bengal,2021-11-01
C001340,Yachana Rao,Kalyan-Dombivli,Goa,2024-01-27
C001341,Arjun Karpe,Visakhapatnam,Himachal Pradesh,2022-09-19
C001342,Nandini Deep,Guwahati,Assam,2022-04-17
C001343,Anmol Aurora,Bareilly,Telangana,2024-12-28
C001344,Devika Naik,Anand,Telangana,2021-11-11
C001345,Anusha Shanker,Salem,Himachal Pradesh,2026-07-26
C001346,Krisha Manne,Tiruchirappalli,Haryana,2025-02-13
C001347,Vasudha Mane,Eluru,Andhra Pradesh,2025-11-22
C001348,Kashish Chokshi,Rajahmundry,Odisha,2021-11-16
C001349,Vincent Sekhon,Morena,Odisha,2022-08-04
C001350,Gaurangi Dhawan,Bareilly,Nagaland,2023-02-07
C001351,Vrishti Krish,Ajmer,Madhya Pradesh,2025-09-10
C001352,Daniel Tak,Bulandshahr,Jharkhand,2024-07-15
C001353,Balhaar Nagy,Kolkata,Himachal Pradesh,2023-06-12
C001354,Xalak Munshi,Pondicherry,Manipur,2025-10-09
C001355,Henry Sandal,Gandhinagar,Chhattisgarh,2021-10-12
C001356,Zinal Dara,Davanagere,Manipur,2022-08-19
C001357,Panini Tandon,Loni,Meghalaya,2022-11-08
C001358,Mohini Andra,Kochi,Maharashtra,2024-03-02
C001359,Ekantika Prabhu,Ajmer,Jharkhand,2026-02-11
C001360,Kamya Venkataraman,Chittoor,Manipur,2023-06-16
C001361,Krishna Gala,Hyderabad,Karnataka,2025-03-16
C001362,Mason Singhal,Kolkata,Jharkhand,2023-04-06
C001363,Girindra Yogi,Bathinda,Bihar,2022-03-08
C001364,Naksh Bhavsar,Karaikudi,Haryana,2024-08-06
C001365,Reyansh Maharaj,Purnia,Odisha,2024-04-06
C001366,Neha Kumar,Solapur,Odisha,2022-12-17
C001367,Tarak Mammen,Firozabad,Odisha,2022-07-14
C001368,Leela Narayanan,Tadepalligudem,Sikkim,2025-09-09
C001369,Om Agate,Thrissur,Assam,2022-11-29
C001370,Nitesh Soman,North Dumdum,Assam,2022-02-09
C001371,Yasti Sarraf,Chittoor,Karnataka,2024-03-28
C001372,Wridesh Ramaswamy,Kharagpur,Tamil Nadu,2025-09-13
C001373,Devika Vig,Bettiah,Assam,2023-06-26
C001374,Arunima Dhar,Karaikudi,Manipur,2025-10-31
C001375,Jai Saran,Mangalore,Andhra Pradesh,2024-10-10
C001376,Hiral Samra,Tadepalligudem,Nagaland,2023-04-16
C001377,Kavya Gola,Thiruvananthapuram,Manipur,2024-09-25
C001378,Abdul Mukherjee,Bareilly,Kerala,2023-10-28
C001379,Anjali Bandi,Nangloi Jat,Madhya Pradesh,2022-01-14
C001380,Anusha Bhandari,Chittoor,Punjab,2025-07-13
C001381,Oscar Solanki,Agra,Kerala,2021-11-28
C001382,Peter Deep,Gurgaon,Uttarakhand,2022-09-06
C001383,Sachi Bhatia,Jalandhar,West Bengal,2026-04-17
C001384,Rishi Badal,Ratlam,Tamil Nadu,2023-02-07
C001385,Zaitra Atwal,Erode,Uttarakhand,2022-03-10
C001386,Reyansh Thaker,Shimoga,Assam,2023-02-18
C001387,Chaitanya Majumdar,Dibrugarh,Maharashtra,2023-02-19
C001388,Deepa Mahal,Kochi,Karnataka,2025-08-18
C001389,Ubika Chakrabarti,Mysore,Goa,2022-05-26
C001390,Eesha Bahri,Hyderabad,Gujarat,2024-11-06
C001391,Finn Koshy,Jhansi,Telangana,2022-10-17
C001392,Chatresh Raghavan,Mangalore,Himachal Pradesh,2022-11-10
C001393,Odika Kara,Darbhanga,Gujarat,2023-03-04
C001394,Aashi Sarraf,Tiruchirappalli,Meghalaya,2024-09-07
C001395,Ikshita Virk,Tirunelveli,Arunachal Pradesh,2026-08-23
C001396,Nachiket Yogi,Raebareli,Kerala,2024-02-13
C001397,Hema Thakur,Mysore,Mizoram,2023-06-16
C001398,Tejas Sibal,Patna,Bihar,2026-01-23
C001399,Vaishnavi Dey,Dharmavaram,Karnataka,2024-10-30
C001400,Bahadurjit Naidu,Secunderabad,West Bengal,2021-09-24
C001401,Oviya Soman,Naihati,Rajasthan,2022-07-08
C001402,Ishita Mohan,Bhind,Nagaland,2023-04-01
C001403,Reva Shan,Silchar,Meghalaya,2023-09-26
C001404,Kashvi Nazareth,Rewa,Jharkhand,2022-01-02
C001405,Yashica Chokshi,Purnia,Tripura,2023-12-15
C001406,Ayush Gade,Dewas,Punjab,2026-02-14
C001407,Liam De,Meerut,Assam,2024-04-17
C001408,Hiral Shanker,Dehradun,Manipur,2021-09-02
C001409,Sai Gera,Aizawl,Assam,2023-03-27
C001410,Samar Sarkar,Sambalpur,Chhattisgarh,2026-05-22
C001411,Abdul Sood,Hapur,Bihar,2025-09-01
C001412,Simon Sodhi,Madhyamgram,Tamil Nadu,2023-09-24
C001413,Lila Dave,Guntur,Madhya Pradesh,2024-06-12
C001414,Panini Ramesh,Sri Ganganagar,Meghalaya,2026-08-26
C001415,Tristan Gokhale,Arrah,Kerala,2024-07-21
C001416,Mitali Brahmbhatt,Durgapur,Meghalaya,2023-04-07
C001417,Siddharth Mittal,Tiruchirappalli,Karnataka,2024-12-06
C001418,Pavani Dora,Bijapur,Madhya Pradesh,2025-10-02
C001419,Advika Sama,Ujjain,Madhya Pradesh,2026-01-24
C001420,Udyati Butala,Salem,Rajasthan,2025-02-07
C001421,Naveen Nagar,Ramgarh,Mizoram,2024-12-06
C001422,Advay Sunder,Bhusawal,Tripura,2022-02-16
C001423,Pavani Kuruvilla,Mahbubnagar,Uttar Pradesh,2025-06-29
C001424,Urvashi Nayak,Gorakhpur,Uttar Pradesh,2023-03-09
C001425,Leela Buch,Chennai,Karnataka,2023-11-10
C001426,Yutika Sha,Nashik,Manipur,2024-01-23
C001427,Jairaj Suri,Ambarnath,Arunachal Pradesh,2024-10-21
C001428,Pavani Nazareth,Nagpur,Nagaland,2023-12-09
C001429,Chaaya Parikh,Pune,Manipur,2024-06-04
C001430,Balendra Choudhury,Vadodara,Nagaland,2025-01-12
C001431,Parth Chad,Cuttack,Telangana,2022-11-23
C001432,Raagini Maharaj,Berhampore,Tamil Nadu,2023-09-28
C001433,Banjeet Bose,Serampore,Arunachal Pradesh,2022-11-29
C001434,Lavanya Vala,Naihati,Rajasthan,2024-03-26
C001435,Nandini Bains,Bardhaman,Telangana,2022-05-04
C001436,Jackson Handa,Avadi,Punjab,2026-01-14
C001437,Chandran Prasad,Thrissur,Tripura,2025-05-19
C001438,Quincy Malhotra,Mahbubnagar,Madhya Pradesh,2023-03-17
C001439,Anjali Ahluwalia,Dhule,Andhra Pradesh,2025-03-10
C001440,Anvi Loke,Khora ,Uttar Pradesh,2024-05-15
C001441,Timothy Kar,Anantapur,Haryana,2022-03-16
C001442,Triveni Salvi,Hosur,Madhya Pradesh,2025-09-16
C001443,Hemal Oak,Sri Ganganagar,Uttarakhand,2025-06-11
C001444,Turvi Tara,Katihar,Tamil Nadu,2023-02-10
C001445,Aadhya Rau,Aurangabad,Assam,2025-10-20
C001446,Fiyaz Johal,Avadi,Jharkhand,2024-05-06
C001447,Unni Balan,Bhimavaram,Goa,2024-08-27
C001448,Ojasvi Bajaj,Miryalaguda,Telangana,2025-11-02
C001449,Keya Yogi,Burhanpur,Punjab,2022-09-18
C001450,Meghana Kamdar,Bhubaneswar,Odisha,2024-02-15
C001451,Nathan Rattan,Nagercoil,Tripura,2023-07-08
C001452,Arya Nagarajan,Aligarh,Sikkim,2024-05-14
C001453,Umang Raval,Madhyamgram,Jharkhand,2025-06-27
C001454,Peter Ratta,Delhi,Nagaland,2024-07-03
C001455,Orinder Chaudhari,Amaravati,Rajasthan,2025-03-21
C001456,Nirja Gulati,Tadipatri,Haryana,2022-11-04
C001457,Nilima Bajaj,Phagwara,Haryana,2023-01-30
C001458,Gavin Prabhakar,Ghaziabad,Uttar Pradesh,2024-12-22
C001459,Neel Shankar,Mathura,Goa,2025-09-05
C001460,Ekantika Deo,Amritsar,Andhra Pradesh,2023-06-05
C001461,Tripti Konda,New Delhi,Uttar Pradesh,2023-03-03
C001462,Xiti Choudhry,Kozhikode,Haryana,2025-08-06
C001463,Abhimanyu Bali,Saharsa,Meghalaya,2024-12-10
C001464,Omisha Lad,Medininagar,Rajasthan,2026-03-17
C001465,Reva Srivastava,Jalna,Uttar Pradesh,2025-01-19
C001466,Januja Ratta,Haldia,Uttar Pradesh,2022-09-20
C001467,Madhav Lala,Gulbarga,Kerala,2025-03-05
C001468,Lucky Kibe,Bhagalpur,Himachal Pradesh,2022-06-28
C001469,Ethan Shanker,Sambalpur,Tripura,2023-11-16
C001470,Chakrika Saxena,Hospet,Tamil Nadu,2023-11-10
C001471,Balendra Dey,Nagaon,Jharkhand,2021-11-19
C001472,Kamala Patil,Aizawl,Tamil Nadu,2023-01-04
C001473,Vaishnavi Sarraf,Bhatpara,Telangana,2022-10-04
C001474,Brinda Rajagopalan,Ambattur,Andhra Pradesh,2023-06-19
C001475,Manbir Arora,Bharatpur,Telangana,2025-12-28
C001476,Vansha Garde,Bhatpara,Odisha,2025-12-04
C001477,Kavya Radhakrishnan,Gulbarga,West Bengal,2026-02-17
C001478,Parth Sule,Kanpur,Sikkim,2022-03-20
C001479,Umang More,Rajahmundry,Chhattisgarh,2024-01-12
C001480,Ronith Parikh,Jaunpur,Odisha,2021-10-07
C001481,Samaksh Patla,Silchar,Rajasthan,2022-07-04
C001482,Yashica Bhavsar,Begusarai,Nagaland,2026-03-28
C001483,Daksh Sekhon,Sambalpur,Himachal Pradesh,2023-03-21
C001484,Vedant Shan,Thane,Punjab,2023-12-04
C001485,Gavin Gupta,Mira-Bhayandar,Mizoram,2024-03-28
C001486,Sarthak Kari,Bhimavaram,Tripura,2026-08-10
C001487,Ucchal Chaudhari,Imphal,Uttar Pradesh,2022-04-14
C001488,Vanya Dada,Gwalior,Meghalaya,2023-05-06
C001489,Tanveer Sur,Jehanabad,Andhra Pradesh,2026-08-12
C001490,Isaac Savant,Giridih,Uttar Pradesh,2025-07-18
C001491,Zayan Ray,Kumbakonam,Rajasthan,2023-03-02
C001492,Yashica Subramanian,Dewas,Himachal Pradesh,2026-03-11
C001493,Harita Maharaj,Gandhidham,Bihar,2023-03-20
C001494,Abeer Nagar,Shimla,Goa,2023-03-09
C001495,Rachana Modi,Mango,Karnataka,2026-03-31
C001496,Rishi Chopra,Kakinada,Jharkhand,2025-12-06
C001497,Ekaja Wali,Kota,Sikkim,2024-03-20
C001498,Mohammed Naik,Nellore,Tripura,2025-01-13
C001499,Nakul Dugar,Hazaribagh,Meghalaya,2025-03-18
C001500,Veer Lall,Avadi,Kerala,2022-11-24
C001501,Gauri Pandya,Hospet,Jharkhand,2025-04-13
C001502,Omisha Ahluwalia,Pimpri-Chinchwad,Maharashtra,2024-09-02
C001503,Tanmayi Mahal,Panihati,Gujarat,2023-11-04
C001504,Kashvi Bajwa,Purnia,Uttar Pradesh,2024-12-01
C001505,Ryan Kale,Panipat,Bihar,2022-04-19
C001506,Naveen Nanda,Guntakal,Meghalaya,2022-01-20
C001507,Vidhi Krish,Medininagar,Odisha,2024-11-08
C001508,Harrison Bhalla,Bally,Nagaland,2024-10-21
C001509,Bhavani Choudhry,Guntur,Telangana,2022-04-17
C001510,Odika Doshi,Giridih,Jharkhand,2026-07-19
C001511,Gaurang Sarma,Khammam,Odisha,2026-04-25
C001512,Bishakha Bains,Jabalpur,West Bengal,2024-05-02
C001513,Sanaya Kala,Pondicherry,Manipur,2023-08-08
C001514,Janaki Nath,Rampur,Himachal Pradesh,2021-11-10
C001515,Jagdish Roy,Tenali,Uttar Pradesh,2025-10-20
C001516,Darpan Vala,Pune,Odisha,2025-05-20
C001517,Yamini Narain,Ichalkaranji,Odisha,2024-07-02
C001518,Faqid Chanda,Katihar,Goa,2026-01-12
C001519,Upadhriti Halder,Chinsurah,Uttarakhand,2024-01-08
C001520,Siya Doshi,Srinagar,Goa,2026-07-23
C001521,Sudiksha Wable,Jaipur,Madhya Pradesh,2026-07-21
C001522,Abeer Ramakrishnan,Bangalore,Haryana,2024-05-28
C001523,Matthew Lad,Bhimavaram,Sikkim,2024-06-10
C001524,Sai Pant,Maheshtala,Tripura,2022-12-04
C001525,Darika Golla,Indore,Nagaland,2021-12-31
C001526,Ijaya Biswas,Satna,Haryana,2023-06-10
C001527,Chavvi Gade,Gopalpur,Haryana,2023-07-06
C001528,Avi Devan,Amravati,Uttarakhand,2024-11-08
C001529,Sachi Joshi,Dhanbad,Manipur,2025-05-24
C001530,Rushil Jha,Gudivada,Uttarakhand,2022-09-22
C001531,Parth Toor,Ujjain,Tripura,2023-06-13
C001532,Vrinda Parmar,Vijayanagaram,Gujarat,2023-06-15
C001533,Yashica Parsa,Rohtak,Mizoram,2022-08-13
C001534,Amol Amble,Bidar,Madhya Pradesh,2022-07-07
C001535,Jalsa Mukherjee,Raebareli,West Bengal,2024-03-22
C001536,Frado Ramakrishnan,Pune,Himachal Pradesh,2024-05-31
C001537,Lohit Kothari,Buxar,Andhra Pradesh,2022-10-02
C001538,Logan Singhal,Ghaziabad,Punjab,2023-06-13
C001539,Kamya Sachdeva,Gurgaon,Goa,2023-02-24
C001540,Pratyush Patla,Ujjain,Andhra Pradesh,2025-11-23
C001541,Damini Raval,Bilaspur,Punjab,2024-05-24
C001542,Atharv Narula,Nandyal,Arunachal Pradesh,2022-11-22
C001543,Chakradhar Zacharia,Khora ,Telangana,2026-02-17
C001544,Nakul Chaudhry,Karnal,Haryana,2022-06-13
C001545,Dominic Chowdhury,Madhyamgram,Maharashtra,2026-03-25
C001546,Krish Acharya,Fatehpur,Meghalaya,2023-11-07
C001547,Ekantika Zacharia,Srikakulam,Sikkim,2022-06-26
C001548,Waida Hayre,Muzaffarnagar,Mizoram,2022-10-08
C001549,Umang Butala,Sambhal,Jharkhand,2022-07-23
C001550,Upkaar Krishna,Barasat,Karnataka,2025-08-05
C001551,Karan Narang,Dindigul,Sikkim,2022-11-25
C001552,Lekha Bava,South Dumdum,Andhra Pradesh,2022-11-18
C001553,Wazir Edwin,North Dumdum,Andhra Pradesh,2026-07-13
C001554,Veda Padmanabhan,Gangtok,Madhya Pradesh,2025-07-05
C001555,Sudiksha Lall,Kochi,Telangana,2024-01-15
C001556,Geetika Grewal,Mau,Uttar Pradesh,2025-10-23
C001557,Gopal Oommen,Rajkot,Uttar Pradesh,2024-10-09
C001558,Atharv Date,Ambattur,Manipur,2022-08-11
C001559,Chakrika Date,Aizawl,Manipur,2025-05-17
C001560,Yamini Gopal,Sasaram,Gujarat,2022-11-14
C001561,Anay Issac,Hajipur,Punjab,2022-12-15
C001562,Janani Zacharia,Bettiah,Goa,2024-11-06
C001563,Harish Gandhi,Saharanpur,Nagaland,2025-04-09
C001564,Arya Bawa,Sagar,Madhya Pradesh,2026-02-07
C001565,Vamakshi Sidhu,Bhavnagar,Telangana,2024-03-20
C001566,Falan Krishnamurthy,Dhule,Telangana,2022-03-26
C001567,Nirja Dey,Ongole,Uttarakhand,2023-01-10
C001568,Mahika Dutta,Katni,Odisha,2023-04-23
C001569,Inaya Bobal,Bally,Chhattisgarh,2025-01-29
C001570,Max Jha,Ajmer,Sikkim,2024-01-03
C001571,Advay Dalal,Loni,Bihar,2025-09-02
C001572,Raksha Misra,Hosur,Telangana,2025-07-12
C001573,Ekavir Om,Thane,Madhya Pradesh,2023-11-02
C001574,Unnati Sandhu,Morbi,Tripura,2024-02-21
C001575,Harshil Chakrabarti,New Delhi,West Bengal,2025-11-14
C001576,Oviya Bhandari,Parbhani,Uttarakhand,2024-01-05
C001577,Yashoda Narasimhan,Chandrapur,Kerala,2022-05-16
C001578,Harrison Sunder,Bhimavaram,Meghalaya,2023-07-19
C001579,Amaira Chawla,Kishanganj,Punjab,2026-06-23
C001580,Zilmil Raja,Madanapalle,Bihar,2022-07-03
C001581,Jacob Khare,Amaravati,Sikkim,2025-04-02
C001582,Balveer Palan,Jaunpur,Odisha,2026-02-10
C001583,Mohini Sankaran,Thrissur,Odisha,2023-03-15
C001584,Falguni Chaudhary,Haridwar,Uttar Pradesh,2021-11-27
C001585,Zehaan Parmer,Nagercoil,Haryana,2024-01-07
C001586,Champak Nair,Firozabad,Tripura,2023-01-11
C001587,Ekanta Rattan,Malegaon,West Bengal,2025-11-30
C001588,Gauri Pandey,Ratlam,Uttarakhand,2024-04-07
C001589,Gautam Ravi,Mehsana,Rajasthan,2023-04-01
C001590,Samaksh Lanka,Etawah,Karnataka,2025-05-22
C001591,Nathaniel Ganguly,Pune,Bihar,2023-04-12
C001592,Yashawini Minhas,Sikar,Punjab,2022-04-23
C001593,Girik Chana,Firozabad,Chhattisgarh,2024-07-22
C001594,Mekhala Deol,Vasai-Virar,West Bengal,2024-03-01
C001595,Ekiya Kar,Thane,Haryana,2026-04-29
C001596,Anusha Bal,Rajahmundry,Uttarakhand,2023-07-12
C001597,Upkaar Sarraf,Ulhasnagar,Andhra Pradesh,2024-03-10
C001598,Ansh Subramanian,Vijayanagaram,Nagaland,2026-05-09
C001599,Nitara Grewal,Ramgarh,Madhya Pradesh,2023-11-21
C001600,Adya Sankar,Bharatpur,Haryana,2024-05-21
C001601,Faraj Desai,Shahjahanpur,Uttar Pradesh,2026-03-30
C001602,Gopal Tripathi,Jorhat,Karnataka,2022-07-22
C001603,Ijaya Kapur,Agartala,Odisha,2022-02-12
C001604,Raksha Tank,Amritsar,Goa,2021-11-07
C001605,Dakshesh Palan,Siliguri,Assam,2024-09-05
C001606,Anya Krishnan,Khora ,Meghalaya,2025-04-30
C001607,Meghana Kale,Tirupati,Nagaland,2024-04-03
C001608,Viraj Trivedi,Asansol,Tripura,2026-04-03
C001609,Abeer Bera,Dharmavaram,Bihar,2022-04-08
C001610,Odika Edwin,Kulti,Punjab,2023-03-11
C001611,Ayushman Talwar,Bathinda,Assam,2022-06-19
C001612,Lila Reddy,Bhalswa Jahangir Pur,Chhattisgarh,2024-08-01
C001613,Gopal Mukhopadhyay,Belgaum,Tamil Nadu,2025-04-29
C001614,Xalak Chana,Bhilwara,Madhya Pradesh,2023-05-16
C001615,Indali Bumb,Bidhannagar,Tripura,2022-06-19
C001616,Anmol Bhat,Dindigul,Bihar,2023-02-05
C001617,Advik Agrawal,Yamunanagar,Jharkhand,2021-11-24
C001618,Ekaraj Gera,Udupi,Meghalaya,2023-03-18
C001619,Hemani Chatterjee,Ghaziabad,Kerala,2026-07-19
C001620,Ridhi Goel,Raiganj,Andhra Pradesh,2021-12-29
C001621,Devika Manne,Karnal,Sikkim,2023-03-14
C001622,Harish Tank,Madanapalle,Chhattisgarh,2024-07-14
C001623,Lopa Sem,Begusarai,Assam,2024-07-17
C001624,Jasmit Dhaliwal,Pallavaram,Gujarat,2025-02-07
C001625,Ishita Bhargava,Gudivada,Bihar,2026-02-01
C001626,Ekani Vyas,Bongaigaon,Rajasthan,2023-05-17
C001627,Ekani Deshmukh,Davanagere,Jharkhand,2025-04-16
C001628,Radhika Purohit,Pallavaram,Andhra Pradesh,2025-11-04
C001629,Ekanta Sule,Farrukhabad,Meghalaya,2024-02-09
C001630,Benjamin Guha,Aizawl,Odisha,2026-07-10
C001631,Dipta Bava,Nashik,Jharkhand,2024-12-08
C001632,Indira Yogi,Raebareli,Telangana,2025-12-27
C001633,Yashoda Prabhakar,Kakinada,Bihar,2025-07-21
C001634,Timothy Nagarajan,Kurnool,Meghalaya,2023-06-04
C001635,Chakradev Raj,Bhiwandi,Jharkhand,2021-09-14
C001636,Ganga Goel,Ambattur,Kerala,2025-01-30
C001637,Nachiket Dhar,Rampur,Maharashtra,2026-07-08
C001638,Samarth Mahajan,Hyderabad,Maharashtra,2025-03-08
C001639,Arunima Gupta,Nizamabad,Punjab,2021-10-02
C001640,Benjamin Sen,Rajahmundry,Assam,2022-08-21
C001641,Nathan Suresh,South Dumdum,Nagaland,2024-06-13
C001642,Aahana Rao,Jorhat,Jharkhand,2024-02-01
C001643,Ikbal Dar,Panihati,Assam,2026-05-20
C001644,Sai Datta,Nandyal,Meghalaya,2022-08-05
C001645,Veer Barad,Udaipur,Assam,2022-03-28
C001646,Rajata Prabhakar,Asansol,Manipur,2022-01-05
C001647,Shivansh Nadkarni,Jehanabad,Andhra Pradesh,2022-12-18
C001648,Zashil Gill,Surendranagar Dudhrej,Gujarat,2022-02-22
C001649,Lajita Dua,Dibrugarh,Assam,2023-07-31
C001650,Robert Nayak,Nagpur,West Bengal,2025-05-30
C001651,Yatan Wadhwa,Proddatur,Goa,2022-11-19
C001652,Dakshesh Choudhury,Alappuzha,Mizoram,2026-03-17
C001653,Omkaar Nagy,Agra,Chhattisgarh,2022-07-19
C001654,Abeer Raj,Phusro,Arunachal Pradesh,2024-12-17
C001655,Udarsh Banik,Jaipur,Rajasthan,2025-09-19
C001656,Barkha Ram,Patiala,Sikkim,2025-11-02
C001657,Hemani Sha,Jamnagar,Manipur,2026-03-24
C001658,Udarsh Dhawan,Akola,Madhya Pradesh,2023-11-08
C001659,Jhalak Bail,Dewas,Chhattisgarh,2022-01-10
C001660,Nirja Karan,Cuttack,Uttarakhand,2024-08-31
C001661,Nidra Sama,Jaunpur,Telangana,2025-07-06
C001662,Lipika Sheth,Naihati,Karnataka,2025-01-21
C001663,Samesh Korpal,Jhansi,Odisha,2023-04-27
C001664,Ubika Rege,Aizawl,Gujarat,2025-01-02
C001665,Upma Chopra,Dewas,Uttarakhand,2025-03-03
C001666,Ryan Kalla,Suryapet,Goa,2024-12-06
C001667,Pranit Savant,Tiruppur,Madhya Pradesh,2026-06-28
C001668,Anjali Dugal,Ramgarh,Uttar Pradesh,2023-05-07
C001669,Nisha Nadig,Sambalpur,West Bengal,2022-10-10
C001670,Diya Wali,Jalandhar,Uttar Pradesh,2022-03-22
C001671,Ansh Anand,Bathinda,West Bengal,2022-06-06
C001672,Ishanvi Jain,Kakinada,Jharkhand,2022-03-24
C001673,Diya Sekhon,Sonipat,Tamil Nadu,2023-02-26
C001674,Chavvi Chaudhuri,Saharanpur,Goa,2025-03-12
C001675,Nimrat Dutt,Parbhani,Tamil Nadu,2023-10-14
C001676,Manan Saxena,Thane,Chhattisgarh,2024-11-26
C001677,Ladli Sood,Jaipur,Odisha,2024-09-29
C001678,Qabil Sem,Pallavaram,Sikkim,2026-06-26
C001679,Harinakshi Chada,Coimbatore,Goa,2022-10-24
C001680,Meera Doctor,Thiruvananthapuram,Rajasthan,2024-05-23
C001681,Fiyaz Pant,Pune,Punjab,2025-03-20
C001682,Janya Krishnan,Anand,Himachal Pradesh,2026-02-02
C001683,Vrishti Nagar,Faridabad,Rajasthan,2023-09-11
C001684,Adya Sen,Naihati,Arunachal Pradesh,2023-12-26
C001685,Faris Natarajan,Bikaner,West Bengal,2021-10-03
C001686,Chasmum Rai,Nandyal,Madhya Pradesh,2024-12-19
C001687,Anamika Prashad,Ambarnath,Uttar Pradesh,2026-01-09
C001688,Niharika Oommen,Sri Ganganagar,Telangana,2023-11-21
C001689,Vrinda Manda,Gwalior,Manipur,2022-05-21
C001690,Yashodhara Comar,Warangal,Uttar Pradesh,2022-07-29
C001691,Falan Goel,Amritsar,Chhattisgarh,2026-07-12
C001692,Gagan Borra,Ahmedabad,Telangana,2024-07-25
C001693,Nachiket Sharma,Aligarh,Punjab,2022-09-13
C001694,Liam Iyengar,Gaya,Assam,2022-06-11
C001695,Rachita Kaul,Dhanbad,Tamil Nadu,2022-05-04
C001696,Ekani Wagle,Fatehpur,Uttarakhand,2023-05-05
C001697,Quincy Singh,Guntakal,West Bengal,2022-03-09
C001698,Qasim Tripathi,Vijayawada,Goa,2023-05-07
C001699,Maanas Gulati,Aurangabad,Gujarat,2023-04-04
C001700,Vedant Gaba,Guntakal,Jharkhand,2025-03-03
C001701,Tejas Sandhu,Hapur,Telangana,2023-09-18
C001702,Zayan Manda,Amritsar,Arunachal Pradesh,2022-03-14
C001703,Hemangini Bhasin,Vijayawada,Sikkim,2025-06-16
C001704,Gaurang Nagar,Medininagar,Sikkim,2022-03-23
C001705,Eiravati Seshadri,Nangloi Jat,Kerala,2025-11-30
C001706,Vrinda Munshi,Ambattur,Odisha,2023-02-11
C001707,Ira Rout,Surendranagar Dudhrej,Karnataka,2025-02-03
C001708,Ucchal Sethi,Ajmer,Telangana,2024-12-10
C001709,Aryan Dewan,Eluru,West Bengal,2022-12-08
C001710,Jasmit Atwal,Malegaon,Chhattisgarh,2023-03-25
C001711,Girish Babu,Chittoor,Chhattisgarh,2023-12-20
C001712,Rudra Bains,Katni,Goa,2024-03-31
C001713,Vedant Gupta,Medininagar,Telangana,2025-11-28
C001714,Radhika Dutta,Allahabad,Kerala,2022-07-26
C001715,Ekiya Sood,Ajmer,Haryana,2026-01-28
C001716,Tarak Saha,Ahmedabad,Jharkhand,2023-01-05
C001717,Deepa Sanghvi,Khora ,Chhattisgarh,2026-03-03
C001718,Harita Prakash,Uluberia,Odisha,2025-09-10
C001719,Andrew Sekhon,Erode,Haryana,2023-06-12
C001720,Vivaan Munshi,Parbhani,Nagaland,2024-07-24
C001721,Robert Datta,Chapra,Haryana,2023-09-06
C001722,Vrinda Singhal,Satara,Mizoram,2022-06-23
C001723,Manbir Nagy,Dehri,Meghalaya,2025-08-07
C001724,Ekalinga Sengupta,Nellore,Uttar Pradesh,2024-01-06
C001725,Januja Bhargava,Shahjahanpur,Haryana,2021-09-09
C001726,Ishani Subramanian,Darbhanga,Karnataka,2025-10-14
C001727,Ryan Guha,Sagar,Telangana,2022-03-07
C001728,Yamini Mandal,Gandhinagar,Maharashtra,2021-10-03
C001729,Advika Jayaraman,Sagar,Andhra Pradesh,2021-11-28
C001730,Farhan Pillay,Siliguri,Manipur,2024-11-29
C001731,Sachi Murthy,Panipat,Manipur,2024-01-05
C001732,Sudiksha Mane,Dharmavaram,Chhattisgarh,2024-05-29
C001733,Jatin Ben,Suryapet,Meghalaya,2024-10-19
C001734,Divya Prashad,Raebareli,Rajasthan,2024-06-02
C001735,Pranav Narain,Ichalkaranji,Karnataka,2026-06-23
C001736,Yasti Bhalla,Mehsana,Assam,2022-03-29
C001737,Max Chaudry,Noida,Assam,2024-09-23
C001738,Hamsini Bumb,Tiruvottiyur,Tripura,2022-04-04
C001739,Nandini Bhatia,Tenali,Tamil Nadu,2022-12-25
C001740,Sarthak Sen,Bhiwandi,Tripura,2023-11-19
C001741,Wriddhish Bhalla,Faridabad,Rajasthan,2023-08-01
C001742,Brijesh Basak,Muzaffarpur,Chhattisgarh,2022-11-01
C001743,Ekantika Ram,Surat,Mizoram,2024-02-16
C001744,Arjun Sachdeva,Thane,Gujarat,2021-12-20
C001745,Victor Swamy,Karnal,Tamil Nadu,2022-05-08
C001746,Yashodhara Gala,Rajpur Sonarpur,Chhattisgarh,2026-03-24
C001747,Baghyawati Lata,Sasaram,Madhya Pradesh,2023-01-09
C001748,Aahana Natt,Khammam,Himachal Pradesh,2025-01-01
C001749,Bhavika Seth,Amroha,Punjab,2026-01-07
C001750,Samarth Goyal,Kalyan-Dombivli,Madhya Pradesh,2022-07-28
C001751,Ryan Misra,Guntakal,Uttarakhand,2024-03-30
C001752,Ubika Bhagat,Tezpur,Uttarakhand,2023-10-23
C001753,Yasti Bajwa,Ahmedabad,Gujarat,2023-03-16
C001754,Samuel Tata,Khammam,Manipur,2024-12-27
C001755,Vyanjana Srinivasan,Kulti,Assam,2022-07-30
C001756,Azaan Bedi,Panipat,Andhra Pradesh,2024-03-30
C001757,Lakshmi Dutta,Meerut,Kerala,2023-06-30
C001758,Pallavi Pradhan,Parbhani,Maharashtra,2021-11-08
C001759,Bakhshi Dar,Ajmer,Himachal Pradesh,2025-07-20
C001760,Jai Balasubramanian,Akola,Andhra Pradesh,2022-08-15
C001761,Wahab Shah,Gopalpur,Andhra Pradesh,2026-06-15
C001762,Dev Dua,Amritsar,Madhya Pradesh,2024-11-15
C001763,Baljiwan Tank,Kirari Suleman Nagar,Maharashtra,2023-02-25
C001764,Chaitanya Bhatnagar,Ichalkaranji,Telangana,2025-09-27
C001765,Amara Bajwa,Maheshtala,Haryana,2025-06-22
C001766,Chaitanya Saran,Ahmednagar,Tamil Nadu,2022-01-24
C001767,Januja Chakrabarti,Sirsa,Uttarakhand,2025-09-06
C001768,Kashvi Prabhu,Pondicherry,Telangana,2024-08-12
C001769,Owen Ratti,Bhind,Kerala,2024-02-25
C001770,Warda Reddy,Bhiwani,Assam,2023-10-26
C001771,Gaurangi Parmer,Hospet,Tripura,2026-04-02
C001772,Brijesh Oza,Khora ,Karnataka,2026-04-05
C001773,Liam Jha,Jodhpur,Uttarakhand,2025-03-24
C001774,Yachana Barman,Ramgarh,Andhra Pradesh,2023-10-31
C001775,Utkarsh Natt,Bhiwandi,Karnataka,2024-11-02
C001776,Maya Kanda,Vellore,Tamil Nadu,2022-07-27
C001777,Sudiksha Dugal,Mumbai,Uttar Pradesh,2025-12-15
C001778,Warhi Dhawan,Farrukhabad,Haryana,2025-02-12
C001779,Shaurya Char,Nagpur,Andhra Pradesh,2021-12-05
C001780,Jai Johal,Madurai,Assam,2023-10-27
C001781,Jagat Sami,Sambhal,Andhra Pradesh,2024-03-20
C001782,Lipika Prasad,Avadi,Maharashtra,2025-09-25
C001783,Vyanjana Balay,Imphal,Kerala,2021-12-05
C001784,Urvashi Rajagopal,Bhusawal,Tamil Nadu,2026-08-29
C001785,Vritti Bala,Agra,Meghalaya,2022-05-27
C001786,Zayyan Chanda,Sambalpur,Telangana,2022-06-19
C001787,Ladli Nazareth,Mahbubnagar,Meghalaya,2021-12-15
C001788,Dayita Seth,Srikakulam,Maharashtra,2022-06-22
C001789,Kabir Bala,Coimbatore,Mizoram,2023-03-17
C001790,Anvi Rama,Nizamabad,Odisha,2022-08-31
C001791,Owen Seth,Ujjain,Arunachal Pradesh,2024-02-18
C001792,Pooja Choudhary,Solapur,Gujarat,2025-10-06
C001793,Zaid Ahluwalia,Belgaum,Tripura,2024-11-13
C001794,Chasmum Goswami,Mau,West Bengal,2026-08-18
C001795,Veer Saxena,Salem,Goa,2022-11-06
C001796,Arjun Sarma,Ambarnath,Uttar Pradesh,2025-04-27
C001797,Jyoti Cherian,Bhalswa Jahangir Pur,Arunachal Pradesh,2024-01-14
C001798,Pahal Bhavsar,Chandigarh,Himachal Pradesh,2024-09-15
C001799,Nandini Tripathi,Durgapur,Bihar,2021-11-13
C001800,Gabriel Grover,Amroha,Sikkim,2026-04-23
C001801,Adya Sridhar,Udaipur,Odisha,2025-03-06
C001802,Balveer Kata,Siliguri,Jharkhand,2022-10-18
C001803,Advay Prabhu,Sasaram,Uttar Pradesh,2021-10-07
C001804,Amaira Wali,Avadi,Uttar Pradesh,2022-10-30
C001805,Yagnesh Srinivasan,Maheshtala,Sikkim,2025-09-14
C001806,Varenya Kala,Malegaon,Madhya Pradesh,2026-05-15
C001807,Madhav Datta,Jabalpur,Meghalaya,2026-01-12
C001808,Nitesh Koshy,Mirzapur,Haryana,2023-11-24
C001809,Darpan Sankaran,Pondicherry,Tripura,2025-01-08
C001810,Reyansh Prakash,Hospet,Punjab,2023-07-30
C001811,Varenya Upadhyay,Sangli-Miraj & Kupwad,Haryana,2026-02-05
C001812,Widisha Borde,Ghaziabad,Andhra Pradesh,2025-03-19
C001813,Frado Dhingra,Uluberia,Himachal Pradesh,2025-01-03
C001814,Ucchal Om,Jorhat,Punjab,2024-06-12
C001815,Upma Vaidya,Kharagpur,Tripura,2026-06-06
C001816,Upasna Nazareth,Unnao,Karnataka,2026-03-13
C001817,Zayan Loyal,Tumkur,Punjab,2026-01-12
C001818,Dhriti Naik,Buxar,Gujarat,2024-08-17
C001819,Rehaan Nayak,Alwar,Himachal Pradesh,2025-04-08
C001820,Liam Merchant,Mirzapur,Tamil Nadu,2026-04-13
C001821,Samarth Shere,Kochi,Telangana,2024-02-22
C001822,Samesh Nazareth,Mehsana,Kerala,2023-10-03
C001823,Veda Madan,Siwan,Karnataka,2022-11-28
C001824,Ekbal Krishnan,Gandhinagar,Uttarakhand,2026-05-07
C001825,Aarush Bhavsar,Rohtak,Meghalaya,2025-07-13
C001826,Yasti Salvi,Shimoga,Arunachal Pradesh,2025-04-20
C001827,Hritik Soni,Munger,Karnataka,2022-09-06
C001828,Pratyush Das,Meerut,Arunachal Pradesh,2022-04-06
C001829,Hritik Wason,Warangal,Uttar Pradesh,2022-06-24
C001830,Samarth Baral,Hyderabad,Bihar,2024-07-14
C001831,Bhavani Sani,Ahmednagar,Haryana,2026-07-08
C001832,Irya Khalsa,Lucknow,Nagaland,2026-08-19
C001833,Thomas Garg,Kurnool,Nagaland,2021-10-24
C001834,Gavin Madan,Amravati,Bihar,2023-10-04
C001835,Timothy Khurana,Phagwara,Goa,2023-02-21
C001836,Ati Chhabra,Mathura,Sikkim,2024-04-15
C001837,Libni Sehgal,Ahmednagar,Bihar,2022-05-12
C001838,Sachi Savant,Yamunanagar,West Bengal,2024-11-24
C001839,Anita Jha,Junagadh,Uttar Pradesh,2026-02-13
C001840,Ekanta Bail,Guna,Punjab,2024-12-18
C001841,Samesh Pradhan,Solapur,Punjab,2024-11-16
C001842,Netra Johal,Satara,Kerala,2025-02-09
C001843,Yuvraj Mannan,Nadiad,Punjab,2025-08-29
C001844,Yagnesh Bhattacharyya,Lucknow,Madhya Pradesh,2026-07-12
C001845,Jagvi Raj,Pallavaram,Maharashtra,2025-06-14
C001846,Gaurav Sarkar,Karnal,Haryana,2023-12-15
C001847,Abha Srinivas,Gulbarga,Haryana,2026-08-24
C001848,Balhaar Raj,Nashik,Tripura,2023-08-11
C001849,Nathan Chanda,Chandrapur,Assam,2026-02-17
C001850,Sneha Dixit,Ajmer,West Bengal,2025-05-16
C001851,Quincy Karnik,Bijapur,Goa,2026-02-03
C001852,Vincent Chanda,Chapra,Rajasthan,2023-02-28
C001853,Upma Sampath,Noida,Andhra Pradesh,2023-04-30
C001854,Ekalinga Chaudhuri,Mangalore,Nagaland,2022-09-20
C001855,Jyoti Gola,Deoghar,Goa,2023-10-03
C001856,Eshana Garg,Anand,Uttarakhand,2021-11-03
C001857,Meera Deshmukh,Nashik,Meghalaya,2022-12-28
C001858,Wyatt Pillai,Surendranagar Dudhrej,Haryana,2025-07-14
C001859,Imaran Kothari,Medininagar,Tripura,2022-01-09
C001860,Krishna Deshpande,Tumkur,Manipur,2026-03-01
C001861,Megha Raval,Saharsa,Kerala,2026-07-30
C001862,Zayan Viswanathan,Rourkela,Mizoram,2025-11-30
C001863,Balhaar Jhaveri,Ghaziabad,Kerala,2024-03-15
C001864,Nitara Raja,Dewas,Kerala,2021-11-13
C001865,Vidhi Issac,Thrissur,Maharashtra,2022-12-01
C001866,Logan Mittal,Sambalpur,Chhattisgarh,2021-10-20
C001867,Reva Krishnan,Silchar,Manipur,2025-08-15
C001868,Samarth Sheth,Vijayanagaram,Arunachal Pradesh,2023-10-02
C001869,Harrison Merchant,Meerut,Kerala,2025-08-14
C001870,Rachita Brahmbhatt,Raichur,Uttarakhand,2026-01-09
C001871,Banjeet Srinivas,Nagercoil,Karnataka,2023-04-24
C001872,Yashawini Gandhi,Salem,Chhattisgarh,2026-06-10
C001873,Darpan Bakshi,Saharsa,Kerala,2021-11-13
C001874,Netra Natt,Sri Ganganagar,Punjab,2024-06-10
C001875,Jhalak Behl,Bahraich,Tripura,2025-10-23
C001876,Yoshita Bansal,Jamnagar,Uttarakhand,2024-11-17
C001877,Ria Loke,Ajmer,Tripura,2023-05-02
C001878,Leena Majumdar,Muzaffarnagar,Arunachal Pradesh,2022-01-14
C001879,Advik Deol,Gurgaon,Odisha,2023-04-24
C001880,Max Sane,Bhagalpur,Andhra Pradesh,2022-03-24
C001881,Baljiwan Lanka,Amritsar,Haryana,2025-08-24
C001882,Wakeeta Comar,Jaunpur,Uttar Pradesh,2024-07-30
C001883,Upasna Kuruvilla,Khammam,Mizoram,2022-12-27
C001884,Yatan Kara,Raebareli,Meghalaya,2023-12-24
C001885,Yashodhara Mital,Machilipatnam,Arunachal Pradesh,2024-03-21
C001886,Hredhaan Divan,Muzaffarnagar,Haryana,2025-08-12
C001887,Guneet Tiwari,Haridwar,Telangana,2025-01-24
C001888,Garima Mistry,Latur,Goa,2025-10-03
C001889,Dipta Bhandari,Machilipatnam,Uttarakhand,2025-05-04
C001890,Oeshi Solanki,Thoothukudi,Kerala,2022-09-02
C001891,Warinder Sur,Tenali,Odisha,2023-06-26
C001892,Qushi Keer,Latur,Punjab,2023-01-25
C001893,Nathaniel Narain,Gwalior,Bihar,2022-05-13
C001894,Abhiram Doctor,Kumbakonam,Assam,2022-12-15
C001895,Aarnav Sinha,Patna,Chhattisgarh,2024-02-22
C001896,Ishanvi Chahal,Dehradun,Jharkhand,2024-06-21
C001897,Balvan Butala,Srikakulam,Andhra Pradesh,2023-04-20
C001898,Mahika Swaminathan,Shimoga,Odisha,2024-02-22
C001899,Bhavani Devi,Surendranagar Dudhrej,Punjab,2023-11-16
C001900,Yutika Char,Medininagar,Haryana,2024-01-29
C001901,Maya Nigam,Bhalswa Jahangir Pur,Uttar Pradesh,2025-07-06
C001902,Yashodhara Mohan,Rewa,Maharashtra,2023-08-31
C001903,Eta Kade,Surendranagar Dudhrej,Chhattisgarh,2022-12-26
C001904,Fariq Bhargava,Siliguri,Bihar,2025-06-25
C001905,Manthan Borah,Thoothukudi,Tamil Nadu,2024-05-21
C001906,Vasatika Saran,Bhilai,Rajasthan,2026-05-12
C001907,Shaurya Solanki,Bharatpur,Goa,2024-12-27
C001908,Hemani Bhatti,Patna,Uttarakhand,2023-10-23
C001909,Rachit Tank,Sikar,Uttar Pradesh,2024-06-01
C001910,Kiaan Narain,Satna,Tripura,2026-06-26
C001911,Abhimanyu Gala,Vijayanagaram,Assam,2025-10-21
C001912,Manbir Basak,Mathura,Mizoram,2025-11-17
C001913,Samaksh Gole,Agra,Tripura,2021-09-28
C001914,Hemal Pradhan,Delhi,Bihar,2025-10-09
C001915,Siddharth Divan,Dibrugarh,Himachal Pradesh,2026-03-07
C001916,Ronith Saran,Malda,Telangana,2026-04-26
C001917,Tanmayi Basu,Thoothukudi,Andhra Pradesh,2025-02-16
C001918,Urvi Sahni,Narasaraopet,Odisha,2023-08-18
C001919,Udant Sengupta,Dewas,Rajasthan,2021-12-29
C001920,Aachal Rana,Kolkata,Mizoram,2023-08-13
C001921,Tristan Sengupta,Sikar,Andhra Pradesh,2025-04-27
C001922,Faqid Mahal,Pune,Mizoram,2024-04-08
C001923,Watika Kala,Bhiwandi,West Bengal,2023-08-30
C001924,Falguni Goel,Kanpur,Sikkim,2025-04-26
C001925,Falguni Korpal,Jaipur,Bihar,2022-10-08
C001926,Omkaar Master,Vijayanagaram,Goa,2025-04-16
C001927,Nihal Pathak,Tumkur,Jharkhand,2026-04-11
C001928,Faraj Dugal,Delhi,Haryana,2022-03-23
C001929,Praneel Comar,Naihati,Bihar,2025-12-02
C001930,Yasti Das,Srikakulam,Himachal Pradesh,2022-05-16
C001931,George Pandit,Munger,Uttar Pradesh,2023-04-11
C001932,Andrew Chadha,Ujjain,Chhattisgarh,2024-07-28
C001933,Rishi Srinivas,Ludhiana,Karnataka,2024-12-22
C001934,Hemang Vala,Rajpur Sonarpur,Goa,2023-04-13
C001935,Ekalinga Karan,Proddatur,Tripura,2025-07-23
C001936,Ekanta Pillay,Kalyan-Dombivli,Arunachal Pradesh,2025-07-08
C001937,Aarush Pant,Serampore,Rajasthan,2024-07-18
C001938,Abhimanyu Murty,Guwahati,Chhattisgarh,2022-06-25
C001939,Laban Solanki,Begusarai,Nagaland,2024-07-24
C001940,Bachittar Nadig,Bijapur,Nagaland,2025-04-14
C001941,Balvan Chhabra,Dewas,Sikkim,2022-10-30
C001942,Ladli Dua,Mau,West Bengal,2025-03-03
C001943,Januja Borde,Aizawl,Telangana,2024-03-19
C001944,Arin Bal,Khammam,Goa,2022-06-16
C001945,Harish Patil,Bareilly,Himachal Pradesh,2024-07-03
C001946,Jatin Goswami,Ballia,Uttar Pradesh,2022-05-02
C001947,Chandran Malhotra,Jamalpur,Tripura,2026-04-08
C001948,Chameli Mishra,Sambhal,Tripura,2022-01-04
C001949,Osha Chander,Agartala,Telangana,2022-02-08
C001950,Ekapad Chandra,Aligarh,Meghalaya,2022-01-10
C001951,Jalsa Ravi,Bilaspur,Goa,2026-06-09
C001952,Finn Natt,Udaipur,Rajasthan,2026-07-03
C001953,Anay Singhal,Cuttack,Goa,2025-12-31
C001954,Nikita Ahluwalia,Gangtok,Uttar Pradesh,2023-04-05
C001955,Wazir Bhargava,Rajpur Sonarpur,Punjab,2024-12-19
C001956,Brinda Padmanabhan,Machilipatnam,Odisha,2025-03-01
C001957,Amruta Krish,Bidar,Himachal Pradesh,2025-11-24
C001958,Ishwar Ravi,Nizamabad,Tamil Nadu,2022-10-03
C001959,Jagdish Kothari,Thane,Haryana,2023-10-16
C001960,Ekbal Rana,Bellary,Himachal Pradesh,2022-08-15
C001961,Shivansh Choudhry,Haridwar,Bihar,2024-07-26
C001962,Sanya Dhawan,Amravati,West Bengal,2024-10-19
C001963,Nirja Radhakrishnan,Raiganj,Sikkim,2023-05-19
C001964,Samuel Ramachandran,Maheshtala,West Bengal,2023-09-24
C001965,Vrinda Mahal,Dhanbad,Himachal Pradesh,2021-09-09
C001966,Ubika Dutt,Allahabad,Telangana,2025-07-26
C001967,Samar Sachdev,Tumkur,Chhattisgarh,2024-01-28
C001968,Peter Sandhu,Bhalswa Jahangir Pur,Uttar Pradesh,2026-03-03
C001969,Suhani Pall,Rajahmundry,Manipur,2023-05-17
C001970,Vansha Ramakrishnan,Nanded,Meghalaya,2023-07-17
C001971,Kiaan Badal,Shivpuri,Madhya Pradesh,2023-07-12
C001972,Imaran Loyal,Nagaon,Himachal Pradesh,2022-07-04
C001973,Zaitra Mukherjee,Jaipur,Assam,2026-06-28
C001974,Wyatt Mandal,Sambalpur,Tripura,2026-05-24
C001975,Watika Wadhwa,Jalgaon,Andhra Pradesh,2024-06-13
C001976,Harita Agarwal,Jammu,Goa,2022-08-02
C001977,Pavani Krishnamurthy,Dharmavaram,Gujarat,2025-01-30
C001978,Gopal Rai,Thiruvananthapuram,Haryana,2024-06-04
C001979,Gayathri Parikh,New Delhi,Nagaland,2024-07-01
C001980,Vedant Sankar,Solapur,Bihar,2026-06-21
C001981,Vihaan Roy,Kurnool,Manipur,2025-03-04
C001982,Harshil Sastry,Korba,Telangana,2023-06-28
C001983,Kamala Chatterjee,Bardhaman,Andhra Pradesh,2026-08-30
C001984,Jai Mand,Bhagalpur,Assam,2024-07-24
C001985,Jagat Chander,Khora ,Nagaland,2023-09-19
C001986,Vamakshi Malhotra,Chennai,Uttarakhand,2025-10-29
C001987,Nisha Narayanan,Hubli–Dharwad,Mizoram,2026-08-15
C001988,Arunima Acharya,Karnal,Kerala,2025-07-06
C001989,Avi Chatterjee,Panipat,Gujarat,2023-02-16
C001990,Vivaan Bath,Thiruvananthapuram,Uttarakhand,2023-06-11
C001991,Kevin Merchant,Ghaziabad,Sikkim,2025-06-27
C001992,Krish Balay,Kurnool,Kerala,2024-03-18
C001993,Mitesh Bhatnagar,Bhalswa Jahangir Pur,Madhya Pradesh,2021-09-23
C001994,Kavya Banerjee,Bidar,Bihar,2022-05-21
C001995,Siddharth Bora,Vijayanagaram,Bihar,2025-05-12
C001996,Ojas Lata,Bidhannagar,Goa,2026-03-13
C001997,Saumya Sandal,Phagwara,Uttarakhand,2025-06-13
C001998,Diya Lad,Jaipur,Gujarat,2025-02-11
C001999,Keya Wason,Mysore,West Bengal,2026-08-11
C002000,Jonathan Bhagat,Deoghar,West Bengal,2022-08-17
C002001,Megha Deshmukh,Kadapa,Goa,2026-04-01
C002002,Jonathan Khosla,Danapur,West Bengal,2026-04-16
C002003,Wyatt Yohannan,Sonipat,Mizoram,2026-03-28
C002004,Aashi Lal,Jamalpur,Chhattisgarh,2023-03-07
C002005,Prisha Swaminathan,Kolhapur,Uttar Pradesh,2023-07-17
C002006,Zarna Divan,Madurai,Maharashtra,2026-04-25
C002007,Ekanta Sharma,Bally,West Bengal,2024-07-15
C002008,Bachittar Apte,Nagpur,West Bengal,2021-12-03
C002009,Ekantika Gala,Gwalior,Tamil Nadu,2023-04-14
C002010,Guneet Sarna,Howrah,Uttar Pradesh,2021-11-19
C002011,Ira Munshi,Raipur,Uttar Pradesh,2025-12-13
C002012,Brinda Lal,Guwahati,Nagaland,2022-12-03
C002013,Bhavna Swaminathan,Saharanpur,Goa,2024-02-14
C002014,Dipta Raghavan,Thane,Mizoram,2025-05-12
C002015,Atharv Basu,Delhi,Sikkim,2023-11-20
C002016,Krishna Pai,Hubli–Dharwad,Kerala,2026-01-19
C002017,Mason Ravel,Phusro,Bihar,2023-09-02
C002018,Manthan Luthra,Pondicherry,Kerala,2022-01-30
C002019,Dayita Garde,Kalyan-Dombivli,Nagaland,2021-12-31
C002020,Chatresh Ray,New Delhi,Maharashtra,2026-05-31
C002021,Isha Badal,Cuttack,Assam,2022-03-07
C002022,Champak Das,Nizamabad,Uttarakhand,2026-02-28
C002023,Abdul Lal,Belgaum,Nagaland,2025-09-10
C002024,Yuvraj Varty,Burhanpur,Tamil Nadu,2023-04-06
C002025,Mugdha Loyal,Bhatpara,Sikkim,2022-03-22
C002026,Mugdha Merchant,Nagaon,Odisha,2024-04-12
C002027,Chameli Dutt,Latur,Maharashtra,2022-10-10
C002028,Raagini Kala,Tirupati,Tripura,2023-10-22
C002029,Turvi Baria,Jalna,Rajasthan,2024-12-24
C002030,Isha Prakash,Kalyan-Dombivli,Goa,2025-02-03
C002031,Jyoti Oak,Durg,Gujarat,2021-11-11
C002032,Upma Purohit,Bulandshahr,Uttar Pradesh,2024-01-17
C002033,Yochana Wali,Kamarhati,Telangana,2022-08-04
C002034,Wyatt Tella,Bally,Karnataka,2022-10-22
C002035,David Oak,Ramagundam,Sikkim,2022-02-25
C002036,William Jayaraman,Dhule,Tripura,2024-09-07
C002037,Aarini Murty,Tenali,Telangana,2023-07-21
C002038,Harsh Chana,Ghaziabad,Manipur,2026-02-20
C002039,Jatin Bava,New Delhi,Odisha,2022-06-11
C002040,Waida Kalita,Machilipatnam,Rajasthan,2024-05-30
C002041,Balveer Ray,Solapur,Assam,2025-12-16
C002042,Falak Ramachandran,Surendranagar Dudhrej,Mizoram,2025-02-16
C002043,Advaith Goyal,Indore,Uttar Pradesh,2021-11-30
C002044,Gaurika Sachdeva,Jamalpur,Chhattisgarh,2026-02-13
C002045,Yash Purohit,Chittoor,Rajasthan,2025-11-23
C002046,Bhanumati Dar,Delhi,Punjab,2023-06-25
C002047,Jhalak Pal,Howrah,Assam,2024-04-23
C002048,Jatin Vora,Moradabad,Nagaland,2024-02-24
C002049,Vihaan Ranganathan,Tiruvottiyur,Uttarakhand,2021-11-20
C002050,Nikita Hayer,Sangli-Miraj & Kupwad,Gujarat,2025-12-19
C002051,Ethan Khatri,Panipat,Karnataka,2024-07-15
C002052,Faraj Chanda,Vadodara,Tamil Nadu,2024-03-01
C002053,Zinal Wason,Kalyan-Dombivli,Uttarakhand,2024-10-13
C002054,Geetika Khanna,Tenali,Maharashtra,2025-05-14
C002055,Zilmil Char,Warangal,Maharashtra,2021-10-25
C002056,Reyansh Bhakta,Karimnagar,Madhya Pradesh,2025-01-18
C002057,Avi Raju,Sirsa,Assam,2024-05-22
C002058,Harish Gill,Rohtak,Karnataka,2024-09-09
C002059,Qushi Upadhyay,Junagadh,Odisha,2022-08-03
C002060,Vedhika Samra,Bhagalpur,Mizoram,2023-11-28
C002061,Banjeet D’Alia,Avadi,Nagaland,2021-09-15
C002062,Rishi Oommen,Patiala,Meghalaya,2026-05-06
C002063,Nikita Batra,Muzaffarpur,Rajasthan,2024-11-05
C002064,Chatresh Chaudry,Bidhannagar,Tamil Nadu,2021-10-26
C002065,Yashica Pillay,Ramagundam,Jharkhand,2026-07-19
C002066,Amol Sethi,Ballia,Uttar Pradesh,2023-01-27
C002067,Osha Prashad,Suryapet,Rajasthan,2025-07-18
C002068,Chakrika Dhillon,Adoni,Madhya Pradesh,2026-07-03
C002069,Manan Narayanan,Durg,Andhra Pradesh,2025-12-02
C002070,Robert Gill,Moradabad,Goa,2023-07-24
C002071,Lohit Sani,Phusro,Nagaland,2022-02-17
C002072,Arin Solanki,Sikar,Rajasthan,2022-08-31
C002073,Omisha Balasubramanian,Akola,Telangana,2023-07-02
C002074,Vedant Venkatesh,Anantapur,Sikkim,2024-09-28
C002075,Zinal Devi,Anantapuram,Uttarakhand,2021-09-09
C002076,Nikita Dalal,Buxar,Punjab,2025-05-10
C002077,Ayushman Din,Gudivada,Tripura,2024-09-18
C002078,Radha Lata,Jamalpur,Madhya Pradesh,2026-07-15
C002079,Hemangini Ray,Thrissur,Andhra Pradesh,2026-06-11
C002080,Pooja Chaudhari,Jhansi,Uttar Pradesh,2026-02-28
C002081,Gayathri Dara,Nellore,Tripura,2023-12-08
C002082,Manthan Khosla,Danapur,Himachal Pradesh,2022-01-04
C002083,Nitesh Sridhar,Mumbai,Andhra Pradesh,2026-01-13
C002084,Mahika Ramachandran,Pimpri-Chinchwad,Bihar,2024-12-15
C002085,Falan Bumb,Pudukkottai,Karnataka,2021-11-18
C002086,Dominic Prashad,Pudukkottai,Rajasthan,2024-01-15
C002087,Chaaya Bora,Meerut,Manipur,2025-02-17
C002088,Rohan Savant,Asansol,Arunachal Pradesh,2024-10-18
C002089,Ati Madan,Shimla,Manipur,2025-06-06
C002090,Mahika Gaba,Sultan Pur Majra,Chhattisgarh,2025-02-03
C002091,Kalpit Devan,Surat,Nagaland,2022-06-13
C002092,Urvi Rajagopalan,Nanded,Odisha,2022-03-26
C002093,Arin Ranganathan,Jabalpur,Gujarat,2023-05-09
C002094,Sudiksha Kata,Mira-Bhayandar,Karnataka,2024-09-15
C002095,Samaksh Pai,Moradabad,Manipur,2026-04-19
C002096,Ucchal Anne,Dehradun,Sikkim,2022-07-12
C002097,Nihal Acharya,Gorakhpur,Haryana,2025-04-02
C002098,Yochana Nadkarni,Bhind,Meghalaya,2026-04-23
C002099,Krisha Dara,Bellary,Manipur,2022-04-18
C002100,Damyanti Lalla,Gulbarga,West Bengal,2026-08-03
C002101,Champak Dhaliwal,Durg,Mizoram,2022-01-11
C002102,Raagini Majumdar,Meerut,Haryana,2025-07-04
C002103,Zashil Chaudry,Nandyal,Nagaland,2022-08-02
C002104,Ubika Tata,Gaya,Assam,2021-10-13
C002105,George Swamy,Kota,Rajasthan,2023-04-23
C002106,Zilmil Saini,Chapra,Nagaland,2024-07-22
C002107,Raksha Kaur,Ahmednagar,West Bengal,2026-04-02
C002108,Ishwar Varma,Tinsukia,Sikkim,2024-05-16
C002109,Ayush Nigam,Chapra,Tripura,2025-06-27
C002110,Waida Sangha,Kochi,Manipur,2025-09-25
C002111,Neha Taneja,Machilipatnam,Mizoram,2022-11-29
C002112,Janya Agate,Panvel,Chhattisgarh,2022-05-20
C002113,Pranit Kapur,Khammam,Sikkim,2023-01-07
C002114,Maya Pau,Thanjavur,Nagaland,2025-06-20
C002115,Alka Ravel,Srinagar,Mizoram,2023-02-23
C002116,Liam Narang,Sirsa,Tripura,2021-12-31
C002117,Wahab Sani,Bongaigaon,West Bengal,2021-10-20
C002118,Jonathan Barad,Visakhapatnam,Punjab,2023-08-14
C002119,Zashil Tripathi,Bikaner,Jharkhand,2024-07-15
C002120,Frado Mander,Bidhannagar,Rajasthan,2026-04-22
C002121,Balendra Sastry,Raurkela Industrial Township,Goa,2023-08-31
C002122,Sara Ramakrishnan,Thiruvananthapuram,Nagaland,2023-04-03
C002123,Siya Maharaj,Solapur,Punjab,2022-03-16
C002124,Warda Wali,Yamunanagar,Nagaland,2022-12-09
C002125,Yashasvi Tank,Bikaner,Karnataka,2026-01-20
C002126,Wakeeta Barad,Loni,Andhra Pradesh,2025-01-20
C002127,Wazir Pillay,Agartala,Andhra Pradesh,2024-09-23
C002128,Lakshmi Narula,Jehanabad,Arunachal Pradesh,2021-12-04
C002129,Oliver Mammen,Tiruvottiyur,West Bengal,2024-11-06
C002130,Zayan Gopal,Jaunpur,Odisha,2025-01-06
C002131,Logan Pandit,Gaya,Rajasthan,2023-10-06
C002132,Amruta Raman,Jammu,Nagaland,2026-07-14
C002133,Harini Ravel,Bhilwara,Assam,2024-06-14
C002134,Geetika Subramanian,Tiruvottiyur,Madhya Pradesh,2023-02-02
C002135,Netra Kant,Tiruvottiyur,Mizoram,2024-10-23
C002136,Udant Thaman,Karaikudi,Tamil Nadu,2024-12-28
C002137,Jasmit Bal,Kadapa,Himachal Pradesh,2024-12-13
C002138,Amol Nagi,Tumkur,Uttarakhand,2023-11-22
C002139,Abhimanyu Hari,Jamshedpur,Sikkim,2026-01-08
C002140,Isaiah Srivastava,Dehradun,Arunachal Pradesh,2023-05-11
C002141,Warinder Luthra,Chandigarh,Uttarakhand,2024-10-05
C002142,Meera Mohanty,Anantapur,Jharkhand,2025-07-10
C002143,Eta Narang,Aligarh,Gujarat,2023-02-21
C002144,Tanish Saini,Loni,Bihar,2023-09-09
C002145,Sara Nadig,Pune,Punjab,2023-12-04
C002146,Ikbal Mander,Vadodara,Tripura,2024-09-03
C002147,Tanmayi Rajagopal,Gudivada,Mizoram,2025-09-08
C002148,Karan Sridhar,Darbhanga,Kerala,2022-10-08
C002149,Yoshita Vyas,Rewa,Goa,2022-10-30
C002150,Priya Saha,Anantapur,West Bengal,2026-08-18
C002151,Shivani Yohannan,Parbhani,Jharkhand,2023-02-02
C002152,Waida Nazareth,Parbhani,Nagaland,2024-07-20
C002153,Januja Nadig,Mangalore,Mizoram,2022-10-05
C002154,Jagat Butala,Thoothukudi,Andhra Pradesh,2022-10-27
C002155,Balveer Basak,Aizawl,Kerala,2023-08-14
C002156,Elijah Khalsa,Bhiwandi,Uttar Pradesh,2024-06-08
C002157,Ekapad Joshi,North Dumdum,Karnataka,2025-10-01
C002158,Samar Sandal,Salem,Jharkhand,2024-03-30
C002159,Zinal Vohra,Kharagpur,Odisha,2025-11-02
C002160,Xalak Kapadia,Sultan Pur Majra,Rajasthan,2025-06-01
C002161,Odika Doctor,Bikaner,Kerala,2026-01-18
C002162,Jyoti Mani,Coimbatore,Mizoram,2023-07-10
C002163,Hitesh Deol,Rajkot,Chhattisgarh,2023-05-14
C002164,Abhimanyu Mody,Allahabad,Madhya Pradesh,2021-09-25
C002165,Zinal Konda,Firozabad,Meghalaya,2023-01-10
C002166,Ubika Pai,Katihar,Goa,2025-09-04
C002167,Zilmil Chahal,Belgaum,Uttar Pradesh,2023-03-15
C002168,Varsha Shetty,Bhilwara,Telangana,2024-10-02
C002169,Veda Deshmukh,Bhatpara,West Bengal,2026-07-10
C002170,Eshana Dhar,Sasaram,Uttarakhand,2025-07-10
C002171,Wridesh Chaudry,Meerut,Nagaland,2023-03-18
C002172,Jai Singh,Rajkot,Manipur,2023-06-30
C002173,Saanvi Kalla,Bhopal,Karnataka,2023-03-18
C002174,Mohammed Kala,Tirunelveli,Bihar,2025-04-18
C002175,Faqid Mitter,Begusarai,Nagaland,2022-11-20
C002176,Ojas Nair,Sambalpur,Uttar Pradesh,2026-07-30
C002177,Ekaja Morar,Erode,Bihar,2025-10-28
C002178,Waida Kanda,Singrauli,Jharkhand,2023-10-07
C002179,Gaurangi Lal,Gangtok,Uttar Pradesh,2025-11-25
C002180,Pranit Sekhon,Delhi,Goa,2026-07-10
C002181,Ria Boase,Pimpri-Chinchwad,Karnataka,2023-10-05
C002182,Widisha Chowdhury,Pallavaram,Tamil Nadu,2024-06-11
C002183,Zilmil Kibe,Jalgaon,Andhra Pradesh,2022-07-03
C002184,Janya Ranganathan,Motihari,Gujarat,2023-02-20
C002185,Chaitanya Lanka,Medininagar,Uttar Pradesh,2025-08-16
C002186,Ikshita Kade,Kottayam,Kerala,2023-03-27
C002187,Meera Bhat,Panihati,Andhra Pradesh,2024-01-12
C002188,Warinder Rama,Chapra,West Bengal,2026-07-18
C002189,Imaran Sharma,Sri Ganganagar,Uttarakhand,2023-01-19
C002190,Girik Bajaj,Gangtok,Goa,2026-08-28
C002191,Arjun Chanda,Davanagere,Meghalaya,2024-01-09
C002192,Dakshesh Hegde,Gangtok,Maharashtra,2025-08-30
C002193,Shivansh Tata,Narasaraopet,Bihar,2022-11-25
C002194,Chanakya Dora,Bhiwandi,Gujarat,2023-01-02
C002195,Triveni Rout,Kolhapur,Arunachal Pradesh,2022-08-23
C002196,Jack Chowdhury,Sambhal,Bihar,2022-10-07
C002197,Benjamin Dara,Amroha,Chhattisgarh,2024-07-31
C002198,Yuvraj Hora,Vadodara,Jharkhand,2026-07-12
C002199,Raagini Rai,Dhule,Nagaland,2021-10-11
C002200,Tamanna Mitra,Jalgaon,Tripura,2024-01-24
C002201,Harish Chana,Lucknow,Uttar Pradesh,2026-05-31
C002202,Logan Nazareth,Gangtok,Sikkim,2024-06-10
C002203,Mason Mangat,Warangal,Andhra Pradesh,2023-04-24
C002204,Inaya Rai,Mumbai,Uttar Pradesh,2023-06-28
C002205,Kabir Taneja,Jalandhar,Haryana,2025-07-10
C002206,Lucky Majumdar,Khandwa,Kerala,2026-05-04
C002207,Jeevika Ram,Bikaner,Gujarat,2021-11-23
C002208,Falan Dugal,Ajmer,Meghalaya,2022-02-14
C002209,Jatin Pathak,Nangloi Jat,Haryana,2026-05-29
C002210,Arunima Bhasin,Khora ,Punjab,2022-03-10
C002211,Frederick Sankar,Gudivada,Andhra Pradesh,2025-03-04
C002212,Kalpit Date,Bettiah,Rajasthan,2022-07-29
C002213,Ekaja Lal,Chennai,Haryana,2024-02-03
C002214,Zaid Bhargava,Pune,Punjab,2024-10-02
C002215,Watika Seth,Bhusawal,Uttar Pradesh,2024-04-14
C002216,Kamala Savant,Serampore,Jharkhand,2025-04-12
C002217,Yatin Krishnamurthy,Aligarh,Chhattisgarh,2023-10-20
C002218,Radha Agate,Varanasi,Nagaland,2022-03-03
C002219,Yoshita Das,Dhule,Andhra Pradesh,2025-03-04
C002220,Harish Sengupta,Bally,Tripura,2022-06-06
C002221,Neel Sampath,Tinsukia,Andhra Pradesh,2026-01-22
C002222,Jeevika Sem,Siliguri,Odisha,2021-12-03
C002223,Hema Bhat,Guwahati,Gujarat,2025-12-27
C002224,Nilima Sethi,Shahjahanpur,Arunachal Pradesh,2025-08-05
C002225,Gaurangi Buch,Tumkur,Kerala,2026-03-06
C002226,Vyanjana Mital,Rewa,Goa,2022-08-20
C002227,Aryan Badal,South Dumdum,Kerala,2026-03-09
C002228,Sanya Sandhu,Kavali,Himachal Pradesh,2025-11-19
C002229,Samarth Dara,Thoothukudi,Gujarat,2023-05-15
C002230,Naksh Sarraf,Junagadh,Madhya Pradesh,2025-05-19
C002231,Farhan Pandit,Loni,Haryana,2022-11-03
C002232,Anirudh Balay,Shimoga,Madhya Pradesh,2025-03-11
C002233,Harish Mukhopadhyay,Giridih,Andhra Pradesh,2022-03-29
C002234,Chandresh Sekhon,Bhind,Bihar,2023-10-23
C002235,Anmol Lala,Tinsukia,Tripura,2026-05-12
C002236,Anamika Aggarwal,Kulti,Sikkim,2022-03-23
C002237,Orinder Basak,Phagwara,Punjab,2025-12-07
C002238,Chameli Taneja,Medininagar,Mizoram,2025-11-09
C002239,Dhruv Issac,Gudivada,Manipur,2022-09-08
C002240,Lavanya Master,Bulandshahr,Madhya Pradesh,2022-07-06
C002241,Tarak Sundaram,Dhanbad,Meghalaya,2025-09-29
C002242,Yuvraj Kaul,North Dumdum,Maharashtra,2023-03-22
C002243,Yutika Mann,Phagwara,Manipur,2021-10-15
C002244,Aishani Gandhi,Kolhapur,Andhra Pradesh,2023-06-27
C002245,Charan Varma,Panvel,West Bengal,2023-02-14
C002246,Gaurav Roy,Kozhikode,Sikkim,2021-11-24
C002247,Girish Chacko,Uluberia,Sikkim,2026-07-11
C002248,Manan Choudhury,Raiganj,Andhra Pradesh,2026-03-27
C002249,Yashoda Balasubramanian,Bongaigaon,Madhya Pradesh,2023-11-16
C002250,Lakshit Dyal,Bidhannagar,Kerala,2026-02-07
C002251,Ria Tripathi,Bahraich,Andhra Pradesh,2026-04-01
C002252,David Bal,Panvel,Arunachal Pradesh,2025-03-24
C002253,Ekaja Solanki,Bokaro,Uttarakhand,2023-04-09
C002254,Frederick Mistry,Mysore,Tripura,2022-05-19
C002255,Yasti Tata,Dehradun,Punjab,2025-04-07
C002256,Ubika Ramanathan,Dhanbad,Himachal Pradesh,2022-01-12
C002257,Veer Dalal,Hubli–Dharwad,Uttar Pradesh,2026-08-10
C002258,Isaiah Pant,Varanasi,Meghalaya,2026-05-11
C002259,Peter Sura,Begusarai,Nagaland,2023-07-28
C002260,Krishna Pandya,Jaunpur,Odisha,2025-01-19
C002261,Brinda Bath,Ichalkaranji,Uttarakhand,2024-11-12
C002262,Yuvraj Lanka,Indore,Himachal Pradesh,2025-07-08
C002263,Max Bhattacharyya,Hyderabad,Chhattisgarh,2026-06-08
C002264,Harsh Raju,Kozhikode,Kerala,2026-08-06
C002265,Niharika Maharaj,Mumbai,Mizoram,2026-07-18
C002266,Amaira Warrior,Katihar,Tamil Nadu,2025-12-07
C002267,Benjamin Sarin,Rampur,Madhya Pradesh,2025-09-28
C002268,Sai Bir,Lucknow,Punjab,2022-03-16
C002269,Charita Borah,Gorakhpur,Odisha,2023-10-11
C002270,Nihal Jayaraman,Moradabad,Haryana,2023-06-24
C002271,Nikita Acharya,Gaya,Haryana,2022-01-14
C002272,Ekani Vaidya,Rewa,Karnataka,2021-11-07
C002273,Jagvi Mallick,Shimla,Chhattisgarh,2023-11-23
C002274,Gunbir Sanghvi,Patna,West Bengal,2023-04-23
C002275,Anusha Bala,Rewa,West Bengal,2022-03-15
C002276,Veda Bhattacharyya,Rampur,Punjab,2026-03-30
C002277,Aarnav Rattan,Suryapet,Chhattisgarh,2022-06-28
C002278,Fariq Savant,Haridwar,Mizoram,2022-07-21
C002279,Eta Goyal,Gandhinagar,Himachal Pradesh,2026-04-23
C002280,Yuvraj Randhawa,Bijapur,Mizoram,2024-11-27
C002281,Gautam Narang,Giridih,Himachal Pradesh,2024-05-01
C002282,Indrajit Dash,Khora ,Sikkim,2023-03-15
C002283,Vanya Patel,Eluru,Tamil Nadu,2022-01-16
C002284,Ishaan Bobal,Vijayawada,Maharashtra,2022-03-11
C002285,Megha Johal,Satara,Haryana,2025-02-27
C002286,Harish Varma,Khammam,Kerala,2022-02-20
C002287,Vedika Amble,Nagpur,Punjab,2026-07-14
C002288,Laban Misra,Mangalore,Arunachal Pradesh,2024-02-28
C002289,Keya Mahal,Chinsurah,Meghalaya,2025-02-26
C002290,Eta Sarin,Nanded,Andhra Pradesh,2024-04-22
C002291,Pallavi Patla,Mango,Karnataka,2026-03-28
C002292,Shravya Morar,Korba,Gujarat,2025-12-21
C002293,Pavani De,Uluberia,Himachal Pradesh,2025-02-07
C002294,Kalpit Gour,Naihati,Tamil Nadu,2024-02-15
C002295,Ikbal Ranganathan,Mahbubnagar,Punjab,2024-08-13
C002296,Chatresh Andra,Nanded,West Bengal,2023-04-03
C002297,Parth Doshi,Bokaro,Tripura,2025-07-05
C002298,Vanya Som,Rewa,Chhattisgarh,2024-05-08
C002299,Madhavi Bala,Vijayawada,Goa,2024-01-20
C002300,George Pradhan,Deoghar,Uttar Pradesh,2026-01-23
C002301,Darpan Ahuja,Moradabad,Meghalaya,2026-01-20
C002302,Vasana Talwar,Thiruvananthapuram,West Bengal,2022-05-03
C002303,Ishita Sawhney,Darbhanga,Manipur,2022-10-24
C002304,Adya Gala,Aurangabad,Chhattisgarh,2022-08-10
C002305,Chatresh Jani,Berhampur,Telangana,2025-09-26
C002306,Vedant Sani,Giridih,Telangana,2024-12-11
C002307,Triya Palla,Arrah,Himachal Pradesh,2026-01-14
C002308,Dayita Datta,Proddatur,Tamil Nadu,2023-08-23
C002309,Zehaan Pathak,Nashik,Arunachal Pradesh,2025-04-25
C002310,Dalaja Pillai,Bhind,Karnataka,2022-11-26
C002311,Faraj Choudhury,Jammu,Chhattisgarh,2025-06-21
C002312,Vyanjana Chad,Bahraich,Tripura,2025-01-18
C002313,Xavier Memon,Unnao,Goa,2021-12-04
C002314,Ladli Gara,Fatehpur,Kerala,2021-10-09
C002315,Ekalinga Ram,Kalyan-Dombivli,Himachal Pradesh,2024-06-18
C002316,Bachittar Raju,Anantapur,Telangana,2026-04-21
C002317,Amara Karnik,Berhampur,Jharkhand,2021-10-06
C002318,Hemang Varma,Tenali,Manipur,2025-09-12
C002319,Yoshita Bhavsar,Hapur,Goa,2024-01-14
C002320,Aachal Parsa,Firozabad,Maharashtra,2022-02-13
C002321,Janaki Bhatti,Madanapalle,Punjab,2023-07-07
C002322,Hredhaan Aurora,New Delhi,Rajasthan,2022-09-18
C002323,Tanmayi Thakkar,Siwan,Telangana,2024-12-12
C002324,Yoshita Dubey,Farrukhabad,Karnataka,2025-10-04
C002325,Varenya Cheema,Hospet,Sikkim,2022-11-01
C002326,Krisha Kaul,Hubli–Dharwad,West Bengal,2026-04-06
C002327,Zayyan Gill,Mira-Bhayandar,Gujarat,2026-05-26
C002328,Shivani Gaba,Patiala,Odisha,2022-07-17
C002329,Isaiah Tata,Katni,Uttarakhand,2023-01-01
C002330,Orinder Varughese,Gangtok,Nagaland,2023-06-20
C002331,Madhav Dara,Bhiwandi,Andhra Pradesh,2023-03-29
C002332,Parth Agate,Rajkot,Tamil Nadu,2026-02-07
C002333,Triya Saraf,Raipur,Arunachal Pradesh,2021-12-01
C002334,Libni Dara,Motihari,Assam,2024-03-05
C002335,Kashish Rajagopal,Tumkur,Arunachal Pradesh,2023-08-31
C002336,Eiravati Kohli,Giridih,Mizoram,2022-01-25
C002337,Anya Sama,Jammu,Karnataka,2024-04-18
C002338,Diya Chaudhari,Delhi,Gujarat,2021-10-22
C002339,Netra Gopal,Uluberia,Uttarakhand,2024-01-14
C002340,Ladli Sarma,Bathinda,Andhra Pradesh,2022-01-21
C002341,Rachita Ramakrishnan,Agartala,Assam,2022-04-17
C002342,Maya Prabhakar,Chandigarh,Tamil Nadu,2022-06-07
C002343,Baghyawati Agarwal,Hosur,Karnataka,2022-07-09
C002344,Amruta Singh,Nagaon,Punjab,2021-10-16
C002345,Robert Sani,Motihari,Gujarat,2024-03-02
C002346,Krishna Warrior,Kozhikode,Madhya Pradesh,2025-07-27
C002347,Vivaan Zacharia,Proddatur,Nagaland,2026-02-01
C002348,Urmi Wadhwa,Srikakulam,Assam,2024-10-05
C002349,Kamala Sanghvi,Mirzapur,Manipur,2022-04-28
C002350,Krishna Bajaj,Cuttack,Andhra Pradesh,2022-05-28
C002351,Raagini Parmer,Nagaon,Odisha,2026-06-02
C002352,Lajita Aurora,Vijayawada,Nagaland,2021-09-18
C002353,Liam Bora,Karimnagar,Karnataka,2026-01-03
C002354,Jacob Sharma,Sirsa,Jharkhand,2022-06-07
C002355,Vinaya Minhas,Madanapalle,Goa,2022-04-19
C002356,Maanav Mand,Narasaraopet,Tamil Nadu,2025-02-02
C002357,Rajata Lata,Ujjain,Chhattisgarh,2025-09-22
C002358,Yauvani Borde,Meerut,Uttar Pradesh,2023-11-30
C002359,Amaira Deo,Begusarai,Kerala,2024-02-29
C002360,Vedika Bath,Raebareli,Tripura,2025-12-19
C002361,Aarnav Dhaliwal,Ambarnath,Meghalaya,2021-08-31
C002362,Chandran Bhatnagar,Muzaffarnagar,Tamil Nadu,2024-07-29
C002363,Anvi Bera,Tirunelveli,Gujarat,2022-10-27
C002364,Upma Goel,Karaikudi,Punjab,2024-06-15
C002365,Abdul Bhardwaj,Shivpuri,Mizoram,2026-01-22
C002366,Naveen Lala,New Delhi,Assam,2022-10-28
C002367,Elijah Ramachandran,Chennai,Meghalaya,2022-03-23
C002368,Indali Bhargava,Bhiwandi,Odisha,2024-10-29
C002369,Pranav Sheth,Chandigarh,Karnataka,2023-03-31
C002370,Faris Bassi,Ambattur,Uttarakhand,2025-05-30
C002371,Laban Iyengar,Patna,Manipur,2022-04-08
C002372,Dipta Aurora,Karawal Nagar,Himachal Pradesh,2022-05-27
C002373,Falak Memon,Ajmer,Uttar Pradesh,2026-06-29
C002374,Odika Kala,Hapur,Chhattisgarh,2023-11-07
C002375,Urmi D’Alia,Hubli–Dharwad,Punjab,2026-01-16
C002376,Urvi Jain,Siwan,Assam,2023-06-24
C002377,Balendra Kuruvilla,Ranchi,Chhattisgarh,2024-08-27
C002378,Tristan Goswami,Bhind,Jharkhand,2023-06-24
C002379,Raksha Kunda,Naihati,West Bengal,2022-12-14
C002380,Darpan Ravi,Bongaigaon,Maharashtra,2021-12-29
C002381,Sara Hari,Chandrapur,Jharkhand,2026-04-10
C002382,Chavvi Goel,Ambattur,Madhya Pradesh,2024-03-13
C002383,Lakshit Zachariah,Bathinda,Karnataka,2022-02-11
C002384,Sachi Malhotra,Singrauli,Kerala,2025-06-25
C002385,Indira Buch,Sikar,Goa,2023-06-01
C002386,Aditya Bandi,Anantapur,Bihar,2022-01-10
C002387,Dayamai Bala,Muzaffarpur,Bihar,2022-05-16
C002388,Turvi Tripathi,Bareilly,Punjab,2021-10-29
C002389,Falguni Merchant,Pali,Arunachal Pradesh,2023-03-04
C002390,Arjun Ravi,Muzaffarpur,Karnataka,2023-12-11
C002391,Peter Acharya,Bhavnagar,Goa,2025-05-22
C002392,Ishanvi Bhargava,Sangli-Miraj & Kupwad,West Bengal,2025-03-20
C002393,Farhan Nagarajan,Naihati,Gujarat,2023-03-22
C002394,Aashi Sarraf,Patna,Manipur,2024-01-25
C002395,Waida Chaudhry,Jhansi,West Bengal,2022-10-06
C002396,Chandran Pandya,Bhopal,Haryana,2022-03-23
C002397,Aditya Ramaswamy,Thrissur,Jharkhand,2021-10-07
C002398,Jagat Aggarwal,Karnal,Chhattisgarh,2021-12-06
C002399,Priya Bath,Rajkot,Assam,2026-04-13
C002400,Girindra Kant,Tadepalligudem,Punjab,2023-02-23
C002401,Hiral Kohli,Tezpur,Karnataka,2022-11-29
C002402,Janaki Rama,Visakhapatnam,Arunachal Pradesh,2025-02-17
C002403,Agastya Bahl,Aurangabad,Maharashtra,2026-04-28
C002404,Ethan Ram,Morena,Himachal Pradesh,2022-01-14
C002405,Varenya Tella,Cuttack,Tamil Nadu,2023-07-08
C002406,Bhavya Mohanty,Kamarhati,Andhra Pradesh,2021-09-08
C002407,Vritti Shanker,Sangli-Miraj & Kupwad,Karnataka,2024-06-15
C002408,Tejas Dyal,Hyderabad,Assam,2025-11-10
C002409,Ladli Munshi,Bikaner,Madhya Pradesh,2023-03-24
C002410,Hitesh Sharaf,Udaipur,Odisha,2022-03-08
C002411,Mason Kanda,Aizawl,Karnataka,2022-06-22
C002412,Alexander Balay,Bidar,Uttarakhand,2022-01-22
C002413,Yash Ahluwalia,Sasaram,Himachal Pradesh,2023-09-24
C002414,Max Dada,Yamunanagar,Madhya Pradesh,2025-06-10
C002415,Laban Ahuja,Thanjavur,Manipur,2024-07-03
C002416,Ekiya Grewal,Tirunelveli,Odisha,2025-04-07
C002417,Oliver Rana,Ahmednagar,Uttarakhand,2023-09-16
C002418,Praneel Anand,Berhampore,Kerala,2024-09-02
C002419,Faras Kumer,Madhyamgram,Andhra Pradesh,2022-09-26
C002420,Sai Contractor,Hapur,Uttarakhand,2023-01-16
C002421,Abeer Golla,Chinsurah,Tamil Nadu,2023-02-04
C002422,Onveer Bir,Loni,Uttar Pradesh,2022-09-21
C002423,Aayush Pau,Raebareli,Bihar,2022-08-14
C002424,Siddharth Wason,Thoothukudi,Nagaland,2026-05-07
C002425,Dhriti Sheth,Rourkela,Tamil Nadu,2022-06-19
C002426,Zansi Basu,Sonipat,Haryana,2025-09-26
C002427,Ekalinga Prashad,Danapur,Odisha,2025-09-29
C002428,Yashodhara Majumdar,Bijapur,West Bengal,2022-02-12
C002429,Yoshita Devi,Morena,Goa,2021-09-03
C002430,Peter Kala,Jorhat,Chhattisgarh,2023-08-11
C002431,Nachiket Bhargava,Hubli–Dharwad,Himachal Pradesh,2024-01-14
C002432,Arya Kakar,Loni,Telangana,2022-08-06
C002433,Oviya Parsa,Hyderabad,Sikkim,2022-09-28
C002434,Joshua Banik,Dhanbad,Himachal Pradesh,2022-12-07
C002435,Karan De,Mehsana,Kerala,2022-09-30
C002436,Yagnesh Pradhan,Kalyan-Dombivli,Tripura,2022-10-10
C002437,Omisha Nayak,Vellore,Himachal Pradesh,2025-01-11
C002438,Aarnav Bhandari,Hindupur,Haryana,2025-05-28
C002439,Tripti Parekh,Bhimavaram,Bihar,2026-03-27
C002440,Kevin Bobal,Nanded,Punjab,2022-06-05
C002441,Ethan Singh,Burhanpur,West Bengal,2022-01-04
C002442,Tejas Dar,Firozabad,Haryana,2026-04-08
C002443,Ekalinga Ram,Ujjain,Chhattisgarh,2026-06-29
C002444,Samaksh Dani,Morbi,Andhra Pradesh,2025-12-04
C002445,Jeevika Ravi,Erode,Uttarakhand,2025-01-03
C002446,Banjeet Rajagopal,Singrauli,Chhattisgarh,2022-05-19
C002447,Janaki Pathak,Avadi,Odisha,2024-02-08
C002448,Charita Bansal,Chinsurah,Madhya Pradesh,2023-05-03
C002449,Ranbir Kar,Hapur,Andhra Pradesh,2024-03-27
C002450,Oliver Setty,Bikaner,West Bengal,2023-02-06
C002451,Krish Saraf,Hubli–Dharwad,Jharkhand,2022-11-30
C002452,Tarak Roy,Tiruvottiyur,Rajasthan,2026-05-20
C002453,Amaira Dora,Kottayam,West Bengal,2026-01-11
C002454,Waida Chaudhari,Siliguri,Rajasthan,2023-09-15
C002455,Frado Rai,Muzaffarnagar,Gujarat,2026-06-04
C002456,Wriddhish Desai,Jaunpur,Goa,2024-10-09
C002457,Janya Wali,Kamarhati,Haryana,2023-11-19
C002458,Bakhshi Khosla,Vijayawada,Tamil Nadu,2024-10-10
C002459,Nidra Bala,Shimoga,Kerala,2025-08-20
C002460,Amruta Tata,Malda,Madhya Pradesh,2026-08-28
C002461,Gautami Iyengar,Mathura,Maharashtra,2024-10-25
C002462,Anika Ramaswamy,Hindupur,Tripura,2025-12-10
C002463,Devansh Sankar,Parbhani,Chhattisgarh,2022-05-03
C002464,Hemal Mangal,Lucknow,Nagaland,2021-09-24
C002465,Damini Trivedi,Mau,Goa,2025-01-21
C002466,Ekantika Prabhu,Sikar,Jharkhand,2025-06-18
C002467,Isaiah Khatri,Malda,West Bengal,2024-01-06
C002468,Wriddhish Pillai,Shimoga,Goa,2024-12-08
C002469,Bhavika Ben,Tinsukia,Odisha,2023-04-30
C002470,Nakul Sagar,Barasat,Tripura,2024-05-11
C002471,Tanay Bhalla,Tezpur,Maharashtra,2023-07-15
C002472,Upkaar Chawla,Ludhiana,Nagaland,2022-09-13
C002473,Ishani Ganesh,Jamshedpur,Assam,2024-10-18
C002474,George Mand,Sangli-Miraj & Kupwad,Gujarat,2024-10-01
C002475,Patrick Sant,Rampur,Himachal Pradesh,2025-11-25
C002476,Isaiah Tank,Ujjain,West Bengal,2021-11-17
C002477,Harita Divan,Raiganj,Manipur,2025-07-08
C002478,Qushi Ratta,Vellore,Gujarat,2023-04-28
C002479,Aarush Choudhury,Ghaziabad,Rajasthan,2022-01-22
C002480,Michael Sarna,Nagpur,Kerala,2024-06-07
C002481,Balhaar Bakshi,Karawal Nagar,West Bengal,2023-03-07
C002482,Dominic More,Imphal,Manipur,2023-04-28
C002483,Pavani Bala,Ambattur,Odisha,2022-09-18
C002484,Mitali Wadhwa,Shimla,Goa,2021-12-17
C002485,Jairaj Hora,Sri Ganganagar,Kerala,2022-12-23
C002486,Patrick Bala,Ramgarh,Telangana,2025-10-14
C002487,Hemangini Datta,Tadepalligudem,Kerala,2023-06-24
C002488,Manbir Gara,Mango,Haryana,2023-04-13
C002489,Aarav Mani,Bhalswa Jahangir Pur,Tamil Nadu,2023-07-21
C002490,Umang Dayal,Bhusawal,Maharashtra,2022-05-28
C002491,Bakhshi Singh,Mysore,Arunachal Pradesh,2026-05-09
C002492,Chakradev Vaidya,Pali,Punjab,2025-11-24
C002493,Yashasvi Dutt,Eluru,Arunachal Pradesh,2022-07-03
C002494,Vyanjana Dash,Tenali,Bihar,2024-09-04
C002495,Qadim Chakraborty,Raebareli,Tamil Nadu,2023-11-23
C002496,Neha Sridhar,Anantapur,Manipur,2023-11-25
C002497,Maanav Kadakia,Jamnagar,Chhattisgarh,2023-01-14
C002498,Hitesh Master,Jamnagar,Kerala,2026-06-06
C002499,Qarin Gokhale,Machilipatnam,Arunachal Pradesh,2024-11-14
C002500,Geetika Kakar,Dhanbad,Madhya Pradesh,2023-09-22
C002501,Yash Bhavsar,Katihar,Arunachal Pradesh,2023-12-22
C002502,Vyanjana Majumdar,Noida,Andhra Pradesh,2025-10-17
C002503,Veer Mody,Kishanganj,Karnataka,2022-12-05
C002504,Ekbal Kannan,Akola,Madhya Pradesh,2022-02-25
C002505,Mohini Karnik,Ambarnath,Madhya Pradesh,2022-03-15
C002506,Aradhana Soni,Mirzapur,Karnataka,2023-10-21
C002507,Owen Bhavsar,Chandigarh,Maharashtra,2023-12-10
C002508,Faras Oommen,Haldia,Himachal Pradesh,2021-10-22
C002509,Keya Kakar,Hospet,Nagaland,2025-11-21
C002510,Qasim Bhasin,Mumbai,Uttar Pradesh,2022-10-30
C002511,Zehaan Ganguly,Kozhikode,Sikkim,2021-10-16
C002512,Watika Char,Hubli–Dharwad,Chhattisgarh,2024-04-12
C002513,Saksham Kohli,Udupi,Madhya Pradesh,2025-08-07
C002514,Nidra Bansal,Thrissur,Assam,2023-01-25
C002515,Vritti Sule,Vijayawada,Uttar Pradesh,2023-03-29
C002516,Raksha Ramachandran,Jaunpur,Karnataka,2026-07-27
C002517,Osha Pandey,Dhule,Rajasthan,2026-07-12
C002518,Samaksh D’Alia,Eluru,Karnataka,2024-04-16
C002519,Azaan Vala,South Dumdum,Haryana,2022-09-22
C002520,Chakradev Dutt,Dharmavaram,Assam,2024-08-28
C002521,Ikshita Sunder,Darbhanga,Jharkhand,2026-06-15
C002522,Bhanumati Srinivasan,Dhanbad,Andhra Pradesh,2022-11-09
C002523,Ucchal Randhawa,Tirupati,Nagaland,2025-05-14
C002524,Nandini Mishra,Guntakal,Manipur,2024-04-18
C002525,Oni Jaggi,Sri Ganganagar,Maharashtra,2021-12-13
C002526,Ganga Bali,Vellore,Haryana,2024-08-31
C002527,Thomas Singhal,Agra,Odisha,2024-12-12
C002528,Pooja Grewal,Gandhidham,Assam,2022-08-07
C002529,Laksh Rai,Pondicherry,Gujarat,2022-01-31
C002530,Unnati Anand,Arrah,Kerala,2022-08-08
C002531,Naveen Shere,Tiruppur,Maharashtra,2024-03-19
C002532,Farhan Murthy,Loni,Punjab,2026-06-04
C002533,Maya Palla,Haridwar,Sikkim,2025-05-12
C002534,Chanchal Narayanan,Jalna,Telangana,2023-07-19
C002535,Aarini Bora,Pudukkottai,Bihar,2025-01-10
C002536,Xavier Kuruvilla,Adoni,Manipur,2024-02-02
C002537,Anamika Rout,Pune,Mizoram,2026-06-10
C002538,Madhav Kapur,Guntakal,Karnataka,2025-12-03
C002539,Kabir Sood,Ramgarh,Sikkim,2026-03-14
C002540,Harish Krish,Vasai-Virar,Andhra Pradesh,2026-07-10
C002541,Kai Bhat,Raipur,West Bengal,2025-09-26
C002542,Varenya Narain,Kadapa,Kerala,2023-04-21
C002543,Nitara Prabhakar,Chittoor,Uttar Pradesh,2026-08-24
C002544,Jeremiah Barad,Hyderabad,Arunachal Pradesh,2024-03-25
C002545,Rachita Modi,Rajkot,Chhattisgarh,2023-07-26
C002546,Ayaan Dhaliwal,Aligarh,Chhattisgarh,2022-08-22
C002547,Triya Nath,Raurkela Industrial Township,Mizoram,2024-12-29
C002548,Ganga Nazareth,Delhi,Nagaland,2025-04-28
C002549,Tejas Biswas,Karimnagar,Nagaland,2024-03-14
C002550,Aashi Narang,Munger,Haryana,2022-05-20
C002551,Udant Prabhakar,Kurnool,Jharkhand,2023-03-24
C002552,Nikita Dugar,Visakhapatnam,West Bengal,2023-10-12
C002553,Dayita Shankar,South Dumdum,Himachal Pradesh,2025-02-14
C002554,Hritik Bahl,Ahmednagar,Sikkim,2025-07-01
C002555,Yamini Randhawa,Patna,Nagaland,2024-05-01
C002556,Avni Raj,Jamnagar,Uttar Pradesh,2022-06-05
C002557,Raksha Mangal,Kirari Suleman Nagar,Himachal Pradesh,2023-04-08
C002558,Chasmum Johal,Howrah,Chhattisgarh,2023-08-10
C002559,Champak Gade,Karaikudi,Punjab,2024-01-18
C002560,Mahika Nigam,Sultan Pur Majra,Tripura,2024-07-12
C002561,Rushil Iyer,Saharsa,Chhattisgarh,2023-08-27
C002562,Laban Babu,Bathinda,Madhya Pradesh,2026-07-18
C002563,Tanveer Jayaraman,Berhampur,Andhra Pradesh,2023-07-13
C002564,Zehaan Rege,Gandhidham,Assam,2022-09-16
C002565,Tanmayi Patla,Bahraich,West Bengal,2025-04-18
C002566,Vanya Palan,Kulti,Telangana,2022-02-23
C002567,Arunima Prabhakar,Pimpri-Chinchwad,Assam,2023-02-19
C002568,Aarna Sura,Noida,Andhra Pradesh,2023-07-05
C002569,Karan Batra,Panvel,Jharkhand,2025-07-25
C002570,Amol Chand,Ujjain,Goa,2022-10-16
C002571,Charles Prakash,Bahraich,Uttarakhand,2025-03-07
C002572,Turvi Chaudry,Shimla,Karnataka,2023-11-18
C002573,Hitesh Goswami,Dhanbad,Madhya Pradesh,2024-09-21
C002574,Ridhi Dube,Siliguri,Karnataka,2025-12-19
C002575,Pranit Dugal,Khora ,Arunachal Pradesh,2026-08-22
C002576,Lekha Ramesh,Rohtak,Mizoram,2022-12-02
C002577,Vedika Krish,Bidhannagar,Odisha,2022-04-25
C002578,Harish De,Chandigarh,Arunachal Pradesh,2022-09-05
C002579,Yochana Barman,Sri Ganganagar,Tamil Nadu,2026-05-14
C002580,Chandresh Borah,Dhanbad,West Bengal,2025-10-15
C002581,Balendra Kar,Nagercoil,Bihar,2026-08-31
C002582,Isha Gokhale,Bhubaneswar,Meghalaya,2022-07-13
C002583,Parth Dhar,Munger,Telangana,2023-10-30
C002584,Thomas Sha,Ujjain,Andhra Pradesh,2024-09-24
C002585,Mason Dhawan,Gandhinagar,Goa,2024-11-13
C002586,Abha Raja,Jammu,Telangana,2021-09-04
C002587,Samaksh Mann,Barasat,Manipur,2021-10-27
C002588,Yadavi Venkataraman,Danapur,Punjab,2026-08-07
C002589,Advik Madan,Jaipur,Uttar Pradesh,2023-01-29
C002590,Kavya Purohit,Madurai,Punjab,2024-04-30
C002591,Sara Taneja,South Dumdum,Madhya Pradesh,2025-04-19
C002592,Nathaniel Nadig,Muzaffarpur,Himachal Pradesh,2023-03-28
C002593,Widisha Som,Tirunelveli,Goa,2024-09-18
C002594,Anay Sahota,Silchar,Kerala,2026-04-13
C002595,Lucky Desai,Arrah,Odisha,2023-01-02
C002596,Bhavika Dada,North Dumdum,West Bengal,2025-02-26
C002597,Brijesh Doshi,Satna,Tripura,2026-08-11
C002598,Viraj Sarin,Madhyamgram,Sikkim,2022-12-22
C002599,Orinder Minhas,Kalyan-Dombivli,Maharashtra,2024-11-14
C002600,Gautami Lad,Suryapet,Karnataka,2022-06-28
C002601,Samarth Chhabra,Siwan,Tripura,2022-01-03
C002602,Anjali Warrior,Sangli-Miraj & Kupwad,Assam,2022-05-18
C002603,Max Chandra,Solapur,Kerala,2024-03-07
C002604,Kashish Yohannan,Raebareli,Nagaland,2025-03-19
C002605,Neelima Misra,Vasai-Virar,Tripura,2026-08-15
C002606,Eta Lala,Pali,Jharkhand,2024-04-06
C002607,Aadi Basak,Belgaum,Odisha,2025-12-09
C002608,Riya Vohra,Sambalpur,Uttarakhand,2024-05-01
C002609,Lipika Ratti,Silchar,Telangana,2024-04-22
C002610,Radhika Dayal,Sagar,Sikkim,2023-03-14
C002611,Lohit Sarin,Mangalore,Assam,2023-04-23
C002612,Anay Mody,Ranchi,Jharkhand,2023-01-19
C002613,Teerth Chowdhury,Shivpuri,Mizoram,2026-07-01
C002614,Gautam Sinha,Jamnagar,Uttarakhand,2025-02-13
C002615,Gopal Dyal,Bhubaneswar,Telangana,2026-05-04
C002616,Dakshesh Kanda,Bhusawal,Maharashtra,2021-11-04
C002617,Aarnav Bhatia,Karnal,Gujarat,2023-01-14
C002618,Rishi Randhawa,Jalandhar,Andhra Pradesh,2024-05-26
C002619,Eta Gola,Sambalpur,Mizoram,2023-08-30
C002620,Isha Edwin,Tadepalligudem,Goa,2026-06-20
C002621,Darpan Seshadri,Deoghar,Tamil Nadu,2025-05-04
C002622,Tanvi Sarin,Ambattur,Goa,2026-05-23
C002623,Yachana Rajan,Kakinada,Uttarakhand,2025-10-11
C002624,Fiyaz Tiwari,Raipur,Rajasthan,2026-04-11
C002625,Peter Rao,Vasai-Virar,Haryana,2025-05-10
C002626,Ikbal Acharya,Jhansi,Chhattisgarh,2025-12-19
C002627,Sai Kara,Navi Mumbai,Sikkim,2026-04-06
C002628,Ikshita Grover,Ghaziabad,Telangana,2022-03-15
C002629,Eshana Bahri,Ongole,Meghalaya,2024-12-11
C002630,Caleb Sami,Amaravati,Goa,2021-09-19
C002631,Amaira Kota,Warangal,Manipur,2025-06-12
C002632,Jackson Sharma,Nagercoil,Odisha,2025-03-24
C002633,Chandani Palla,Mangalore,Telangana,2021-10-21
C002634,Mahika Puri,Silchar,Nagaland,2024-12-07
C002635,Irya Chandra,North Dumdum,Manipur,2023-05-27
C002636,Yashica Gaba,Anantapur,Haryana,2023-12-26
C002637,Aditya Saxena,Bhavnagar,Odisha,2021-11-08
C002638,Amrita Soman,Tadipatri,Maharashtra,2025-04-06
C002639,Dev Sarma,Shivpuri,Andhra Pradesh,2026-06-13
C002640,Tanvi Mohanty,Rohtak,Nagaland,2024-08-28
C002641,Nidra Majumdar,Danapur,Gujarat,2025-12-14
C002642,Isaiah Roy,Latur,Jharkhand,2025-07-24
C002643,Samuel Rastogi,Nadiad,Jharkhand,2026-08-20
C002644,Alka Mann,Hyderabad,Uttar Pradesh,2023-01-30
C002645,Advaith Narain,Kochi,Uttarakhand,2021-12-06
C002646,Mohini Dewan,Thane,Madhya Pradesh,2025-01-25
C002647,Darsh Badami,Gopalpur,Nagaland,2023-10-24
C002648,Zinal Chawla,Mumbai,Nagaland,2026-04-03
C002649,Benjamin Narayan,Farrukhabad,Sikkim,2026-04-07
C002650,Urvi Lala,Begusarai,Kerala,2025-03-15
C002651,Akshay Dixit,Uluberia,Andhra Pradesh,2022-01-24
C002652,Simon Batra,Pali,Tripura,2025-02-04
C002653,Ishani Jani,Secunderabad,Madhya Pradesh,2024-02-26
C002654,Advika Handa,Hosur,Sikkim,2024-03-02
C002655,Saumya Ben,Surat,Rajasthan,2022-09-02
C002656,Neel Sachdeva,Ludhiana,Bihar,2023-05-26
C002657,Kashish Das,Ahmednagar,Himachal Pradesh,2024-03-06
C002658,Zayyan Deep,Singrauli,Meghalaya,2023-12-31
C002659,Pahal Rattan,Dehradun,Jharkhand,2021-12-28
C002660,Lucky Date,North Dumdum,Kerala,2025-05-17
C002661,Laksh Murty,Mangalore,Goa,2023-03-15
C002662,Abhiram Narula,Thrissur,Rajasthan,2024-03-04
C002663,Ayushman Kuruvilla,Aizawl,Meghalaya,2024-12-20
C002664,Bhavya Nanda,Kavali,Haryana,2025-05-19
C002665,Onkar Char,Deoghar,Haryana,2024-04-28
C002666,Vrinda Bumb,Tumkur,Karnataka,2024-08-15
C002667,Harsh Ganesan,Delhi,Telangana,2023-10-14
C002668,Joshua Goyal,Jabalpur,Tamil Nadu,2025-09-06
C002669,Luke Sheth,Sangli-Miraj & Kupwad,Maharashtra,2023-12-20
C002670,Hiral Nagi,Begusarai,Karnataka,2023-02-13
C002671,Dalaja Garde,Kolhapur,Tamil Nadu,2024-04-28
C002672,Nidra D’Alia,Unnao,Kerala,2022-05-19
C002673,Ekalinga Bhakta,Faridabad,Mizoram,2022-01-24
C002674,Darika Chanda,Sultan Pur Majra,Manipur,2024-04-11
C002675,Urishilla Karpe,Kakinada,Kerala,2022-11-12
C002676,Raksha Wadhwa,Gorakhpur,Uttarakhand,2025-08-03
C002677,Ishani Mital,Kollam,Himachal Pradesh,2024-02-16
C002678,Balhaar Nath,Unnao,Mizoram,2026-03-18
C002679,Tristan Hayer,Bettiah,Gujarat,2025-03-31
C002680,Ekapad Iyer,Saharsa,Punjab,2023-03-20
C002681,Baljiwan Varghese,Guna,Nagaland,2023-02-25
C002682,Ira Ghosh,Tinsukia,Meghalaya,2023-05-02
C002683,Bhavika Saran,Satna,Sikkim,2022-03-13
C002684,Pratyush Das,Farrukhabad,Maharashtra,2024-06-11
C002685,Falak Kara,Anand,Arunachal Pradesh,2022-07-12
C002686,Ishani Sandal,Maheshtala,Jharkhand,2024-01-15
C002687,Watika Chahal,Mango,Telangana,2024-11-20
C002688,Mitali Bhattacharyya,Rajahmundry,Gujarat,2025-01-12
C002689,Aarini Puri,Firozabad,Karnataka,2022-02-10
C002690,Balhaar Choudhury,Katihar,Punjab,2026-05-18
C002691,Varsha Kari,Katihar,Haryana,2024-07-23
C002692,Girish Chada,Nagaon,Jharkhand,2024-02-10
C002693,Chaitaly Ramakrishnan,Kottayam,Tripura,2026-01-22
C002694,Tanvi Prabhakar,Tirunelveli,Nagaland,2024-10-26
C002695,Falguni Pall,Kadapa,Telangana,2022-08-11
C002696,Praneel Dhar,Gandhidham,Telangana,2026-08-18
C002697,Ethan Devan,Dehri,Nagaland,2023-04-05
C002698,Finn Shere,Ozhukarai,Tripura,2026-08-08
C002699,Adweta Narasimhan,Shimoga,Uttar Pradesh,2023-06-02
C002700,Watika Dutta,Nagaon,Bihar,2022-05-15
C002701,Teerth Balan,Dehri,Mizoram,2024-07-27
C002702,Ishaan Bumb,Phagwara,Meghalaya,2026-03-31
C002703,Anvi Nayar,Lucknow,Telangana,2026-07-15
C002704,Henry Saxena,Gangtok,Arunachal Pradesh,2024-10-24
C002705,Manbir Sandal,Bhimavaram,Gujarat,2023-07-18
C002706,Gaurav Munshi,Madhyamgram,Telangana,2021-10-06
C002707,Robert Date,Jaipur,Telangana,2022-09-12
C002708,Wridesh Buch,Kulti,West Bengal,2026-03-12
C002709,Urvi Mohanty,Satna,Kerala,2022-09-11
C002710,Pooja Basak,Bettiah,Karnataka,2026-03-20
C002711,Yadavi Das,Anantapuram,Karnataka,2022-03-08
C002712,Chandani Kala,Tiruppur,Madhya Pradesh,2022-04-04
C002713,Watika Jha,Rewa,Chhattisgarh,2025-05-28
C002714,Teerth Palla,Tezpur,Haryana,2023-06-11
C002715,Wyatt Bhasin,Thoothukudi,Nagaland,2024-05-26
C002716,Gautam Peri,Hospet,Sikkim,2023-10-05
C002717,Gaurika Raju,Mathura,Odisha,2025-10-23
C002718,Ishanvi Palan,Salem,Madhya Pradesh,2024-02-18
C002719,Maya Basak,Danapur,Haryana,2025-09-04
C002720,Qabil Shan,Kozhikode,Nagaland,2025-04-02
C002721,Nimrat Agrawal,Kulti,Jharkhand,2023-03-04
C002722,Krishna Kumer,Coimbatore,Uttarakhand,2025-03-03
C002723,Bakhshi Cheema,North Dumdum,Rajasthan,2023-05-29
C002724,Chandani Rout,Kalyan-Dombivli,Kerala,2022-09-21
C002725,Ranbir Agarwal,Pallavaram,Gujarat,2021-09-25
C002726,Luke Sur,Dhule,Maharashtra,2022-10-22
C002727,Adya Lad,Malda,Bihar,2026-03-01
C002728,Edhitha Kakar,Ramgarh,Maharashtra,2026-07-22
C002729,Omya Tandon,Bhilwara,Tamil Nadu,2021-09-11
C002730,Oscar Tiwari,Srikakulam,Mizoram,2025-07-12
C002731,Ekaja Panchal,Patiala,Uttarakhand,2024-06-17
C002732,Laban Swaminathan,Malda,Himachal Pradesh,2023-05-03
C002733,Pavani Dar,Yamunanagar,Uttarakhand,2023-12-20
C002734,Samaksh Mody,Gudivada,Mizoram,2026-02-10
C002735,Yashica Tak,Motihari,Meghalaya,2025-06-07
C002736,Yauvani Kapadia,Kakinada,Madhya Pradesh,2024-01-30
C002737,Shivani Atwal,Bareilly,Haryana,2021-09-26
C002738,Isaiah Palla,Anand,Uttarakhand,2025-03-25
C002739,Quincy Datta,Guntur,Kerala,2023-11-30
C002740,Balveer Lala,Tirunelveli,West Bengal,2023-08-23
C002741,Bakhshi Parekh,Surendranagar Dudhrej,Chhattisgarh,2021-09-22
C002742,Ati Bhatti,Pimpri-Chinchwad,Tamil Nadu,2025-11-15
C002743,Harish Kale,Gopalpur,Kerala,2023-09-16
C002744,Daniel Subramanian,Navi Mumbai,Rajasthan,2022-11-22
C002745,Aradhana Shroff,Dharmavaram,Telangana,2026-05-30
C002746,Matthew Ramakrishnan,Ramgarh,Maharashtra,2023-05-28
C002747,Peter Prakash,Shimla,Uttarakhand,2024-03-15
C002748,Qasim Mann,Bilaspur,Uttarakhand,2023-06-26
C002749,Oni Chaudhry,Deoghar,Uttarakhand,2022-02-07
C002750,Reyansh Mody,Hajipur,Maharashtra,2022-07-05
C002751,Tanveer Bedi,Ahmedabad,Chhattisgarh,2026-04-23
C002752,Saumya Gara,Saharanpur,Tripura,2021-12-18
C002753,Gautami Khalsa,Vijayanagaram,Telangana,2022-10-26
C002754,Jalsa Hegde,Tinsukia,Odisha,2021-12-05
C002755,Harinakshi Shroff,Mahbubnagar,Karnataka,2021-12-02
C002756,Gopal Talwar,Bhavnagar,Karnataka,2026-06-15
C002757,Atharv Shenoy,Tadepalligudem,Manipur,2022-06-04
C002758,Bakhshi Seth,Nanded,Assam,2022-08-05
C002759,Lajita Barman,Aurangabad,Rajasthan,2024-12-24
C002760,Lucky Grewal,Nagpur,Uttar Pradesh,2023-10-28
C002761,Ati Reddy,Shimla,Bihar,2026-07-05
C002762,Ekapad Som,Malda,Himachal Pradesh,2024-04-08
C002763,Niharika Bhagat,Kamarhati,Tripura,2024-03-24
C002764,Karan Gour,Asansol,Assam,2025-01-16
C002765,Maanas Oommen,Kakinada,Odisha,2023-12-17
C002766,Lucky Badal,Farrukhabad,Telangana,2025-06-16
C002767,Pranit Prashad,Dhule,Sikkim,2023-03-21
C002768,Ira Mutti,Kamarhati,Chhattisgarh,2025-08-31
C002769,Farhan Shroff,Proddatur,Andhra Pradesh,2022-10-21
C002770,Hemani Parmer,Gorakhpur,Madhya Pradesh,2021-12-24
C002771,Hitesh Cherian,Imphal,Nagaland,2026-08-11
C002772,Onkar Sani,Baranagar,Telangana,2026-03-22
C002773,Aadhya Srinivas,Kottayam,Sikkim,2025-03-31
C002774,Tanish Sheth,Allahabad,Andhra Pradesh,2025-12-02
C002775,Devika Shan,Nagpur,Mizoram,2023-08-17
C002776,Gaurang Choudhary,Pallavaram,Jharkhand,2026-06-28
C002777,Frederick Sarkar,Varanasi,Arunachal Pradesh,2025-02-05
C002778,Maya Datta,Anantapur,Haryana,2024-01-13
C002779,Yashvi Sarkar,Sultan Pur Majra,Arunachal Pradesh,2025-12-14
C002780,Jacob Kapur,Imphal,Himachal Pradesh,2025-05-03
C002781,Manbir Andra,Amritsar,Goa,2023-05-12
C002782,Manbir Atwal,Ozhukarai,Andhra Pradesh,2023-06-08
C002783,Aarnav Bhat,Surat,Nagaland,2026-01-29
C002784,Yuvraj Manne,Malda,Haryana,2022-08-11
C002785,Aarush Varty,Bhilai,Himachal Pradesh,2022-09-05
C002786,Aarnav Bajaj,Yamunanagar,Odisha,2022-12-17
C002787,Liam Talwar,Sirsa,Telangana,2026-08-13
C002788,Chaitanya Rama,Hosur,Uttar Pradesh,2024-07-12
C002789,Fitan Sandal,Rampur,Madhya Pradesh,2023-10-01
C002790,Chandresh Bajaj,Muzaffarnagar,Haryana,2025-05-12
C002791,Gunbir Konda,Gwalior,Bihar,2026-02-12
C002792,Eesha Chanda,Rampur,Karnataka,2025-12-05
C002793,Dayamai Doctor,Maheshtala,Rajasthan,2023-11-16
C002794,Ekapad Patil,North Dumdum,Tripura,2023-09-13
C002795,Nitara Roy,Amroha,Karnataka,2024-11-08
C002796,Bhanumati Mahajan,Bhiwani,Manipur,2022-12-04
C002797,Girish Bhardwaj,Shimoga,Rajasthan,2021-10-19
C002798,Gavin Tripathi,Durgapur,Rajasthan,2023-07-23
C002799,Bhavya Agarwal,Katni,Chhattisgarh,2021-12-13
C002800,Xiti Boase,Firozabad,Tamil Nadu,2024-06-04
C002801,Unni Karan,Nellore,Maharashtra,2024-04-25
C002802,Tristan Padmanabhan,Pune,Andhra Pradesh,2024-03-03
C002803,Nathaniel Chandra,Suryapet,Tamil Nadu,2024-06-27
C002804,Jack Sahota,Belgaum,Uttar Pradesh,2024-06-13
C002805,Andrew Mangat,Raipur,Arunachal Pradesh,2022-03-07
C002806,Oscar Kanda,Bilaspur,Maharashtra,2025-02-19
C002807,Chatura Chada,Kishanganj,Haryana,2026-02-08
C002808,Tara Chadha,Hubli–Dharwad,Telangana,2023-02-28
C002809,Joshua Sane,Etawah,Assam,2022-09-23
C002810,Aishani Walia,Hyderabad,Meghalaya,2025-04-26
C002811,Ekta Kapur,Bijapur,Madhya Pradesh,2022-01-20
C002812,Peter Dhawan,Gurgaon,Haryana,2024-03-19
C002813,Aryan Chhabra,Thoothukudi,Haryana,2021-09-21
C002814,Xalak Jayaraman,Pallavaram,West Bengal,2022-12-06
C002815,Wahab Palla,Gwalior,Meghalaya,2025-02-24
C002816,Nihal Nadkarni,Cuttack,Uttarakhand,2025-07-26
C002817,Meera Sethi,Danapur,Madhya Pradesh,2025-03-22
C002818,Indali Ratta,Bikaner,Himachal Pradesh,2022-04-25
C002819,Nilima Sathe,Durg,Meghalaya,2025-08-21
C002820,Nathaniel Bhasin,Mirzapur,Andhra Pradesh,2021-12-22
C002821,Ikbal Uppal,Orai,Odisha,2025-10-10
C002822,Madhav Dass,Satara,West Bengal,2023-12-23
C002823,Damyanti Bera,Gurgaon,Telangana,2024-11-18
C002824,Indrajit Dora,Naihati,Uttar Pradesh,2025-05-06
C002825,Ishani Gade,Bardhaman,Odisha,2023-02-16
C002826,Mugdha Malhotra,Hubli–Dharwad,Tripura,2022-09-19
C002827,Waida Hayre,Bettiah,Chhattisgarh,2025-08-10
C002828,Aarnav Sanghvi,Aizawl,Haryana,2024-07-14
C002829,Xiti Thakkar,Amritsar,Mizoram,2026-01-22
C002830,Oni Yadav,Machilipatnam,Madhya Pradesh,2023-11-15
C002831,Idika Chaudhari,Varanasi,Goa,2022-06-10
C002832,Kamala Mukhopadhyay,Alwar,Assam,2023-04-02
C002833,Ayushman Dani,Faridabad,Jharkhand,2026-02-26
C002834,Aayush Khatri,Ajmer,Bihar,2025-12-17
C002835,Chatresh Bhardwaj,Ujjain,Arunachal Pradesh,2023-05-19
C002836,Sanya Bawa,Hubli–Dharwad,Uttar Pradesh,2024-01-05
C002837,Agastya Kadakia,Fatehpur,Uttarakhand,2022-08-28
C002838,Hredhaan Taneja,Giridih,Uttarakhand,2025-08-19
C002839,Chakradev Cheema,Bhatpara,Tripura,2024-09-06
C002840,Yashica Kuruvilla,Amaravati,Rajasthan,2024-02-02
C002841,Falguni Patla,Jamshedpur,Assam,2023-06-02
C002842,Harini Kapoor,Bettiah,Goa,2022-09-05
C002843,Urmi Ganesan,Nagaon,Telangana,2021-09-10
C002844,Laksh Sidhu,Ambattur,Manipur,2022-08-13
C002845,Hitesh Sandhu,Suryapet,Tamil Nadu,2026-01-07
C002846,Upma Dubey,Panihati,Sikkim,2024-12-06
C002847,Vasana Swaminathan,Jorhat,Gujarat,2025-10-16
C002848,Utkarsh Baria,Gurgaon,Nagaland,2022-07-26
C002849,Qabil Mangat,Jamalpur,Kerala,2024-08-28
C002850,Xiti Balay,Gulbarga,Rajasthan,2023-11-07
C002851,Rishi Deshmukh,Tenali,Goa,2023-01-17
C002852,Mahika Barad,Madanapalle,Sikkim,2024-12-01
C002853,Tamanna Lad,Chittoor,Andhra Pradesh,2024-12-21
C002854,Ishanvi Bhatti,Udupi,Tamil Nadu,2022-09-02
C002855,Janya Dhar,Pondicherry,Arunachal Pradesh,2022-08-24
C002856,Chanchal Dhillon,Srinagar,Andhra Pradesh,2025-10-01
C002857,Teerth Hora,Ranchi,Uttarakhand,2026-02-09
C002858,Naksh Manda,Gorakhpur,Punjab,2026-03-30
C002859,Laksh Mani,Ambala,Assam,2023-07-16
C002860,Advaith Mitra,Khandwa,Punjab,2022-04-19
C002861,Diya Karnik,Siliguri,Bihar,2024-10-18
C002862,Krishna Soni,Jamalpur,Madhya Pradesh,2024-02-20
C002863,Yash Kashyap,Muzaffarpur,Jharkhand,2026-05-05
C002864,Girik Aggarwal,Pune,Uttarakhand,2022-09-03
C002865,Wishi Salvi,Bhatpara,Meghalaya,2025-12-18
C002866,Jason Nagarajan,Shahjahanpur,Nagaland,2024-07-12
C002867,Indrajit Devan,Sultan Pur Majra,Meghalaya,2024-06-19
C002868,Krish Kaur,Phusro,Meghalaya,2025-12-22
C002869,Harita Pathak,Bhatpara,Madhya Pradesh,2022-01-19
C002870,Naveen Karan,Surat,Chhattisgarh,2024-03-06
C002871,Radhika Pingle,Bhusawal,Tripura,2025-08-07
C002872,Lohit Bansal,Amritsar,Manipur,2022-07-13
C002873,Triveni Jani,Orai,Manipur,2022-09-15
C002874,Leena Lall,Katihar,Rajasthan,2023-08-15
C002875,Darsh Kalita,Morbi,Karnataka,2024-04-10
C002876,Amol Grewal,Sagar,Uttarakhand,2022-04-14
C002877,Yahvi Nair,Bokaro,Madhya Pradesh,2022-02-01
C002878,Orinder Natarajan,Singrauli,Sikkim,2026-02-26
C002879,Manbir Seshadri,Miryalaguda,Mizoram,2024-03-20
C002880,Saumya Saha,Chandrapur,Chhattisgarh,2021-10-01
C002881,Krishna Jhaveri,Morena,Assam,2023-06-03
C002882,Sathvik Rattan,Erode,Tamil Nadu,2022-11-03
C002883,Jeremiah Kamdar,Dibrugarh,Uttarakhand,2025-09-15
C002884,Niharika Balan,Hazaribagh,Mizoram,2025-01-04
C002885,Patrick Bhandari,Uluberia,Tripura,2023-09-01
C002886,Abeer Palan,Loni,Uttarakhand,2022-11-23
C002887,Ryan Sahota,Khammam,Punjab,2025-06-27
C002888,Aarini Andra,Nellore,Sikkim,2024-05-26
C002889,Shravya Bhardwaj,Orai,Punjab,2025-08-09
C002890,Harinakshi Padmanabhan,Kozhikode,Maharashtra,2022-04-27
C002891,Wyatt Vyas,Siliguri,West Bengal,2023-03-16
C002892,Shivansh Rau,Sirsa,Telangana,2023-06-02
C002893,Darpan Goda,Siliguri,Meghalaya,2022-07-17
C002894,Falan Shetty,Unnao,Maharashtra,2022-09-09
C002895,Hredhaan Sampath,Howrah,Tripura,2024-03-03
C002896,Kamya Comar,Agartala,Uttarakhand,2026-05-13
C002897,Viraj Bali,Akola,Bihar,2025-04-11
C002898,Sarthak Gola,Ludhiana,Goa,2025-03-06
C002899,Girish Lata,Sikar,Himachal Pradesh,2025-11-17
C002900,Darsh Sami,Madurai,Manipur,2025-08-13
C002901,Tarak Buch,Jammu,Manipur,2021-12-31
C002902,Advay Bali,Ballia,Gujarat,2023-06-10
C002903,Odika Shanker,Nizamabad,Himachal Pradesh,2024-11-13
C002904,Isaiah Sastry,Phusro,Himachal Pradesh,2025-06-09
C002905,Wyatt Ahluwalia,Phusro,Arunachal Pradesh,2025-01-17
C002906,Abha Bhat,Etawah,Punjab,2026-05-05
C002907,Ikbal Kanda,Warangal,Manipur,2023-01-03
C002908,Pranit Zachariah,Kozhikode,Odisha,2022-09-01
C002909,Tristan Pall,Bihar Sharif,Tripura,2026-06-15
C002910,Daniel Dass,Gurgaon,Manipur,2025-01-09
C002911,Onveer Setty,Begusarai,Rajasthan,2024-03-31
C002912,Samesh Suresh,Dharmavaram,Kerala,2021-11-11
C002913,Aadi Tiwari,Barasat,Uttarakhand,2021-09-08
C002914,Warhi Patla,Lucknow,Goa,2022-01-16
C002915,Harshil Garg,Dehradun,Goa,2022-04-29
C002916,Chandani Khanna,Parbhani,Himachal Pradesh,2026-04-11
C002917,Umang Ghose,Karnal,Gujarat,2023-10-08
C002918,Oscar Ahuja,Sambalpur,Kerala,2022-03-27
C002919,Mitesh Prasad,Hapur,West Bengal,2022-03-03
C002920,Upkaar Nazareth,Ozhukarai,Uttar Pradesh,2021-12-12
C002921,Nidhi Thaman,Dhule,Punjab,2023-04-24
C002922,Reyansh Gaba,Shahjahanpur,Madhya Pradesh,2023-01-20
C002923,Kevin Amble,Sri Ganganagar,Odisha,2026-03-30
C002924,Jason Date,Gopalpur,Assam,2023-01-15
C002925,Sachi Nath,Satara,West Bengal,2022-10-21
C002926,Jacob Dhar,Mehsana,Madhya Pradesh,2023-05-08
C002927,Vasana Sharaf,Giridih,Kerala,2024-01-11
C002928,Dominic Aurora,South Dumdum,Punjab,2023-12-12
C002929,Samar Sem,Navi Mumbai,Odisha,2022-10-16
C002930,Meghana Sekhon,Berhampur,Bihar,2025-10-05
C002931,Vincent Rattan,Bhusawal,West Bengal,2023-12-30
C002932,Eiravati Dora,Chandrapur,Madhya Pradesh,2022-07-16
C002933,Atharv Sandal,Sultan Pur Majra,Uttar Pradesh,2023-08-11
C002934,Aayush Dutt,Satna,West Bengal,2022-10-31
C002935,Darsh Halder,Aligarh,Assam,2024-09-03
C002936,Garima Pant,Ratlam,Bihar,2023-12-20
C002937,Liam Chaudhry,Dewas,Haryana,2022-01-31
C002938,Vedhika Shenoy,Bhilwara,Manipur,2022-09-29
C002939,Zayan Deep,Tiruchirappalli,Mizoram,2026-04-21
C002940,Aachal Nagy,Gudivada,Goa,2021-09-23
C002941,Vasudha Tailor,Chinsurah,Meghalaya,2024-11-30
C002942,Sathvik Keer,Giridih,Odisha,2026-05-31
C002943,Irya Chandran,Tadipatri,Arunachal Pradesh,2023-01-28
C002944,Unni Mann,Panipat,Arunachal Pradesh,2026-01-31
C002945,Yahvi Parmer,Hosur,Goa,2024-05-23
C002946,Vanya Deshmukh,Malegaon,Andhra Pradesh,2025-12-26
C002947,Mitali Subramaniam,Bhimavaram,Tripura,2023-02-04
C002948,Dalaja Kalita,Dindigul,Assam,2026-08-24
C002949,Om Dutt,South Dumdum,West Bengal,2024-08-23
C002950,Hitesh Walla,Nagercoil,Telangana,2025-02-11
C002951,Charita Sekhon,Suryapet,Maharashtra,2023-04-09
C002952,Pranit Arya,Gulbarga,Uttar Pradesh,2023-01-17
C002953,Anusha Chahal,Jehanabad,Odisha,2023-02-25
C002954,Agastya Sahni,Tirunelveli,Uttarakhand,2025-06-08
C002955,Krish Rout,Mumbai,Himachal Pradesh,2024-07-30
C002956,Jalsa Sani,Udaipur,Assam,2025-09-21
C002957,Balveer Bahl,Srikakulam,Assam,2022-02-02
C002958,Theodore Korpal,Kollam,Nagaland,2023-03-05
C002959,Naveen Misra,Tiruchirappalli,Assam,2023-07-22
C002960,Abdul Batra,Jaipur,Mizoram,2022-11-20
C002961,Vedika Barad,Silchar,Himachal Pradesh,2025-01-25
C002962,Omya Bhakta,Junagadh,West Bengal,2022-10-08
C002963,Baghyawati Kamdar,Hyderabad,Andhra Pradesh,2026-07-14
C002964,Vedant Sheth,Kollam,Himachal Pradesh,2025-04-08
C002965,Sai Sandal,Rajahmundry,Sikkim,2022-08-11
C002966,Rudra Roy,Ahmedabad,Rajasthan,2023-11-13
C002967,Girik Saran,Durgapur,Gujarat,2022-07-05
C002968,Ikshita Majumdar,Bhiwandi,Telangana,2023-05-03
C002969,Pranav Shetty,Munger,Mizoram,2024-09-28
C002970,Osha Balay,Dhule,Uttar Pradesh,2023-10-19
C002971,Pranit Bath,Haldia,Uttar Pradesh,2022-04-03
C002972,Falak Oak,Sasaram,Nagaland,2025-06-02
C002973,Gabriel Talwar,Malegaon,Jharkhand,2023-03-21
C002974,Om Mangat,Raiganj,Jharkhand,2023-12-07
C002975,Faras Taneja,Muzaffarnagar,Himachal Pradesh,2024-08-07
C002976,Gautami Hegde,Chapra,Himachal Pradesh,2025-06-24
C002977,Noah Parmer,Jorhat,Kerala,2023-08-01
C002978,Laksh Sahota,Parbhani,Tamil Nadu,2025-08-22
C002979,Rudra Varty,Shimoga,Assam,2021-10-07
C002980,Harinakshi Karan,Satara,Meghalaya,2023-12-11
C002981,Gavin Raman,Noida,Karnataka,2021-10-19
C002982,Thomas Sood,Firozabad,Sikkim,2025-04-19
C002983,Dalaja Suresh,Bareilly,Jharkhand,2023-07-22
C002984,Yashasvi Virk,Bally,Gujarat,2025-07-20
C002985,Meghana Prashad,Hosur,Tripura,2025-07-03
C002986,Ojasvi Kunda,Bhind,Chhattisgarh,2024-12-17
C002987,Netra Bhavsar,Bihar Sharif,Tamil Nadu,2022-05-28
C002988,Zansi Bandi,Jalgaon,Manipur,2025-09-15
C002989,Imaran Apte,Thanjavur,Arunachal Pradesh,2025-07-12
C002990,Anmol Mannan,Bharatpur,Maharashtra,2025-04-23
C002991,Geetika Bansal,Shahjahanpur,Manipur,2023-12-08
C002992,Yashodhara Korpal,Indore,Madhya Pradesh,2025-10-09
C002993,Siddharth Bains,Chittoor,Tamil Nadu,2022-09-08
C002994,Qadim Goswami,Bulandshahr,West Bengal,2025-09-15
C002995,Finn Babu,Danapur,Rajasthan,2025-12-23
C002996,Falguni Kamdar,Khora ,Uttar Pradesh,2022-01-23
C002997,Urishilla Jha,Kurnool,Jharkhand,2023-02-07
C002998,Mugdha Bajwa,North Dumdum,West Bengal,2021-11-07
C002999,Lakshit Dewan,Sirsa,Arunachal Pradesh,2023-11-24
C003000,Faras Ratti,Ludhiana,Maharashtra,2024-12-27
C003001,Rachit Bhat,Rewa,Tripura,2023-01-18
C003002,Urvi Handa,Danapur,Uttarakhand,2022-05-06
C003003,Vritti Dar,Gurgaon,Tamil Nadu,2024-05-30
C003004,Viraj Sheth,Berhampore,Telangana,2021-09-18
C003005,Darika Lala,Machilipatnam,Odisha,2024-02-24
C003006,Ayushman Jhaveri,Chandigarh,Sikkim,2023-09-07
C003007,Chasmum Bahl,Ichalkaranji,Kerala,2026-06-23
C003008,Shivani Bala,Khora ,Goa,2022-03-16
C003009,Reva Gupta,Arrah,Himachal Pradesh,2026-03-06
C003010,Anita Kata,Sambalpur,Uttar Pradesh,2022-02-15
C003011,Faqid Shukla,Vijayanagaram,Meghalaya,2025-12-07
C003012,Libni Puri,Korba,Sikkim,2022-08-19
C003013,Charles Chauhan,Nizamabad,Tripura,2026-08-09
C003014,Yasti Chander,Mumbai,Gujarat,2025-06-25
C003015,Ishwar Soni,Khora ,Chhattisgarh,2025-03-03
C003016,Brijesh Sehgal,Kurnool,Andhra Pradesh,2026-01-11
C003017,Zarna Bhatti,Kozhikode,Madhya Pradesh,2022-12-10
C003018,Oeshi Ghosh,Dewas,Uttarakhand,2026-02-22
C003019,Ayushman Bahl,Siliguri,Mizoram,2025-12-25
C003020,Qarin Sibal,Hubli–Dharwad,Assam,2025-03-24
C003021,Pallavi Chowdhury,Bhubaneswar,Goa,2025-09-06
C003022,Manya Deo,Proddatur,Arunachal Pradesh,2026-03-05
C003023,Anay Khatri,Sirsa,Arunachal Pradesh,2023-02-26
C003024,Robert Lalla,Agartala,Gujarat,2024-06-09
C003025,Qarin Kulkarni,Nagaon,Sikkim,2025-10-14
C003026,Finn Gokhale,Sagar,Uttar Pradesh,2022-11-17
C003027,Nicholas Prakash,Vellore,Punjab,2021-10-27
C003028,Nachiket Kapoor,Bharatpur,Haryana,2021-09-27
C003029,Amaira Seth,Allahabad,Haryana,2024-11-13
C003030,Aadi Deo,Latur,Madhya Pradesh,2024-05-15
C003031,Darika Basak,Raichur,Haryana,2025-04-12
C003032,Yachana Buch,Arrah,Tripura,2024-01-12
C003033,Xavier Ratta,Sasaram,Nagaland,2022-11-30
C003034,Indira Seth,Kulti,Mizoram,2024-10-21
C003035,Mugdha Roy,Davanagere,Chhattisgarh,2023-08-18
C003036,Balvan Raj,Madhyamgram,Punjab,2026-03-01
C003037,Bhanumati Borah,Serampore,Odisha,2024-04-21
C003038,Owen Deshmukh,Bardhaman,Goa,2026-02-15
C003039,Qarin Gandhi,Phusro,Punjab,2022-10-05
C003040,Leena Saha,Srinagar,Manipur,2026-07-04
C003041,Peter Gulati,Burhanpur,Punjab,2022-12-23
C003042,Tanveer Nagi,Silchar,Nagaland,2026-01-16
C003043,Warhi Seshadri,Serampore,Tripura,2025-05-09
C003044,Charvi Dara,Rohtak,Mizoram,2023-02-18
C003045,Zayan Koshy,Khammam,Gujarat,2026-02-26
C003046,Frado Dubey,Sambhal,Andhra Pradesh,2021-11-30
C003047,Ekalinga Mann,Dhanbad,Rajasthan,2025-08-19
C003048,Manan Bhavsar,Ambattur,West Bengal,2021-12-13
C003049,Ekavir Kalla,Kochi,Andhra Pradesh,2023-05-27
C003050,Ekanta Doshi,Mira-Bhayandar,Arunachal Pradesh,2026-04-05
C003051,Falak Rajagopal,Kozhikode,Telangana,2022-10-25
C003052,Advay Narayan,Pimpri-Chinchwad,Mizoram,2023-03-21
C003053,Gayathri Kata,Jehanabad,Meghalaya,2025-04-17
C003054,Harsh Lal,Cuttack,Odisha,2026-04-20
C003055,Kala Ratti,Kolkata,Assam,2025-09-11
C003056,Yatan Agate,Tadepalligudem,Maharashtra,2025-02-21
C003057,Qushi Nath,Jamnagar,Tripura,2024-02-19
C003058,Dayita Kota,Pallavaram,Himachal Pradesh,2022-09-09
C003059,Eesha Kar,Jammu,Meghalaya,2024-05-07
C003060,Gunbir Arya,Mehsana,Meghalaya,2025-11-18
C003061,Omkaar Borah,Etawah,Arunachal Pradesh,2023-08-02
C003062,Gabriel Gola,Siliguri,Tamil Nadu,2024-07-02
C003063,Rushil Varty,Jammu,Gujarat,2025-07-28
C003064,Ranveer Misra,Durg,West Bengal,2024-04-21
C003065,Saumya Mangat,Gopalpur,Meghalaya,2025-05-01
C003066,Sachi Warrior,Warangal,Tripura,2023-08-01
C003067,Dominic Ahluwalia,Haridwar,Karnataka,2022-04-24
C003068,Urishilla Bandi,Hubli–Dharwad,Meghalaya,2023-09-12
C003069,Idika Brar,Nagercoil,Madhya Pradesh,2023-04-21
C003070,Balhaar Borah,Danapur,Andhra Pradesh,2024-08-04
C003071,Farhan Chandran,Bidhannagar,Himachal Pradesh,2023-12-21
C003072,Jasmit Kothari,Sikar,Arunachal Pradesh,2025-11-06
C003073,Aarnav Bedi,Hyderabad,Odisha,2023-10-03
C003074,Deepa Nagar,Kochi,Nagaland,2024-01-06
C003075,Yuvraj Doctor,Jodhpur,Uttar Pradesh,2026-04-03
C003076,Shaurya Raja,Nanded,Tripura,2022-01-01
C003077,Yoshita Prabhu,Alwar,Rajasthan,2021-11-04
C003078,Advik Doshi,Pondicherry,Goa,2024-07-15
C003079,Lavanya Mandal,Ghaziabad,Gujarat,2023-05-25
C003080,Hema Sahni,Kollam,Arunachal Pradesh,2023-04-12
C003081,Charita Lall,Ambala,Mizoram,2022-02-12
C003082,Vinaya Basak,Kalyan-Dombivli,Punjab,2023-02-04
C003083,Jacob Chanda,Korba,Assam,2022-06-12
C003084,Maanav Ramakrishnan,Salem,Bihar,2024-07-07
C003085,Hamsini Batta,Ujjain,Uttar Pradesh,2025-01-22
C003086,Quincy Dar,Hindupur,Rajasthan,2025-02-03
C003087,Chakrika Sha,Siliguri,Andhra Pradesh,2024-05-01
C003088,Upma Amble,Morena,Himachal Pradesh,2024-10-02
C003089,Chaman Srinivasan,Katihar,Sikkim,2022-11-01
C003090,Fariq Sawhney,Ramagundam,Madhya Pradesh,2022-04-16
C003091,Yagnesh Magar,Shivpuri,Uttar Pradesh,2024-12-16
C003092,Kevin Reddy,Kulti,Karnataka,2026-07-26
C003093,Aarnav Patla,Ahmedabad,Chhattisgarh,2024-12-07
C003094,Charvi Babu,Dindigul,Meghalaya,2026-05-22
C003095,Abeer Kalita,Hazaribagh,Madhya Pradesh,2022-01-28
C003096,Charles Ramaswamy,Kalyan-Dombivli,Madhya Pradesh,2025-01-11
C003097,Radha Anand,Varanasi,Chhattisgarh,2026-03-07
C003098,Pushti Lata,Bongaigaon,Odisha,2022-09-09
C003099,Tarak Bassi,Dehradun,Arunachal Pradesh,2023-09-07
C003100,Luke Patla,Lucknow,Punjab,2023-11-23
C003101,Nakul Iyengar,Uluberia,Odisha,2025-08-22
C003102,Vihaan Choudhury,Katni,Arunachal Pradesh,2022-01-31
C003103,Caleb Deol,Karnal,Uttarakhand,2025-11-09
C003104,Ekanta Kurian,Gudivada,Chhattisgarh,2022-01-14
C003105,Bhavika Manda,Ozhukarai,Haryana,2026-01-13
C003106,Jeet Babu,Motihari,Punjab,2024-12-22
C003107,Inaya Wagle,Anantapuram,Uttarakhand,2024-01-27
C003108,Mitali Ravi,Rourkela,Punjab,2024-10-26
C003109,Jatin Tak,Faridabad,Karnataka,2025-02-16
C003110,Advik Keer,Kota,Uttar Pradesh,2025-03-27
C003111,Dayita Sampath,Sultan Pur Majra,Andhra Pradesh,2024-03-08
C003112,Mitesh Sama,Pune,Chhattisgarh,2023-05-04
C003113,Dev Pau,Indore,Assam,2024-11-06
C003114,Aayush Bir,Berhampur,Sikkim,2022-06-07
C003115,Watika Chandra,Bhusawal,Arunachal Pradesh,2024-08-12
C003116,David Prakash,Mangalore,Himachal Pradesh,2024-03-26
C003117,Shaurya Korpal,Aizawl,Manipur,2026-06-28
C003118,Daksh Prashad,Ambarnath,Gujarat,2022-06-28
C003119,Unni Bhagat,Jaunpur,Bihar,2026-07-15
C003120,Mitali Saran,Machilipatnam,Odisha,2023-06-29
C003121,Ganga Rama,Begusarai,Haryana,2023-04-28
C003122,Warda Lalla,Tenali,Nagaland,2021-09-21
C003123,Upadhriti Bawa,Latur,Telangana,2025-09-24
C003124,Gaurang Lanka,Chennai,Uttar Pradesh,2022-07-08
C003125,Nihal Bal,Bhiwani,Meghalaya,2023-09-21
C003126,Ranveer Dhawan,Rajpur Sonarpur,Uttar Pradesh,2022-10-19
C003127,Nidhi Mann,Thane,Goa,2026-06-07
C003128,Ekanta Khatri,Tenali,Uttar Pradesh,2025-07-30
C003129,Rachit Kuruvilla,Bahraich,Meghalaya,2023-09-05
C003130,Udarsh Warrior,Ajmer,Arunachal Pradesh,2022-10-29
C003131,Qabil Bains,Chandrapur,Tamil Nadu,2021-08-31
C003132,Pallavi Gulati,Akola,Mizoram,2024-01-14
C003133,Lakshit Kala,Shimla,Sikkim,2022-04-07
C003134,Aditya Subramanian,Pondicherry,West Bengal,2022-05-19
C003135,Amruta Oommen,Pali,Arunachal Pradesh,2025-06-06
C003136,Rajata Boase,Suryapet,Haryana,2022-09-21
C003137,Aarush Ramaswamy,Sambalpur,Gujarat,2022-12-24
C003138,Rachana Dora,Kumbakonam,Manipur,2025-08-22
C003139,Tejas Jani,Vijayanagaram,Telangana,2025-12-20
C003140,Mitali Ratti,Morena,Andhra Pradesh,2025-06-07
C003141,Sarthak Pathak,Patiala,Madhya Pradesh,2021-12-16
C003142,Dhriti Gara,Bhavnagar,Rajasthan,2024-02-10
C003143,Baljiwan Solanki,Meerut,Chhattisgarh,2025-11-19
C003144,Andrew Saraf,Ambarnath,Mizoram,2023-01-31
C003145,Sudiksha Salvi,Serampore,Odisha,2021-09-07
C003146,Nathaniel Atwal,Sambalpur,Tamil Nadu,2025-02-08
C003147,Yashoda Parikh,Firozabad,Maharashtra,2022-04-08
C003148,Sara Loke,Hindupur,Meghalaya,2026-08-26
C003149,Hemang Virk,Dharmavaram,Tamil Nadu,2026-07-09
C003150,Arunima Brahmbhatt,Khora ,Tamil Nadu,2025-12-20
C003151,Bakhshi Murty,Kanpur,West Bengal,2024-01-24
C003152,Luke Saha,Sagar,Gujarat,2022-10-01
C003153,Tristan Kurian,Salem,Chhattisgarh,2022-07-10
C003154,Falan Chawla,Tadepalligudem,Jharkhand,2026-06-13
C003155,Vedant Krishnamurthy,Kolkata,Tamil Nadu,2022-04-15
C003156,Shravya Sarkar,Durgapur,Gujarat,2026-03-07
C003157,Widisha Mital,Nanded,Karnataka,2025-01-17
C003158,Yamini Swamy,Anand,Tripura,2025-12-05
C003159,Kabir Jayaraman,Hajipur,Rajasthan,2026-04-23
C003160,Dalbir Narayan,Jabalpur,Madhya Pradesh,2026-02-08
C003161,Leena Bose,Rohtak,Odisha,2024-10-23
C003162,Damini Sibal,Katni,Andhra Pradesh,2024-06-04
C003163,Sachi Luthra,Nellore,Sikkim,2026-04-09
C003164,Aarush Saxena,Panihati,Madhya Pradesh,2022-09-05
C003165,Daniel Dhaliwal,Gwalior,Madhya Pradesh,2025-01-27
C003166,Abhimanyu Chaudhary,North Dumdum,Kerala,2024-05-17
C003167,Yashawini Ray,Bathinda,Meghalaya,2026-02-10
C003168,Ekantika Narang,Kumbakonam,Kerala,2022-07-07
C003169,Aachal Singhal,Panipat,Andhra Pradesh,2021-09-21
C003170,Libni Viswanathan,Naihati,Mizoram,2025-03-12
C003171,Bishakha Bhandari,Madurai,Maharashtra,2024-12-01
C003172,Aadhya Nair,Jamnagar,Goa,2023-11-06
C003173,Abha Biswas,Sagar,Andhra Pradesh,2022-11-20
C003174,Saksham Wadhwa,Deoghar,Maharashtra,2021-10-22
C003175,Eesha Singhal,Rajkot,Manipur,2021-10-31
C003176,Nilima Hari,Bihar Sharif,Uttar Pradesh,2023-12-10
C003177,Simon Vala,Ghaziabad,Goa,2022-01-18
C003178,Chanakya Zachariah,Ludhiana,Punjab,2024-01-11
C003179,Simon Luthra,Ballia,Tripura,2025-05-08
C003180,Vamakshi Sundaram,Bhavnagar,Uttarakhand,2023-12-26
C003181,Michael Luthra,Bhagalpur,Kerala,2024-12-22
C003182,Agastya Misra,Kalyan-Dombivli,Manipur,2023-05-28
C003183,Krishna Swamy,Danapur,Andhra Pradesh,2026-07-16
C003184,Wishi Kapoor,Surat,Karnataka,2026-08-20
C003185,Logan Sankaran,Gulbarga,Tamil Nadu,2023-10-19
C003186,Manan Basu,Mysore,Kerala,2026-03-06
C003187,Gaurangi Verma,Phagwara,Uttarakhand,2021-10-24
C003188,Rayaan Muni,Thane,Haryana,2022-06-26
C003189,Tripti Sinha,Katihar,Maharashtra,2025-07-31
C003190,Jasmit Comar,Jabalpur,Mizoram,2025-04-13
C003191,Nathan Jaggi,Orai,Mizoram,2022-10-06
C003192,Zinal Randhawa,Aligarh,Odisha,2025-03-28
C003193,Yash Kannan,Haldia,Andhra Pradesh,2024-09-24
C003194,Ati Gandhi,Bidar,Uttarakhand,2025-10-02
C003195,Zaitra Kadakia,Raiganj,Gujarat,2021-09-07
C003196,Neha Gopal,Chandigarh,Kerala,2022-06-13
C003197,Upadhriti Zachariah,Durg,Tripura,2022-11-29
C003198,Janaki Oak,Vijayanagaram,Punjab,2026-05-01
C003199,Osha Dua,Guntur,Manipur,2022-11-22
C003200,Urvi Dani,Ambala,Odisha,2021-11-22
C003201,Onveer Kari,Chapra,Arunachal Pradesh,2021-12-20
C003202,Diya Mahajan,Pimpri-Chinchwad,Sikkim,2026-05-12
C003203,Unnati Sekhon,Rampur,Assam,2025-06-14
C003204,Watika Murthy,Panihati,Odisha,2026-02-16
C003205,Balveer Sethi,Surendranagar Dudhrej,Mizoram,2022-03-25
C003206,Dhruv Nagi,Madanapalle,Arunachal Pradesh,2026-05-30
C003207,Kala Uppal,Rourkela,Madhya Pradesh,2026-05-05
C003208,Yashasvi Lall,Bulandshahr,Gujarat,2026-02-17
C003209,Nachiket Badal,Silchar,Assam,2022-12-12
C003210,Mohini Chopra,Raipur,Rajasthan,2021-11-25
C003211,Gaurang Chaudhry,Tezpur,Rajasthan,2026-04-04
C003212,Guneet Vaidya,Indore,Rajasthan,2025-10-26
C003213,Neelima Rama,Kochi,Arunachal Pradesh,2025-07-13
C003214,Theodore Srivastava,Giridih,Nagaland,2022-11-21
C003215,Vihaan Kapur,Sasaram,Sikkim,2025-05-18
C003216,Suhani Batra,Satna,Arunachal Pradesh,2025-03-30
C003217,Falak Sharma,Kadapa,Uttar Pradesh,2023-07-31
C003218,Hamsini Pandya,Ahmedabad,Uttar Pradesh,2025-10-21
C003219,Warinder Chaudhuri,Bellary,Bihar,2024-05-30
C003220,Harini Basak,Gandhidham,Sikkim,2021-12-10
C003221,Joshua Chander,Tadipatri,Punjab,2023-07-23
C003222,Ati Lall,Bijapur,Kerala,2025-12-29
C003223,Henry Bose,Rajkot,Jharkhand,2025-10-10
C003224,Harsh Dua,North Dumdum,West Bengal,2022-01-30
C003225,Nandini Wason,Raipur,Karnataka,2025-01-04
C003226,Baljiwan Sarma,Tadipatri,Manipur,2026-03-28
C003227,Lucky Kata,Shimoga,Kerala,2025-04-16
C003228,Adya Sabharwal,Ramgarh,Uttar Pradesh,2024-02-28
C003229,Vincent Sampath,Bihar Sharif,Uttarakhand,2021-11-06
C003230,Rachana Kamdar,Pudukkottai,Karnataka,2025-09-29
C003231,Wishi Toor,Kochi,Kerala,2026-08-14
C003232,Jasmit Sethi,Ghaziabad,Tamil Nadu,2022-12-01
C003233,Vivaan Chawla,Karaikudi,Tripura,2023-06-09
C003234,Laban Chakrabarti,Karaikudi,Kerala,2024-04-02
C003235,Utkarsh Karan,Dewas,Assam,2024-11-10
C003236,Ekapad Palan,Siwan,Haryana,2026-08-16
C003237,Lopa Bajwa,Dhule,Jharkhand,2024-02-23
C003238,Urishilla Kumar,Belgaum,Telangana,2022-09-15
C003239,Ishanvi Mander,Morbi,Himachal Pradesh,2022-08-22
C003240,Devansh Sathe,Naihati,Andhra Pradesh,2023-01-14
C003241,Faraj Varghese,Machilipatnam,Odisha,2026-05-11
C003242,Bhavini Chaudhary,Dewas,Uttarakhand,2023-12-28
C003243,Libni Bhardwaj,Kishanganj,Gujarat,2025-10-21
C003244,Bhavna Bal,Gudivada,Uttar Pradesh,2022-09-24
C003245,Bhavya Khurana,Bhopal,Uttar Pradesh,2022-12-14
C003246,Ijaya Balan,Gaya,Bihar,2026-05-30
C003247,Ojasvi Purohit,Jaunpur,Bihar,2024-11-16
C003248,Odika Saran,Mumbai,Chhattisgarh,2024-04-30
C003249,Wridesh Mall,Patna,Chhattisgarh,2022-10-02
C003250,Thomas Luthra,Srinagar,Gujarat,2025-05-21
C003251,Timothy Sama,Secunderabad,Punjab,2021-10-20
C003252,Urvi Sethi,Khammam,Chhattisgarh,2024-04-02
C003253,Netra Dara,Durg,Andhra Pradesh,2023-01-23
C003254,Yatan Palla,Berhampore,Jharkhand,2025-01-10
C003255,Radha Mohanty,Gandhinagar,Uttarakhand,2022-02-10
C003256,Leela Koshy,Warangal,Madhya Pradesh,2023-07-09
C003257,Ishanvi Raj,Raurkela Industrial Township,Odisha,2023-01-03
C003258,Vedika Sarna,Firozabad,Uttar Pradesh,2022-06-14
C003259,Chakradev Bal,Motihari,Karnataka,2021-09-07
C003260,Gaurika Oza,Dhule,Uttarakhand,2023-12-21
C003261,Aadhya Rastogi,Ajmer,Goa,2026-03-15
C003262,Aadi Mital,New Delhi,Haryana,2022-03-24
C003263,Jalsa Majumdar,Gwalior,Kerala,2025-10-07
C003264,Rudra Dixit,Tiruchirappalli,Bihar,2023-11-19
C003265,Zansi Shukla,Kakinada,Assam,2022-10-21
C003266,Bimala Atwal,Baranagar,Haryana,2025-05-31
C003267,Radhika Sandal,Kottayam,Gujarat,2022-02-07
C003268,Yadavi Behl,Salem,Telangana,2026-03-23
C003269,Yagnesh Chada,Tiruppur,Odisha,2022-05-19
C003270,George Bhattacharyya,Berhampur,Maharashtra,2025-10-04
C003271,Onkar Chawla,Shivpuri,Uttar Pradesh,2026-05-01
C003272,Tanmayi Chatterjee,Srikakulam,Sikkim,2025-02-10
C003273,Pallavi Mitra,Bathinda,Tripura,2025-07-11
C003274,Niharika Agate,Haldia,Uttarakhand,2026-08-01
C003275,Yash Bora,Firozabad,Goa,2023-05-02
C003276,Netra Bandi,Udaipur,Gujarat,2022-02-15
C003277,Yadavi Sankaran,Thanjavur,Tamil Nadu,2021-10-28
C003278,Lakshit Ganguly,Bareilly,Bihar,2024-02-15
C003279,Avi Raval,Nangloi Jat,Arunachal Pradesh,2022-07-17
C003280,Faqid Kunda,Giridih,Odisha,2022-11-14
C003281,Girish Ratti,Kulti,Gujarat,2026-01-30
C003282,Kabir Deshmukh,Alwar,Arunachal Pradesh,2021-12-06
C003283,Vincent De,Belgaum,Arunachal Pradesh,2024-10-31
C003284,Logan Bala,Srikakulam,Tripura,2022-01-22
C003285,Ishaan Johal,Deoghar,Jharkhand,2023-06-11
C003286,Harrison Hans,Akola,Kerala,2023-03-18
C003287,Jackson Kala,Latur,Telangana,2023-10-29
C003288,Nisha Mander,Cuttack,Gujarat,2024-04-02
C003289,Xiti Ratta,Bihar Sharif,Punjab,2025-06-06
C003290,Abdul Ghose,Ballia,Mizoram,2025-04-28
C003291,Reyansh Loyal,Meerut,Telangana,2026-08-17
C003292,Yug Sarkar,Bhalswa Jahangir Pur,Rajasthan,2023-09-23
C003293,Jalsa Goel,Ahmednagar,Kerala,2025-02-08
C003294,Gaurika Goel,Sambhal,Kerala,2024-06-29
C003295,Amara Sura,Sangli-Miraj & Kupwad,Kerala,2023-10-05
C003296,Omaja Saha,Vasai-Virar,Himachal Pradesh,2025-09-07
C003297,Theodore Krish,Amaravati,Tamil Nadu,2024-10-26
C003298,Bhavya Sathe,Singrauli,Maharashtra,2024-05-14
C003299,Hamsini Joshi,Warangal,Tripura,2026-07-27
C003300,Zaid Dube,Panihati,Tamil Nadu,2024-12-19
C003301,Matthew Mishra,Sonipat,Meghalaya,2022-05-12
C003302,Tanvi Sahota,Motihari,Haryana,2024-06-02
C003303,Simon Mangat,Motihari,Karnataka,2025-12-02
C003304,Yatin Bal,Salem,Madhya Pradesh,2026-03-30
C003305,Chaman Singhal,Tadepalligudem,Punjab,2026-04-24
C003306,Ojasvi Char,Rajahmundry,Sikkim,2025-12-01
C003307,Harrison Ramesh,Surendranagar Dudhrej,Assam,2021-11-29
C003308,Arin Tank,Bhalswa Jahangir Pur,Chhattisgarh,2024-11-22
C003309,Urishilla Ganesan,Bareilly,Himachal Pradesh,2026-03-24
C003310,Vasatika Bahl,Kharagpur,Telangana,2024-01-02
C003311,Jacob Deep,Baranagar,Madhya Pradesh,2023-05-03
C003312,Riya Ranganathan,North Dumdum,Rajasthan,2024-01-11
C003313,Nitesh Rama,Hapur,Tripura,2025-02-10
C003314,Rayaan Chopra,Kolhapur,Telangana,2026-08-22
C003315,Advay Kale,Chapra,Himachal Pradesh,2025-12-18
C003316,Imaran Golla,Yamunanagar,Tamil Nadu,2024-02-24
C003317,Gaurang Rout,Indore,Maharashtra,2026-05-07
C003318,Tejas Narasimhan,Ghaziabad,Bihar,2021-12-11
C003319,Lopa Chokshi,Etawah,Uttar Pradesh,2026-07-10
C003320,Ishaan Rattan,Tezpur,Punjab,2023-12-24
C003321,Finn Hayer,Ahmednagar,Himachal Pradesh,2023-12-23
C003322,Vamakshi Saini,Tiruppur,Sikkim,2023-12-29
C003323,Baghyawati Bath,Hubli–Dharwad,Telangana,2022-03-11
C003324,Radha Tak,Agra,Assam,2023-10-19
C003325,Hemang Rattan,Ichalkaranji,Odisha,2022-05-15
C003326,Champak Muni,Agra,Chhattisgarh,2026-03-03
C003327,Omisha Dani,Tinsukia,Arunachal Pradesh,2022-04-12
C003328,Yatin Manne,Bhilai,West Bengal,2023-05-16
C003329,Yachana Narayan,Begusarai,Himachal Pradesh,2022-12-28
C003330,Shaurya Nagar,Aurangabad,Maharashtra,2022-03-09
C003331,Gopal Sunder,Tiruppur,Nagaland,2024-11-30
C003332,Fariq Naik,Navi Mumbai,West Bengal,2022-05-26
C003333,Jack Jani,Navi Mumbai,Odisha,2024-04-18
C003334,Krishna Mitter,Kolkata,Goa,2026-02-03
C003335,Bimala Chanda,Mira-Bhayandar,Uttarakhand,2026-03-15
C003336,Chandani Nadig,Shivpuri,Tamil Nadu,2022-04-21
C003337,Rajata Soni,Pallavaram,Madhya Pradesh,2024-03-03
C003338,Raghav Bora,Begusarai,Uttar Pradesh,2022-05-05
C003339,Xalak Mitra,Nadiad,Bihar,2026-07-30
C003340,Omkaar Krish,Kochi,Kerala,2024-01-30
C003341,Faqid Khanna,Thanjavur,Gujarat,2024-06-25
C003342,Nirja Sant,Munger,Assam,2025-02-14
C003343,Hemangini Nazareth,North Dumdum,Goa,2025-11-21
C003344,Falan Agate,Bharatpur,Jharkhand,2025-10-20
C003345,Unnati Majumdar,Purnia,Madhya Pradesh,2024-01-25
C003346,Dalbir Balasubramanian,Aligarh,Odisha,2024-07-24
C003347,Siya Pall,Dhule,Kerala,2024-10-05
C003348,Madhav Gour,Chandigarh,Manipur,2022-12-28
C003349,Netra Deol,Machilipatnam,Kerala,2021-11-19
C003350,Lavanya Anand,Lucknow,Sikkim,2022-01-11
C003351,Chaitaly Maharaj,Korba,Andhra Pradesh,2024-11-17
C003352,Pranit Lad,Anand,Manipur,2022-07-15
C003353,Aarush Sabharwal,Hosur,Punjab,2022-03-02
C003354,Harish Sunder,Jorhat,Chhattisgarh,2021-09-23
C003355,Nikita Ganguly,Orai,Telangana,2022-08-11
C003356,Indali Edwin,Berhampur,Chhattisgarh,2026-05-12
C003357,Pratyush Gill,Anantapuram,Andhra Pradesh,2026-03-23
C003358,Urishilla Narain,Hajipur,Gujarat,2024-09-16
C003359,Azad Agarwal,Tiruchirappalli,Arunachal Pradesh,2026-05-18
C003360,Sneha D’Alia,Serampore,Uttar Pradesh,2022-07-13
C003361,Yatin Palan,Satara,Gujarat,2024-05-17
C003362,Madhav Gala,Chennai,Uttar Pradesh,2025-05-18
C003363,Jacob Parsa,Miryalaguda,Arunachal Pradesh,2025-08-12
C003364,Ayush Datta,Srinagar,Andhra Pradesh,2024-03-20
C003365,Bhavna Narayan,Barasat,Assam,2024-06-30
C003366,Yashvi Chandran,Tumkur,Meghalaya,2026-05-23
C003367,Suhani Mani,Jamalpur,Arunachal Pradesh,2023-02-26
C003368,Yashvi Kapoor,Kharagpur,Haryana,2024-08-04
C003369,Aryan Karan,Proddatur,Odisha,2022-08-24
C003370,Gunbir Kapadia,Chandrapur,Haryana,2025-02-01
C003371,Eiravati Narula,Hapur,Meghalaya,2024-10-30
C003372,Ansh Mall,Ramgarh,Telangana,2021-09-02
C003373,Qushi Bawa,Secunderabad,Chhattisgarh,2026-02-01
C003374,Alexander Purohit,Nashik,Madhya Pradesh,2024-06-26
C003375,Tripti Khosla,Bidhannagar,Tripura,2023-12-28
C003376,Sachi Bassi,Silchar,Karnataka,2022-11-21
C003377,Oeshi Chander,Gurgaon,Sikkim,2026-06-06
C003378,Chandani Bhardwaj,Secunderabad,Haryana,2021-11-02
C003379,Robert Srinivas,Tadepalligudem,Punjab,2023-01-12
C003380,Chakrika Luthra,Jaunpur,Tripura,2025-11-28
C003381,Ekantika Andra,Udaipur,Haryana,2022-11-11
C003382,Owen Kala,Anand,Andhra Pradesh,2021-12-08
C003383,Fariq Sha,Aizawl,Bihar,2024-06-24
C003384,Yatin Rao,Khammam,Nagaland,2024-07-16
C003385,Tara Manda,Yamunanagar,Goa,2025-11-28
C003386,Alexander Gaba,Dehradun,Kerala,2025-07-05
C003387,William Kala,Asansol,Punjab,2024-07-15
C003388,Jagrati Golla,Gwalior,Karnataka,2026-03-28
C003389,Lila Kara,Parbhani,Andhra Pradesh,2022-11-08
C003390,Manya Gour,Mango,Goa,2022-07-05
C003391,Chakrika Dugar,Mira-Bhayandar,Andhra Pradesh,2024-03-26
C003392,Nikita Shetty,Jamshedpur,Kerala,2023-09-17
C003393,Nidra Raja,Fatehpur,West Bengal,2021-09-15
C003394,Timothy Date,Patna,Gujarat,2022-09-11
C003395,Naksh Tella,Barasat,Nagaland,2024-09-17
C003396,Qasim Dora,Gurgaon,Bihar,2026-08-22
C003397,Hitesh Khatri,Rajpur Sonarpur,Kerala,2023-08-02
C003398,Vidhi Chad,Delhi,Arunachal Pradesh,2021-11-06
C003399,Harita Sani,Gandhinagar,Chhattisgarh,2023-03-26
C003400,Krisha Mand,Rajkot,Mizoram,2024-10-18
C003401,Dayamai Agate,Adoni,Punjab,2022-11-17
C003402,Aadi Mangal,Bellary,Chhattisgarh,2023-08-29
C003403,Lekha Sidhu,Deoghar,Tripura,2022-04-22
C003404,Garima Puri,Gandhidham,Telangana,2024-02-11
C003405,Sachi Arya,Srikakulam,Jharkhand,2024-08-30
C003406,Hemang Buch,Panchkula,Maharashtra,2025-03-30
C003407,Harini Bhardwaj,Belgaum,Sikkim,2025-09-02
C003408,Ekalinga Dass,Ramgarh,Goa,2026-05-17
C003409,Ekani Sood,Vellore,Sikkim,2022-04-18
C003410,Nachiket Deo,Coimbatore,Sikkim,2022-08-19
C003411,Vanya Sathe,Kharagpur,Rajasthan,2025-09-23
C003412,Samarth Nayak,Bhavnagar,Chhattisgarh,2023-05-09
C003413,Jatin Zacharia,Bhimavaram,Chhattisgarh,2022-04-10
C003414,Kritika Varughese,Anand,Kerala,2025-03-09
C003415,Widisha Chacko,Baranagar,West Bengal,2022-12-16
C003416,Reyansh Bains,Bhopal,Telangana,2023-09-30
C003417,Gayathri Korpal,Latur,Tamil Nadu,2022-04-15
C003418,Luke Lad,Hapur,Punjab,2025-12-08
C003419,Lajita Joshi,Nangloi Jat,Tripura,2026-03-21
C003420,Harshil Swaminathan,Mehsana,Maharashtra,2024-07-30
C003421,Harita Kade,Kalyan-Dombivli,Bihar,2022-07-02
C003422,Azaan Rama,Ujjain,Tamil Nadu,2025-04-21
C003423,Brinda Gour,Raiganj,West Bengal,2023-07-16
C003424,Devansh Dhawan,South Dumdum,Himachal Pradesh,2024-05-08
C003425,Thomas Kothari,Ambarnath,Sikkim,2024-12-31
C003426,Libni Singh,Bhilwara,Mizoram,2025-06-02
C003427,Pooja Dutta,Alwar,Uttarakhand,2026-07-31
C003428,Jhalak Dara,Aizawl,Maharashtra,2022-11-03
C003429,Abdul Sachdev,Tezpur,Maharashtra,2024-06-11
C003430,Gauri Choudhary,Meerut,West Bengal,2025-04-02
C003431,Sara Sahni,Mangalore,Punjab,2023-08-19
C003432,Anthony Sastry,Bardhaman,Sikkim,2023-12-15
C003433,Elijah Deep,Barasat,Maharashtra,2024-10-27
C003434,Quincy Din,Jalna,Meghalaya,2025-08-03
C003435,Bhavini Pai,Tezpur,Manipur,2022-10-30
C003436,Jackson Venkatesh,Faridabad,Manipur,2021-11-14
C003437,Victor Wagle,Tiruchirappalli,Jharkhand,2025-07-07
C003438,Xavier Hans,Bhatpara,Tamil Nadu,2022-02-21
C003439,Edhitha Bhatt,Morbi,Madhya Pradesh,2025-06-14
C003440,Megha Hegde,Muzaffarnagar,Sikkim,2022-11-10
C003441,Sai Agrawal,Jabalpur,Chhattisgarh,2022-12-14
C003442,Chandran Vasa,Ambala,Himachal Pradesh,2022-09-28
C003443,Zehaan Jani,Rajpur Sonarpur,Maharashtra,2025-07-03
C003444,Arin Upadhyay,Panvel,Punjab,2025-02-10
C003445,Frederick Jhaveri,Bangalore,West Bengal,2024-07-08
C003446,Bhavika Saran,Nagpur,Nagaland,2024-10-25
C003447,Ati Ben,Maheshtala,Chhattisgarh,2023-11-21
C003448,Girik Kale,Dhanbad,Uttarakhand,2021-09-02
C003449,Hritik Narula,Katni,Bihar,2025-09-15
C003450,Darpan Zachariah,Thrissur,Mizoram,2025-12-31
C003451,Bhavika Kumer,Ghaziabad,Jharkhand,2022-03-09
C003452,Wyatt Bhatt,Machilipatnam,Madhya Pradesh,2025-12-29
C003453,Faqid Kala,Jhansi,Mizoram,2022-07-17
C003454,Yutika Kalla,Tirupati,Manipur,2024-05-20
C003455,Yashasvi Bedi,Kalyan-Dombivli,Punjab,2021-10-07
C003456,Neha Varty,Eluru,Jharkhand,2025-06-20
C003457,Vidhi Seshadri,Vadodara,Assam,2021-12-24
C003458,Turvi Chauhan,Medininagar,Mizoram,2026-06-01
C003459,Veda Chauhan,Tiruchirappalli,Bihar,2024-10-10
C003460,Panini Varughese,Gorakhpur,Assam,2026-07-03
C003461,Lekha Sarna,Adoni,Telangana,2026-02-05
C003462,Rushil Dutta,Amritsar,Meghalaya,2022-01-07
C003463,Ayaan Natarajan,Dindigul,Gujarat,2023-11-03
C003464,Ekalinga Pall,Khammam,Manipur,2022-12-09
C003465,Yatin Patla,Shahjahanpur,Odisha,2025-12-29
C003466,Barkha Dutta,Silchar,Sikkim,2022-11-15
C003467,Upadhriti Subramaniam,Karaikudi,Arunachal Pradesh,2022-03-25
C003468,Amrita Sandal,Motihari,Meghalaya,2023-06-08
C003469,Samaksh Ahuja,Kottayam,Karnataka,2023-05-28
C003470,Turvi Gola,Yamunanagar,Maharashtra,2026-06-06
C003471,Aadhya Nadig,Uluberia,Uttar Pradesh,2022-03-09
C003472,Ekaja Dass,Dewas,Maharashtra,2022-07-27
C003473,Aayush Sibal,Chennai,Nagaland,2026-06-19
C003474,Jeremiah Anand,Rajahmundry,Nagaland,2023-01-31
C003475,Vaishnavi Singh,Bhiwandi,Bihar,2025-12-05
C003476,Logan Nagar,Ongole,Rajasthan,2025-12-13
C003477,Rushil Agarwal,Bangalore,Manipur,2022-05-15
C003478,Elijah Bava,Alwar,Chhattisgarh,2023-04-24
C003479,Bina Suresh,Faridabad,Kerala,2025-10-10
C003480,Upasna Chandra,Jamshedpur,Sikkim,2026-08-05
C003481,Hritik Puri,Phagwara,Maharashtra,2024-08-21
C003482,Neha Shah,Sagar,Arunachal Pradesh,2024-11-16
C003483,Robert Mani,Pune,Andhra Pradesh,2024-10-13
C003484,Neel Manda,Nadiad,Sikkim,2024-10-06
C003485,Tara Iyer,Warangal,Uttarakhand,2022-06-01
C003486,Aarna Kohli,Berhampore,Andhra Pradesh,2024-09-28
C003487,Vanya Kohli,Dhanbad,Tripura,2022-08-20
C003488,Waida Contractor,Ozhukarai,Arunachal Pradesh,2022-06-25
C003489,Ekapad Ranganathan,Gurgaon,Andhra Pradesh,2021-12-04
C003490,Krish Rattan,Karaikudi,Odisha,2023-06-11
C003491,Upadhriti Nayar,Miryalaguda,West Bengal,2023-05-24
C003492,Eiravati Mani,Secunderabad,Meghalaya,2022-06-04
C003493,Hritik Mander,Chittoor,Odisha,2022-06-10
C003494,Leena Kibe,Munger,West Bengal,2024-01-29
C003495,Nachiket Bajaj,Mysore,Meghalaya,2022-11-04
C003496,Pallavi Patla,Kadapa,Chhattisgarh,2024-04-21
C003497,Gauri Lalla,Panchkula,Sikkim,2022-10-04
C003498,Aarnav Baral,Ajmer,Andhra Pradesh,2026-04-23
C003499,Chandran Chadha,Burhanpur,Uttar Pradesh,2021-10-24
C003500,Gabriel Bajwa,Parbhani,Gujarat,2022-11-19
C003501,Ishwar Rattan,Howrah,Rajasthan,2023-05-08
C003502,Ekaja Salvi,Eluru,Punjab,2023-05-16
C003503,Gaurav Bhardwaj,Agra,Odisha,2022-02-09
C003504,Dominic Sawhney,Delhi,Uttar Pradesh,2024-04-19
C003505,Oscar Vyas,Thanjavur,Tamil Nadu,2024-01-13
C003506,Gautami Gole,Berhampur,Arunachal Pradesh,2023-11-24
C003507,Sachi Sahni,Hubli–Dharwad,Haryana,2025-03-20
C003508,Onkar Walla,Anand,Uttar Pradesh,2022-05-13
C003509,Laksh Sanghvi,Karnal,West Bengal,2026-07-13
C003510,Tara Kunda,Delhi,West Bengal,2024-08-14
C003511,Ethan Chakrabarti,Karnal,Sikkim,2026-05-01
C003512,Yash Anand,Mehsana,Gujarat,2025-06-22
C003513,Liam Chandra,Aizawl,Chhattisgarh,2025-04-03
C003514,Urvi Reddy,Bhopal,Tripura,2022-07-19
C003515,Vedika Sane,Navi Mumbai,Mizoram,2025-11-16
C003516,Mitali Dass,Alappuzha,Haryana,2025-05-05
C003517,Aryan Chahal,Nanded,Manipur,2025-01-29
C003518,Nathan Gour,Bhiwani,Maharashtra,2025-06-10
C003519,Robert Sem,Guwahati,Madhya Pradesh,2024-06-05
C003520,Rachit Yogi,Madhyamgram,Jharkhand,2026-08-09
C003521,Eesha Wason,Bhavnagar,Karnataka,2024-07-26
C003522,Varsha Shroff,Raebareli,Karnataka,2025-11-19
C003523,Chaman Bakshi,Proddatur,Kerala,2026-03-11
C003524,Edhitha Balan,Ramagundam,Bihar,2025-05-31
C003525,Lila Narayan,Suryapet,Odisha,2023-04-08
C003526,Liam Pandey,Etawah,Uttar Pradesh,2022-06-15
C003527,Faris Comar,Hajipur,Maharashtra,2021-12-31
C003528,Jalsa Bassi,Madanapalle,Goa,2023-11-22
C003529,Pratyush Virk,Kishanganj,Uttarakhand,2025-11-04
C003530,Ubika Bawa,Pune,Tripura,2022-11-12
C003531,Andrew Dasgupta,Jalgaon,Karnataka,2021-10-10
C003532,Yashica Raman,Kumbakonam,Himachal Pradesh,2023-02-13
C003533,Neelima Padmanabhan,Bokaro,Goa,2023-08-06
C003534,Nikita Kade,Kishanganj,Andhra Pradesh,2024-12-07
C003535,Benjamin Arya,Thiruvananthapuram,Andhra Pradesh,2022-10-27
C003536,Orinder Rajan,Kolhapur,Himachal Pradesh,2026-07-20
C003537,Januja Khare,Tumkur,Andhra Pradesh,2024-06-10
C003538,George Malhotra,Katni,Sikkim,2024-10-15
C003539,Warhi Kumer,Nadiad,Nagaland,2025-11-09
C003540,Janaki Modi,Serampore,Haryana,2023-10-30
C003541,Dominic Mand,Haldia,Nagaland,2026-03-24
C003542,Irya Varkey,Agartala,Mizoram,2023-05-09
C003543,Veer Pandit,Kozhikode,West Bengal,2025-03-16
C003544,Tarak Saraf,Dewas,Mizoram,2024-04-30
C003545,Mitesh Balan,Bhalswa Jahangir Pur,Kerala,2026-02-15
C003546,Aayush Trivedi,Latur,Goa,2025-02-20
C003547,Zayan Mital,Chinsurah,Punjab,2024-07-13
C003548,Ishani Bajwa,Imphal,Uttar Pradesh,2022-03-04
C003549,Azad Gill,Rewa,Manipur,2023-01-26
C003550,Charan Shankar,Parbhani,Goa,2023-05-02
C003551,Unni Sekhon,Unnao,Chhattisgarh,2024-05-04
C003552,Hemani Agrawal,Kishanganj,Andhra Pradesh,2022-03-16
C003553,Lakshit Nayak,Bhubaneswar,Kerala,2021-12-28
C003554,Aayush Mital,Lucknow,Sikkim,2023-03-28
C003555,Devika Kadakia,Ambattur,Assam,2022-11-06
C003556,Alka Kaul,Pallavaram,Punjab,2024-06-23
C003557,Farhan Chaudhry,Ajmer,Haryana,2024-08-30
C003558,Anvi Ganesan,Secunderabad,Goa,2025-08-01
C003559,Manthan Saraf,South Dumdum,Uttar Pradesh,2024-08-03
C003560,Charan Viswanathan,Shimla,Haryana,2026-02-28
C003561,Inaya Pall,Tiruvottiyur,Assam,2023-11-15
C003562,Banjeet Buch,North Dumdum,Bihar,2022-05-01
C003563,Daksha Padmanabhan,Satara,Tripura,2023-07-15
C003564,Azad Sahni,Bhalswa Jahangir Pur,Goa,2026-04-16
C003565,Ojasvi Shah,Shahjahanpur,Manipur,2023-10-17
C003566,Girish Dey,Ratlam,Uttarakhand,2025-09-16
C003567,Pallavi Ganesan,Bardhaman,Bihar,2023-02-21
C003568,Ayush Varkey,Hajipur,Bihar,2026-01-05
C003569,Manya Dutta,Giridih,Punjab,2022-03-02
C003570,Vivaan Chacko,New Delhi,Andhra Pradesh,2023-08-30
C003571,Ethan Sarin,Allahabad,Jharkhand,2024-07-08
C003572,Forum Zacharia,Cuttack,Sikkim,2025-03-24
C003573,Vedant Chaudhry,Thrissur,Himachal Pradesh,2023-08-12
C003574,Darika Thakkar,Mysore,Sikkim,2024-02-23
C003575,Dakshesh Dhillon,Narasaraopet,Uttarakhand,2023-09-22
C003576,Chameli Peri,Ulhasnagar,Nagaland,2023-02-27
C003577,Hredhaan Koshy,Mira-Bhayandar,Meghalaya,2024-09-28
C003578,Riya Radhakrishnan,Udaipur,Punjab,2022-03-17
C003579,Garima Master,Baranagar,Rajasthan,2023-11-12
C003580,Frederick Verma,Dewas,Haryana,2025-05-16
C003581,Umang Chad,Sangli-Miraj & Kupwad,Sikkim,2026-08-23
C003582,Veda Dani,Pondicherry,Andhra Pradesh,2025-02-18
C003583,Ishwar Sibal,Pali,Uttar Pradesh,2024-07-21
C003584,Siya Kala,Danapur,Bihar,2025-04-19
C003585,Fiyaz Bera,Berhampur,Uttarakhand,2022-12-27
C003586,Guneet Koshy,Tezpur,Assam,2024-05-28
C003587,Tejas Sharma,Karawal Nagar,Bihar,2021-11-22
C003588,Laksh Varkey,Morbi,Andhra Pradesh,2025-06-04
C003589,Hiral Buch,Thiruvananthapuram,Arunachal Pradesh,2023-10-30
C003590,Eesha Behl,Belgaum,Andhra Pradesh,2022-10-11
C003591,Yagnesh Talwar,Kakinada,Telangana,2024-04-19
C003592,Christopher Garde,Ambala,Madhya Pradesh,2025-07-07
C003593,Champak Khanna,Darbhanga,Andhra Pradesh,2023-06-01
C003594,Nikita Sharaf,Bihar Sharif,Rajasthan,2022-04-01
C003595,Wriddhish Samra,Varanasi,Assam,2023-09-26
C003596,Sanya Gera,Nashik,West Bengal,2024-05-01
C003597,Yagnesh Konda,Gandhinagar,Arunachal Pradesh,2022-07-09
C003598,Nathaniel Dixit,Navi Mumbai,Haryana,2026-03-21
C003599,Janaki Keer,Patna,Tripura,2026-05-06
C003600,Faraj Ram,Bulandshahr,Haryana,2025-03-13
C003601,Wazir Yogi,Nangloi Jat,Haryana,2024-11-24
C003602,Unnati Uppal,Shivpuri,Maharashtra,2025-10-06
C003603,Chakradhar Basak,Raichur,Chhattisgarh,2022-05-09
C003604,Harish Bedi,Bangalore,Manipur,2022-08-20
C003605,Wyatt Luthra,Bhopal,Uttar Pradesh,2026-03-14
C003606,Hemang Gole,Berhampore,Andhra Pradesh,2026-03-01
C003607,Faris Choudhary,Bilaspur,Uttar Pradesh,2024-04-01
C003608,Aashi Patla,Medininagar,Meghalaya,2022-11-14
C003609,Hemangini Nigam,Raipur,Punjab,2023-04-01
C003610,Priya Tara,Noida,Manipur,2025-06-17
C003611,Yachana Tella,Ajmer,West Bengal,2025-04-14
C003612,Irya Rattan,Guntur,Telangana,2025-01-30
C003613,Ridhi Kanda,Serampore,Kerala,2025-11-14
C003614,Tara Chaudhari,Tinsukia,West Bengal,2026-02-16
C003615,Bhavini Batra,Kolhapur,Gujarat,2024-02-13
C003616,Ekapad Mittal,Katni,Madhya Pradesh,2023-02-28
C003617,Panini Jayaraman,Mumbai,Jharkhand,2022-08-09
C003618,Tanvi Saha,Bihar Sharif,Goa,2022-07-14
C003619,Quincy Merchant,Gorakhpur,Punjab,2025-01-14
C003620,Sarthak Sagar,Nangloi Jat,Andhra Pradesh,2023-10-17
C003621,Dhriti Purohit,Guntakal,Mizoram,2025-10-09
C003622,Tarak Purohit,Delhi,Andhra Pradesh,2024-01-12
C003623,Vidhi Kari,Ambattur,Tamil Nadu,2022-05-02
C003624,Pratyush Dhillon,Rourkela,Meghalaya,2022-02-26
C003625,Forum Kapoor,Rajkot,Arunachal Pradesh,2023-11-29
C003626,Krishna Dhillon,Jodhpur,Nagaland,2025-07-04
C003627,Kabir Varghese,Parbhani,Meghalaya,2022-09-20
C003628,Anmol Chahal,Amroha,Tamil Nadu,2026-08-17
C003629,Chatresh Srinivasan,Sultan Pur Majra,Mizoram,2026-02-03
C003630,Vansha Mane,Ghaziabad,Arunachal Pradesh,2024-05-07
C003631,Krishna Chhabra,Amravati,Bihar,2024-01-15
C003632,Gautami Sahni,Hazaribagh,Telangana,2022-06-21
C003633,Aditya Sant,Kumbakonam,Gujarat,2024-04-30
C003634,Yagnesh Chandra,Kollam,Uttarakhand,2022-06-19
C003635,Triya Peri,Sultan Pur Majra,Uttarakhand,2023-03-07
C003636,Harshil Sahota,Narasaraopet,Maharashtra,2023-07-09
C003637,Yashica Bobal,Chapra,Uttarakhand,2023-06-18
C003638,Manya Wali,Nashik,Bihar,2023-06-05
C003639,Xalak Bose,Kumbakonam,Kerala,2023-04-08
C003640,Ishwar Ramachandran,Jammu,Maharashtra,2022-09-09
C003641,Faraj Singhal,Agartala,Odisha,2021-12-22
C003642,Dayita Bhalla,Fatehpur,Sikkim,2023-01-20
C003643,Chakrika Prabhu,Ambala,Haryana,2024-07-27
C003644,Wahab Dasgupta,Ongole,West Bengal,2024-01-13
C003645,Mitesh Dhillon,Tiruvottiyur,Bihar,2025-05-22
C003646,Ekaraj Gour,Proddatur,Assam,2023-10-29
C003647,Oviya Gola,South Dumdum,Tamil Nadu,2023-04-06
C003648,Baljiwan Dara,Muzaffarpur,Odisha,2023-11-20
C003649,Aarna Chaudhari,Miryalaguda,Himachal Pradesh,2024-05-16
C003650,Girindra Murthy,Bellary,Tripura,2022-02-10
C003651,Abhiram Singhal,Saharsa,Sikkim,2024-07-15
C003652,Priya Mohan,Adoni,Nagaland,2025-08-14
C003653,Arunima Balay,Moradabad,Manipur,2025-10-11
C003654,Falguni Chander,Rewa,Mizoram,2022-03-18
C003655,Samuel Kale,Nellore,Maharashtra,2025-07-07
C003656,Vanya Deshpande,Nangloi Jat,Sikkim,2023-08-04
C003657,Advay Gole,Mira-Bhayandar,Rajasthan,2023-02-15
C003658,Anamika Chandra,Ghaziabad,Maharashtra,2023-10-03
C003659,Wahab Saraf,Aizawl,Andhra Pradesh,2022-06-19
C003660,Dayita Mannan,Gulbarga,Jharkhand,2026-05-14
C003661,Nachiket Balasubramanian,Parbhani,Haryana,2024-10-16
C003662,Darika Sarna,Etawah,Tamil Nadu,2022-06-09
C003663,Yutika Sandhu,Naihati,Maharashtra,2023-12-30
C003664,Bhavani Chauhan,Shimla,Kerala,2023-04-20
C003665,Reyansh Sibal,Imphal,Jharkhand,2022-10-22
C003666,Ekta Chander,Danapur,Uttarakhand,2023-03-10
C003667,Faqid Bobal,Kollam,Karnataka,2024-12-03
C003668,Amara Golla,Vadodara,Rajasthan,2023-02-24
C003669,Varsha Raja,Bhiwani,Odisha,2025-04-07
C003670,Oliver Palan,Ahmednagar,Nagaland,2024-12-05
C003671,Zashil Chander,Hosur,Uttar Pradesh,2023-04-19
C003672,Vihaan Mody,Parbhani,Rajasthan,2022-12-06
C003673,Aarnav Radhakrishnan,Belgaum,Mizoram,2023-04-06
C003674,Nimrat Halder,Dewas,Sikkim,2026-01-24
C003675,Wazir Kurian,Chittoor,Kerala,2022-07-15
C003676,Rajata Kumar,Guna,Maharashtra,2024-09-28
C003677,Parth Mane,Kishanganj,Goa,2024-12-05
C003678,Forum Oza,Hospet,Himachal Pradesh,2023-05-27
C003679,Anthony Palan,Karaikudi,Rajasthan,2026-02-11
C003680,Anita Srinivasan,Kulti,Odisha,2025-04-18
C003681,Bhanumati Narain,North Dumdum,Punjab,2022-06-25
C003682,Nidhi Narasimhan,Rampur,Manipur,2022-09-22
C003683,Aayush Barad,Panipat,Chhattisgarh,2026-05-07
C003684,Simon Maharaj,Phagwara,Rajasthan,2025-01-30
C003685,Zaitra Saraf,Hospet,Odisha,2026-04-01
C003686,Tanmayi Babu,Aligarh,Manipur,2021-11-08
C003687,Charan Chada,Gandhidham,Assam,2022-05-09
C003688,Tanveer Viswanathan,Sultan Pur Majra,Bihar,2024-07-12
C003689,Varsha Parmer,Bhiwani,Telangana,2024-06-08
C003690,Hamsini Bose,Jaipur,Sikkim,2022-06-25
C003691,Vyanjana Master,Phusro,Telangana,2023-03-15
C003692,Bhanumati Johal,Phagwara,Rajasthan,2025-05-13
C003693,Anirudh Mall,Pune,Rajasthan,2024-07-07
C003694,Nilima Karnik,Tiruvottiyur,Jharkhand,2022-01-19
C003695,Aishani Gokhale,Madurai,Meghalaya,2026-03-26
C003696,Garima Sehgal,Dewas,Arunachal Pradesh,2022-10-09
C003697,Daksh Khosla,Pallavaram,Maharashtra,2023-02-17
C003698,Charvi Varkey,Bulandshahr,Tripura,2023-10-14
C003699,Yash Ray,Kharagpur,Gujarat,2024-05-30
C003700,Timothy Bahl,Lucknow,Tripura,2022-05-04
C003701,Reva Purohit,Guwahati,Uttar Pradesh,2023-06-09
C003702,Chaitaly Thakur,Siliguri,West Bengal,2025-10-30
C003703,Inaya Viswanathan,Fatehpur,Arunachal Pradesh,2023-07-03
C003704,Falak Sachdeva,Faridabad,Gujarat,2025-04-04
C003705,Zehaan Modi,Rajpur Sonarpur,Rajasthan,2023-11-11
C003706,Yashoda Purohit,Muzaffarpur,Bihar,2026-03-27
C003707,Matthew Hayre,Uluberia,Manipur,2025-04-02
C003708,Vansha Batta,Muzaffarnagar,Uttarakhand,2022-09-20
C003709,Charvi Mammen,Surendranagar Dudhrej,Manipur,2025-04-21
C003710,Odika Deshpande,Sambalpur,Madhya Pradesh,2025-06-12
C003711,Benjamin Upadhyay,Shimla,Himachal Pradesh,2025-11-18
C003712,Anjali Mangat,Baranagar,Uttarakhand,2025-12-09
C003713,Lakshit Pandya,Amroha,Telangana,2025-07-29
C003714,Ayaan Khatri,Pali,Manipur,2025-03-27
C003715,Baghyawati Bakshi,Jalgaon,Andhra Pradesh,2025-09-30
C003716,Unni Pant,Aizawl,Punjab,2025-06-14
C003717,Ryan Misra,Aurangabad,Karnataka,2025-09-02
C003718,Sarthak Bhargava,Patna,Rajasthan,2022-01-22
C003719,Bahadurjit Rege,Sikar,Kerala,2025-12-20
C003720,Wyatt Mannan,Tiruvottiyur,Haryana,2026-02-18
C003721,Pahal Pau,Tiruvottiyur,Goa,2023-05-15
C003722,Nisha Sani,Ahmedabad,West Bengal,2021-12-23
C003723,Unnati Balakrishnan,Coimbatore,Arunachal Pradesh,2023-10-02
C003724,Janaki Sama,Vijayawada,Punjab,2025-12-07
C003725,Dipta Buch,Motihari,Bihar,2024-05-15
C003726,Sara Malhotra,Purnia,Assam,2024-04-26
C003727,Upma Sen,Tiruchirappalli,Mizoram,2025-02-19
C003728,Aadi Mand,Ballia,Maharashtra,2025-01-24
C003729,Manan Babu,Guntur,Kerala,2025-02-06
C003730,Kavya Badal,Bally,Tamil Nadu,2023-01-22
C003731,Vincent Aggarwal,Ramgarh,Tamil Nadu,2023-03-31
C003732,Pahal Mangal,Satna,Himachal Pradesh,2025-10-03
C003733,Pahal Ghosh,Jabalpur,Himachal Pradesh,2022-02-17
C003734,Ekalinga Kalita,Katihar,Madhya Pradesh,2024-11-11
C003735,Darika Sundaram,Hospet,West Bengal,2023-09-26
C003736,Gautam Kulkarni,Orai,Karnataka,2023-02-02
C003737,Tamanna Mistry,Warangal,Andhra Pradesh,2023-04-07
C003738,Adweta Manda,Pune,Telangana,2023-01-30
C003739,Yamini Srivastava,Raurkela Industrial Township,Assam,2026-03-27
C003740,Odika Mukherjee,Nangloi Jat,Jharkhand,2022-06-23
C003741,Gautam Jani,Solapur,Mizoram,2023-04-06
C003742,Lohit Pant,Thiruvananthapuram,Himachal Pradesh,2025-03-22
C003743,Farhan Palla,Hajipur,Tripura,2026-03-29
C003744,Oliver Dani,Jamalpur,Punjab,2024-06-14
C003745,Dalbir Virk,Aurangabad,Goa,2026-05-18
C003746,Ganga Patel,Gandhinagar,Manipur,2024-08-07
C003747,Tanveer Yogi,Jalandhar,Odisha,2023-07-16
C003748,Gavin Barman,Thiruvananthapuram,Nagaland,2022-03-21
C003749,Lekha Gulati,Warangal,Tamil Nadu,2023-02-19
C003750,Naksh Chauhan,Ramgarh,Manipur,2023-09-22
C003751,Harsh Ghose,Kottayam,Karnataka,2022-12-24
C003752,Reyansh Merchant,Chandigarh,Jharkhand,2025-01-29
C003753,Ronith Krish,Thoothukudi,Rajasthan,2024-09-11
C003754,Rohan Bhagat,Pondicherry,Haryana,2021-12-30
C003755,Daniel Mohanty,Hyderabad,Manipur,2025-05-31
C003756,Harish Batta,Karimnagar,Punjab,2026-05-02
C003757,Dhriti Nagarajan,Vellore,Telangana,2025-05-04
C003758,Dalaja Nanda,Jamshedpur,Uttar Pradesh,2026-05-31
C003759,Guneet Dhaliwal,Srikakulam,West Bengal,2023-12-08
C003760,Michael Bhakta,Aizawl,Sikkim,2022-05-12
C003761,Arin Saini,Eluru,Rajasthan,2024-11-25
C003762,Anay Bhargava,Kozhikode,Sikkim,2023-10-16
C003763,Jatin Ravel,Erode,Uttarakhand,2025-12-12
C003764,Max Chacko,Raurkela Industrial Township,Rajasthan,2025-01-31
C003765,Lakshmi Raj,Ludhiana,Mizoram,2023-04-24
C003766,Watika Chadha,Hyderabad,Kerala,2026-07-02
C003767,Liam Pandey,Bikaner,Tripura,2022-10-17
C003768,Chandran Jaggi,Ulhasnagar,Andhra Pradesh,2022-01-22
C003769,Amara Nori,Warangal,Himachal Pradesh,2023-04-17
C003770,Jason Dhillon,Hubli–Dharwad,Jharkhand,2024-07-05
C003771,Chaitanya Narula,Siliguri,Rajasthan,2026-01-20
C003772,Amol Rai,Tumkur,Nagaland,2021-11-28
C003773,Qabil Lala,Gurgaon,Uttar Pradesh,2024-09-18
C003774,Vansha Lall,Silchar,Tamil Nadu,2024-07-25
C003775,Arin Kurian,Ambala,Telangana,2026-08-20
C003776,Rajata Ramanathan,Kurnool,Arunachal Pradesh,2022-06-18
C003777,Forum Pandya,Guntur,Haryana,2026-01-16
C003778,Yashoda Uppal,Eluru,Kerala,2025-04-14
C003779,Ethan Jha,Faridabad,Maharashtra,2022-10-02
C003780,Arin Chakrabarti,Jammu,Nagaland,2024-11-30
C003781,Ati Subramaniam,Amroha,Assam,2026-07-29
C003782,Tanish Upadhyay,Dhule,Karnataka,2022-09-11
C003783,Ekantika Korpal,Jehanabad,Jharkhand,2024-04-14
C003784,Jairaj Lad,Phusro,Telangana,2022-01-26
C003785,Viraj Morar,Warangal,Nagaland,2023-09-13
C003786,Girik Rege,Thrissur,Rajasthan,2022-02-21
C003787,Timothy Date,Kumbakonam,Andhra Pradesh,2026-05-26
C003788,Yashvi Varughese,Dehri,Telangana,2025-03-08
C003789,Lajita Dixit,Arrah,Tripura,2026-03-19
C003790,Nathan Vora,Jorhat,Andhra Pradesh,2022-08-10
C003791,Mitesh Korpal,Bhagalpur,Arunachal Pradesh,2025-05-19
C003792,Prisha Wason,Bhusawal,Meghalaya,2025-02-23
C003793,Yadavi Badami,Alwar,Karnataka,2026-05-10
C003794,Varsha Luthra,Ramgarh,Karnataka,2026-07-21
C003795,Gaurika Din,Ahmednagar,Kerala,2023-05-16
C003796,Vanya Naidu,Ozhukarai,Punjab,2023-01-05
C003797,Anvi Yogi,Bally,Assam,2022-03-18
C003798,Libni Dugar,Raiganj,Karnataka,2022-09-08
C003799,Waida Samra,Thanjavur,Haryana,2023-12-12
C003800,Ishani Nadkarni,Secunderabad,Tripura,2025-05-16
C003801,Isaac Rau,Bettiah,Punjab,2025-04-17
C003802,Abhiram Bedi,Etawah,Telangana,2025-12-14
C003803,Darsh Choudhary,Nellore,Uttarakhand,2021-12-25
C003804,Falak Soman,Malegaon,Himachal Pradesh,2022-11-23
C003805,Avni Kale,Ghaziabad,Goa,2025-09-29
C003806,Nirja Bava,Junagadh,Rajasthan,2022-01-31
C003807,Yashawini Bandi,Bangalore,Uttar Pradesh,2023-05-26
C003808,Charita Ahluwalia,Thoothukudi,West Bengal,2023-07-12
C003809,Wyatt Prasad,Silchar,Telangana,2025-10-18
C003810,Hiral Narain,Darbhanga,Maharashtra,2021-10-19
C003811,Yash Dube,Thane,Punjab,2025-05-21
C003812,Amara Rau,Shimla,Chhattisgarh,2022-01-27
C003813,Samuel Rana,Chapra,Assam,2022-07-29
C003814,Ikshita Rege,Jamnagar,Uttar Pradesh,2025-12-05
C003815,Brijesh Garde,Raurkela Industrial Township,Karnataka,2023-07-07
C003816,Anmol Tank,Mau,West Bengal,2024-05-21
C003817,Gaurav Dutt,South Dumdum,Maharashtra,2023-11-16
C003818,Kamala Rao,Anand,Himachal Pradesh,2024-02-13
C003819,Aarnav Sehgal,Ongole,Uttarakhand,2024-08-01
C003820,Harish Thaman,Sirsa,Meghalaya,2024-11-06
C003821,Ekapad Dua,Dewas,Bihar,2024-04-10
C003822,Harinakshi Jha,Haldia,Himachal Pradesh,2026-04-09
C003823,Zinal Konda,Aurangabad,Meghalaya,2023-12-24
C003824,Sai Saraf,Nadiad,Tripura,2024-05-18
C003825,Vasana Bahl,Anantapur,Jharkhand,2023-11-27
C003826,Damini Kapadia,Jorhat,Meghalaya,2025-11-08
C003827,Gayathri Roy,Ajmer,Telangana,2021-09-08
C003828,Chatura Sur,New Delhi,Jharkhand,2022-08-15
C003829,Shivansh Parsa,Kirari Suleman Nagar,Bihar,2022-02-05
C003830,Imaran Dasgupta,Nizamabad,Manipur,2025-07-14
C003831,Bhavna Lall,Madurai,Uttarakhand,2023-11-24
C003832,Kiaan Ghose,Ambarnath,Manipur,2025-12-02
C003833,Nandini Kumar,Rajahmundry,Karnataka,2023-12-18
C003834,Dayamai Chandran,Deoghar,Karnataka,2024-11-05
C003835,Tanish Murthy,Patiala,West Bengal,2022-11-23
C003836,Kashish Palla,Ballia,Uttar Pradesh,2024-08-03
C003837,Charvi Sura,Orai,Bihar,2025-02-21
C003838,Chaitanya Dugal,Kochi,Tripura,2023-04-23
C003839,Oliver Khare,Barasat,Manipur,2021-09-05
C003840,Andrew Shroff,Chandrapur,Madhya Pradesh,2025-06-12
C003841,Aachal Tailor,Sambalpur,Jharkhand,2022-09-21
C003842,Ekaja Oak,Kadapa,Tamil Nadu,2023-07-05
C003843,Bhanumati Pradhan,Vadodara,Bihar,2025-08-03
C003844,Rayaan Rama,Surat,Assam,2025-07-30
C003845,Azaan Baral,Bahraich,Telangana,2021-12-18
C003846,Triveni Madan,Unnao,Nagaland,2025-05-05
C003847,Dhriti Murthy,Sikar,Tamil Nadu,2022-12-28
C003848,Janya Khalsa,Raiganj,Madhya Pradesh,2023-10-16
C003849,Rudra Sangha,Mathura,Kerala,2024-09-10
C003850,Chakradev Suresh,Malda,Chhattisgarh,2022-10-17
C003851,Anamika Chada,Ahmednagar,Uttar Pradesh,2024-08-08
C003852,Rishi Amble,Darbhanga,Gujarat,2022-01-24
C003853,Dayita Gala,Tirupati,Punjab,2023-08-05
C003854,Nidhi Kar,Nangloi Jat,Tamil Nadu,2026-06-30
C003855,Riya Bhatnagar,Saharsa,Andhra Pradesh,2023-05-02
C003856,Charan Shan,Bharatpur,Tripura,2025-05-19
C003857,Mitesh Ramakrishnan,Anand,Goa,2024-07-30
C003858,Ojasvi Khalsa,Gudivada,Himachal Pradesh,2022-03-31
C003859,Yashawini Virk,Haldia,Odisha,2022-07-19
C003860,Jonathan Dave,Rourkela,Assam,2023-11-28
C003861,Ekantika Dutt,Gwalior,Bihar,2026-08-24
C003862,Manan Nath,Singrauli,Tripura,2024-05-16
C003863,Aishani Mahajan,Serampore,Tamil Nadu,2023-06-29
C003864,Kavya Nadig,Baranagar,Assam,2022-08-05
C003865,Hema Chada,Eluru,Manipur,2023-04-05
C003866,Hamsini Dhawan,Tiruppur,Nagaland,2026-04-04
C003867,Tarak Saxena,Anand,Jharkhand,2022-07-06
C003868,Watika Buch,Eluru,Sikkim,2022-10-23
C003869,Ayaan Borde,Nagaon,Haryana,2023-05-09
C003870,Ekiya Loke,Jalandhar,Bihar,2023-03-27
C003871,Omkaar Johal,Hyderabad,Gujarat,2021-09-05
C003872,Megha Manne,Karawal Nagar,Arunachal Pradesh,2026-07-16
C003873,Oviya Subramanian,Moradabad,Nagaland,2023-09-07
C003874,Krishna Dhawan,Delhi,Meghalaya,2025-03-31
C003875,Dominic Saha,Bareilly,Meghalaya,2022-12-01
C003876,Baghyawati Viswanathan,Kishanganj,Arunachal Pradesh,2024-03-19
C003877,Yachana Ramakrishnan,Varanasi,Haryana,2023-01-15
C003878,Chameli Narasimhan,Bardhaman,Punjab,2025-04-26
C003879,Chanchal Chopra,Rewa,Arunachal Pradesh,2024-05-30
C003880,Anmol Ram,Jehanabad,Arunachal Pradesh,2026-06-20
C003881,Alexander Karnik,Bikaner,Karnataka,2022-08-21
C003882,Chatresh Dasgupta,Dindigul,Nagaland,2026-07-18
C003883,Raghav Ranganathan,Adoni,Madhya Pradesh,2025-08-13
C003884,Turvi Malhotra,Kochi,Karnataka,2023-10-06
C003885,Yuvraj Rao,Mau,Goa,2025-01-29
C003886,Logan Ghosh,Bhusawal,Odisha,2021-11-16
C003887,Jeevika Majumdar,Ajmer,West Bengal,2023-08-21
C003888,Jhalak Kashyap,Nellore,Sikkim,2022-05-14
C003889,Nilima Pathak,Mathura,Uttar Pradesh,2024-06-09
C003890,Varsha Mukhopadhyay,Nizamabad,Madhya Pradesh,2026-07-19
C003891,Hemani Das,Ujjain,Telangana,2022-05-11
C003892,Champak Chakrabarti,Tinsukia,Haryana,2023-04-11
C003893,Ganga Pillai,Buxar,Odisha,2021-10-07
C003894,Harinakshi Setty,Kumbakonam,Meghalaya,2022-05-11
C003895,Avi Handa,Hapur,Maharashtra,2025-12-02
C003896,Dakshesh Mitter,Bikaner,Himachal Pradesh,2024-11-29
C003897,Forum Chander,Nizamabad,Nagaland,2023-08-21
C003898,Sathvik Khare,Kharagpur,Nagaland,2023-11-13
C003899,Sudiksha Raval,Madhyamgram,West Bengal,2025-05-15
C003900,Aditya Rama,Rajahmundry,Jharkhand,2024-06-04
C003901,Viraj Buch,Patiala,Arunachal Pradesh,2023-08-08
C003902,Peter Lalla,Bidhannagar,Karnataka,2025-12-01
C003903,Harini Dada,Barasat,Nagaland,2024-01-20
C003904,Chavvi Sarna,Bhiwandi,Nagaland,2022-06-15
C003905,Lila Bahri,Ramagundam,Goa,2025-10-11
C003906,Suhani Parsa,Morena,Maharashtra,2022-08-30
C003907,Hritik Behl,Ramgarh,Meghalaya,2024-12-31
C003908,Shivani Pathak,Etawah,Maharashtra,2024-07-26
C003909,Mason Vala,Saharanpur,Goa,2024-12-16
C003910,Chaman Tripathi,Agartala,Sikkim,2021-11-15
C003911,Advaith Tripathi,Nadiad,Mizoram,2024-08-18
C003912,Advay Saraf,Gudivada,Telangana,2023-03-19
C003913,Ekansh Kamdar,Alappuzha,Uttar Pradesh,2026-04-29
C003914,Bahadurjit Savant,Sirsa,Manipur,2024-11-06
C003915,Banjeet Jha,Asansol,Madhya Pradesh,2023-07-24
C003916,Upadhriti Gour,Coimbatore,Sikkim,2022-05-23
C003917,Raksha Khare,Amravati,Chhattisgarh,2026-05-17
C003918,Orinder Grover,Vellore,Nagaland,2023-02-03
C003919,Saksham Gade,Nellore,Sikkim,2023-09-21
C003920,Luke Kale,Nizamabad,Himachal Pradesh,2024-11-20
C003921,Nandini Bala,Buxar,Himachal Pradesh,2023-08-04
C003922,Mohini Padmanabhan,Jhansi,Karnataka,2025-05-21
C003923,Ekantika Dey,Mysore,Chhattisgarh,2025-12-19
C003924,Xavier Subramaniam,Patna,Uttar Pradesh,2024-12-01
C003925,Zehaan Wali,Tumkur,Nagaland,2025-09-26
C003926,Yatan Chhabra,Adoni,Rajasthan,2026-02-02
C003927,Aahana Ganesan,Etawah,Jharkhand,2022-11-18
C003928,Ekiya Kota,Bulandshahr,Tripura,2024-03-28
C003929,Janya Nath,Nangloi Jat,Nagaland,2025-04-10
C003930,Mekhala Bala,Kalyan-Dombivli,Haryana,2022-10-09
C003931,Jason Krish,Ongole,Arunachal Pradesh,2022-06-16
C003932,Nandini Sachdeva,Guntakal,Tripura,2026-07-27
C003933,Urmi Vohra,Kozhikode,Mizoram,2025-11-22
C003934,Faraj Krishnamurthy,Tirupati,Odisha,2024-09-29
C003935,Oscar Chowdhury,Gangtok,Madhya Pradesh,2024-04-19
C003936,Ishwar Sane,Noida,Gujarat,2023-03-21
C003937,Urishilla Agrawal,North Dumdum,Assam,2022-01-06
C003938,Vinaya Muni,Vijayawada,Chhattisgarh,2021-11-04
C003939,Nathaniel Aggarwal,Unnao,Kerala,2024-03-12
C003940,Anita Bhavsar,Bally,Mizoram,2025-11-26
C003941,Ekansh Bhakta,Machilipatnam,Maharashtra,2022-10-13
C003942,Ekaja Badami,Raurkela Industrial Township,Goa,2025-02-11
C003943,Zayyan Majumdar,Faridabad,Haryana,2025-01-19
C003944,Vasana Warrior,Jalna,Telangana,2026-04-13
C003945,Saksham Arya,Guna,Meghalaya,2022-11-14
C003946,Tarak Rao,Purnia,Arunachal Pradesh,2022-05-31
C003947,Gautami Sehgal,Berhampur,Chhattisgarh,2025-01-28
C003948,Faqid Loyal,Orai,Tamil Nadu,2022-07-06
C003949,Abhimanyu Chandran,Varanasi,Telangana,2022-07-28
C003950,Watika Subramanian,Bhopal,Punjab,2022-10-06
C003951,Ethan De,Jamshedpur,West Bengal,2026-06-13
C003952,Ira Date,Ambattur,Tamil Nadu,2022-12-08
C003953,Aarush Luthra,Morena,Odisha,2024-07-23
C003954,Harshil Oza,North Dumdum,Uttar Pradesh,2022-09-23
C003955,Pushti Kakar,Gwalior,Jharkhand,2023-01-25
C003956,Unnati Natt,Barasat,Tamil Nadu,2022-08-09
C003957,Qadim Mistry,Patiala,Odisha,2025-03-03
C003958,Lekha De,Ghaziabad,Assam,2026-01-23
C003959,Ekaraj Gokhale,Ramgarh,Uttar Pradesh,2025-08-29
C003960,Warinder Saraf,Nangloi Jat,Goa,2023-11-10
C003961,Rayaan Mohan,Tiruvottiyur,West Bengal,2024-04-02
C003962,Zilmil Tandon,Mahbubnagar,West Bengal,2024-11-12
C003963,Vamakshi Choudhary,Machilipatnam,Tripura,2024-04-12
C003964,Zarna Bassi,Srikakulam,Odisha,2022-01-23
C003965,Anamika Walla,Sagar,Chhattisgarh,2024-02-27
C003966,Omya Bedi,Dhanbad,Odisha,2024-02-08
C003967,Dominic Saini,Karawal Nagar,Haryana,2025-09-23
C003968,Joshua Mani,Machilipatnam,Madhya Pradesh,2022-11-04
C003969,Jasmit Lal,Patna,Haryana,2025-03-04
C003970,Chatresh Chad,Allahabad,Bihar,2024-06-27
C003971,Unnati Khurana,Raipur,Tripura,2025-07-30
C003972,Qabil Randhawa,Amritsar,Himachal Pradesh,2025-11-04
C003973,Oviya Arya,Amritsar,Mizoram,2023-12-05
C003974,Udant Kalla,Phagwara,Mizoram,2023-12-26
C003975,Damini Gade,Ramgarh,Nagaland,2023-09-22
C003976,Omisha Sagar,Morena,Uttar Pradesh,2022-05-14
C003977,Zaid Bahri,Rourkela,Maharashtra,2023-01-21
C003978,Udyati Keer,Anantapur,Andhra Pradesh,2022-01-10
C003979,Luke Babu,Pimpri-Chinchwad,Maharashtra,2024-03-21
C003980,Niharika Bir,Barasat,Chhattisgarh,2025-07-04
C003981,Zaid Nair,Bhilwara,Sikkim,2022-02-10
C003982,Patrick Kothari,Rewa,Punjab,2025-11-08
C003983,Darsh Sant,Bharatpur,Uttar Pradesh,2023-12-10
C003984,Ronith Mohan,Ramgarh,Madhya Pradesh,2026-08-30
C003985,Aradhana Nagarajan,Gudivada,West Bengal,2023-03-23
C003986,Owen Varghese,Proddatur,Tamil Nadu,2023-07-23
C003987,Tanmayi Hora,Sasaram,Bihar,2023-07-19
C003988,Anmol Srivastava,Bally,Karnataka,2023-10-12
C003989,Chandresh Golla,Bhusawal,Jharkhand,2022-07-12
C003990,Michael Memon,Nizamabad,Andhra Pradesh,2026-07-07
C003991,Rayaan Shanker,Pimpri-Chinchwad,Haryana,2023-08-16
C003992,Chaitanya Naik,Silchar,Arunachal Pradesh,2022-09-24
C003993,Kevin Narain,Bhopal,Meghalaya,2022-06-05
C003994,Ishanvi Nair,Meerut,Uttar Pradesh,2026-08-31
C003995,Charles Mahajan,Saharanpur,Rajasthan,2024-03-17
C003996,Maya Mody,Vijayawada,Odisha,2022-12-29
C003997,Kashish Chahal,Pondicherry,Haryana,2026-01-03
C003998,Vedika Varughese,Dharmavaram,Assam,2023-10-15
C003999,Ansh Palla,Tirupati,Punjab,2023-10-28
C004000,Upma Choudhary,Mehsana,West Bengal,2024-05-02
C004001,Watika Dara,Bhiwani,Uttar Pradesh,2023-08-17
C004002,Yutika Deep,Alappuzha,Haryana,2021-10-24
C004003,Jai Roy,Aurangabad,Sikkim,2026-03-24
C004004,Rachana Khanna,Mira-Bhayandar,Andhra Pradesh,2021-09-02
C004005,Rajata Bora,Kalyan-Dombivli,Jharkhand,2022-12-21
C004006,Dipta Rajan,Bidar,Punjab,2025-06-14
C004007,Faras Mohan,Thrissur,Tamil Nadu,2025-04-04
C004008,Yashasvi Basak,Moradabad,Arunachal Pradesh,2022-05-02
C004009,Omisha Char,Thrissur,Punjab,2022-12-06
C004010,Yochana Vohra,Siwan,Punjab,2023-06-05
C004011,Avni Raman,Kharagpur,Haryana,2026-05-20
C004012,Nikita Trivedi,Jorhat,Telangana,2024-08-29
C004013,Ira Salvi,Etawah,Rajasthan,2021-12-18
C004014,Gaurika Ratta,Nadiad,Meghalaya,2023-03-01
C004015,Advik Srinivas,Morbi,Goa,2021-09-05
C004016,Bina Sem,Nellore,Manipur,2023-06-16
C004017,Osha Mandal,Kirari Suleman Nagar,Mizoram,2023-07-25
C004018,Tristan Bawa,Mahbubnagar,Manipur,2026-02-02
C004019,Harshil Kumer,Anantapuram,Punjab,2026-05-01
C004020,Nisha Shenoy,Bhilwara,Madhya Pradesh,2025-10-02
C004021,Balendra Saran,Hajipur,Mizoram,2025-03-21
C004022,Kashish Biswas,Pallavaram,Bihar,2022-05-18
C004023,Daksha Pandya,Ranchi,Kerala,2024-10-09
C004024,Sarthak Mitter,Hubli–Dharwad,Mizoram,2022-01-29
C004025,Shaurya Din,Patna,Chhattisgarh,2024-08-20
C004026,Priya Narula,Mathura,Tripura,2025-08-29
C004027,Vasatika Khurana,Kollam,Bihar,2024-11-19
C004028,Vasana Chokshi,Vijayanagaram,Bihar,2024-10-27
C004029,Vasana Dube,Kota,Chhattisgarh,2023-11-24
C004030,Lakshit Prasad,Naihati,Karnataka,2021-11-12
C004031,Hema Merchant,Guna,Telangana,2021-12-22
C004032,Warhi Ratti,Patiala,Mizoram,2026-01-01
C004033,Krishna Mukherjee,Jalandhar,Madhya Pradesh,2023-06-28
C004034,Samaksh Manda,Hajipur,Haryana,2022-03-03
C004035,Ayushman Buch,Rajahmundry,Karnataka,2023-01-01
C004036,Upkaar Badami,Alwar,Bihar,2025-05-21
C004037,Dipta Madan,Munger,Chhattisgarh,2026-01-07
C004038,Robert Parmer,Nagaon,Punjab,2024-11-16
C004039,Maanav Nayar,Bidhannagar,Tripura,2024-06-12
C004040,Daksh Agrawal,Warangal,Haryana,2021-12-25
C004041,Udarsh Mangat,Serampore,Madhya Pradesh,2025-08-24
C004042,Harsh Gour,Vijayawada,Sikkim,2024-10-20
C004043,Adweta Chaudry,Guna,Andhra Pradesh,2024-07-12
C004044,Nitara Rau,Varanasi,Tamil Nadu,2026-04-11
C004045,Pranit Kalla,Morbi,Mizoram,2026-05-16
C004046,Anya Sunder,Ballia,Nagaland,2024-11-28
C004047,Omaja Butala,Kolhapur,Meghalaya,2024-12-27
C004048,Baghyawati Mitter,Bhatpara,Andhra Pradesh,2022-11-23
C004049,Aashi Dixit,Jorhat,Nagaland,2025-01-02
C004050,Ekavir Konda,Noida,Manipur,2022-04-26
C004051,Jeevika Barman,Srinagar,Uttarakhand,2022-08-07
C004052,Michael Rai,Dharmavaram,Uttar Pradesh,2022-09-13
C004053,Jairaj Kothari,Chennai,Madhya Pradesh,2022-05-22
C004054,Aishani Sha,Orai,Odisha,2022-09-20
C004055,Jeremiah Murty,Khora ,Chhattisgarh,2024-03-31
C004056,Nimrat Kakar,Rajkot,Arunachal Pradesh,2023-07-16
C004057,Farhan Mand,Davanagere,Tripura,2022-04-04
C004058,Indrajit Chawla,Bangalore,Karnataka,2022-05-24
C004059,Naksh Murty,Raiganj,West Bengal,2026-08-29
C004060,Dayita Muni,Agra,Mizoram,2024-09-26
C004061,Aarav Maharaj,Kharagpur,Manipur,2022-07-07
C004062,Yahvi Shanker,Coimbatore,Andhra Pradesh,2023-05-07
C004063,Adweta Pandya,Darbhanga,Karnataka,2025-09-11
C004064,Michael Shankar,Chittoor,Punjab,2023-12-14
C004065,Suhani Loyal,Korba,Gujarat,2025-06-28
C004066,Aarna Vohra,Delhi,Punjab,2023-08-14
C004067,Hredhaan Karnik,Srikakulam,Jharkhand,2022-06-03
C004068,Nidhi Mital,Kolkata,Uttarakhand,2024-12-10
C004069,Udarsh Ganesh,Hospet,Kerala,2023-08-27
C004070,Chakradev Pall,Sikar,Haryana,2022-05-30
C004071,Finn Bala,Thoothukudi,Jharkhand,2025-02-15
C004072,Noah Nagy,Tenali,Arunachal Pradesh,2024-12-20
C004073,Ansh Bhat,Gandhidham,Jharkhand,2026-02-04
C004074,Ucchal Mital,Ballia,Uttarakhand,2026-01-28
C004075,Yashoda Krishnan,Bhind,Andhra Pradesh,2023-10-05
C004076,Hredhaan Bakshi,Sirsa,Uttar Pradesh,2025-08-25
C004077,Ekbal Saxena,Korba,Rajasthan,2025-10-01
C004078,Dayita Hora,Vadodara,Manipur,2026-02-25
C004079,Indrajit Borah,Aligarh,Odisha,2025-04-06
C004080,Balhaar Mall,Tirunelveli,Assam,2023-12-11
C004081,Chaaya Chadha,Thanjavur,West Bengal,2025-04-05
C004082,Ati Karan,Muzaffarpur,Sikkim,2026-01-29
C004083,Niharika Oommen,Nanded,Haryana,2026-06-29
C004084,Varsha Bala,Muzaffarpur,Kerala,2023-09-27
C004085,Christopher Mukhopadhyay,Yamunanagar,Rajasthan,2025-02-06
C004086,Tanish Raju,Srikakulam,Meghalaya,2025-07-18
C004087,Hemang Sha,Tezpur,West Bengal,2024-03-30
C004088,Mohammed Mahajan,Saharanpur,Gujarat,2026-06-06
C004089,Krisha Narayan,Jamnagar,West Bengal,2025-09-27
C004090,Sudiksha Chanda,Vijayawada,Haryana,2023-12-28
C004091,Jeet Subramaniam,Gandhidham,Arunachal Pradesh,2025-04-29
C004092,Jasmit Patla,Morena,West Bengal,2023-08-12
C004093,Turvi Dass,Bhilai,Madhya Pradesh,2022-10-28
C004094,Aryan Ramaswamy,Uluberia,Tripura,2023-11-26
C004095,Chasmum Rattan,Guntakal,Nagaland,2025-06-22
C004096,Harsh Minhas,Karimnagar,Meghalaya,2021-09-15
C004097,Wazir Krishna,Fatehpur,Tamil Nadu,2022-07-04
C004098,Mitali Dora,Pondicherry,Chhattisgarh,2022-02-17
C004099,Arjun Ghose,Meerut,Andhra Pradesh,2022-01-26
C004100,Indrajit Bhakta,Khammam,Maharashtra,2022-04-17
C004101,Ekavir Sharaf,Kishanganj,Himachal Pradesh,2023-10-24
C004102,Liam Chahal,Mumbai,Arunachal Pradesh,2026-05-24
C004103,Reyansh Wali,Gandhinagar,Uttarakhand,2026-07-16
C004104,Nidhi Sridhar,Thiruvananthapuram,Sikkim,2023-07-09
C004105,Darsh Lalla,Dehri,Bihar,2025-11-12
C004106,Yash Sachar,Ratlam,Telangana,2025-03-24
C004107,Lakshit Date,Bettiah,Nagaland,2022-10-28
C004108,Ansh Roy,Jodhpur,Mizoram,2025-01-17
C004109,Jairaj Srivastava,Rajkot,Rajasthan,2023-07-25
C004110,Nachiket Gupta,Firozabad,Tripura,2022-08-27
C004111,William Sampath,Ratlam,Rajasthan,2022-03-24
C004112,Turvi Saraf,Kanpur,Uttarakhand,2023-09-27
C004113,Umang Bir,Mangalore,Karnataka,2022-11-08
C004114,Neelima Sha,Akola,Madhya Pradesh,2023-09-16
C004115,Abha Nagi,Gaya,Karnataka,2023-03-28
C004116,Aarini Kuruvilla,Saharsa,Himachal Pradesh,2023-10-11
C004117,Radhika Tripathi,Bhiwandi,Assam,2024-04-17
C004118,Timothy Batra,Bardhaman,Andhra Pradesh,2026-01-31
C004119,Ekani Tata,Guwahati,Uttarakhand,2024-07-03
C004120,Ijaya Bhalla,Rourkela,Tripura,2025-10-04
C004121,Charles Garg,Gangtok,Bihar,2022-12-16
C004122,Amaira Ramakrishnan,Bhind,Goa,2022-08-27
C004123,Pranav Ranganathan,Lucknow,Gujarat,2022-11-26
C004124,Ekiya Trivedi,Srinagar,Nagaland,2021-09-20
C004125,Ekaja Padmanabhan,Bhind,Tripura,2023-08-07
C004126,Rohan Parmer,Adoni,Karnataka,2024-08-10
C004127,Madhav Kumar,Agartala,Sikkim,2022-05-23
C004128,Devansh Srinivas,Katni,Manipur,2021-10-06
C004129,Pavani Divan,Singrauli,Rajasthan,2025-08-08
C004130,Hemang Chauhan,Bharatpur,Nagaland,2024-02-23
C004131,Samesh Johal,Kanpur,Nagaland,2022-01-11
C004132,Mitali Krish,Danapur,Tamil Nadu,2022-11-28
C004133,Zayyan Dewan,Rajahmundry,Uttarakhand,2023-02-14
C004134,Balveer Sodhi,Gwalior,Goa,2025-06-02
C004135,Prisha Pandit,Tinsukia,Kerala,2022-12-08
C004136,Aarnav Sodhi,Chennai,Assam,2025-06-26
C004137,Chakrika Devi,Nizamabad,Uttarakhand,2022-04-03
C004138,Naveen Suri,Bhagalpur,Rajasthan,2025-01-10
C004139,Dominic Dugar,Nagercoil,Karnataka,2022-06-10
C004140,Andrew Patla,Patna,Mizoram,2022-08-22
C004141,Aahana Dave,Haldia,Goa,2023-06-08
C004142,Agastya Kadakia,Hyderabad,Manipur,2022-10-23
C004143,Wridesh Nagy,Jamnagar,Telangana,2026-03-01
C004144,Aarnav Gupta,Ajmer,Uttarakhand,2024-01-01
C004145,Tanmayi Narayanan,Ramgarh,Bihar,2025-05-12
C004146,Ayushman Choudhury,Tenali,Haryana,2022-09-20
C004147,Pooja Rajan,Farrukhabad,Andhra Pradesh,2023-10-12
C004148,Aarav Kumar,Alwar,Himachal Pradesh,2022-03-18
C004149,Lopa Chaudhary,Katni,Himachal Pradesh,2026-08-07
C004150,Aayush Balasubramanian,Ramagundam,Uttar Pradesh,2024-06-25
C004151,Harish Narayan,Unnao,Maharashtra,2024-03-17
C004152,Nitara Garde,Dharmavaram,Chhattisgarh,2024-03-06
C004153,Jagat Parmer,Ratlam,Uttarakhand,2021-10-26
C004154,Ojasvi Chaudhary,Bhilai,Karnataka,2023-01-17
C004155,Kashish Dutta,Ujjain,Chhattisgarh,2026-05-14
C004156,Ekta Thakur,Sirsa,Rajasthan,2025-06-13
C004157,Wahab Palla,Howrah,Tamil Nadu,2024-04-07
C004158,Nidhi Ghosh,Davanagere,Punjab,2024-10-05
C004159,Hredhaan Chahal,Ozhukarai,Tripura,2023-01-07
C004160,Ekaja Toor,Bokaro,Manipur,2025-06-14
C004161,Neelima Baria,Gwalior,Manipur,2024-01-06
C004162,Wazir Bahri,Secunderabad,Uttar Pradesh,2026-03-15
C004163,Urishilla Dalal,Jabalpur,Uttar Pradesh,2024-04-18
C004164,Pranav Kannan,Ozhukarai,Tamil Nadu,2024-03-04
C004165,Pratyush Bath,Nagercoil,Odisha,2025-02-14
C004166,Ekani Saxena,Khora ,Punjab,2022-06-01
C004167,Raghav Sen,Surat,Tamil Nadu,2024-04-06
C004168,Unni Sabharwal,Mango,West Bengal,2023-10-17
C004169,Hemang Chahal,Mumbai,Nagaland,2026-07-06
C004170,Ucchal Barad,Karnal,Sikkim,2023-02-03
C004171,Jackson Jha,Nadiad,Tamil Nadu,2026-02-06
C004172,Darsh Amble,Darbhanga,Manipur,2025-05-06
C004173,Kalpit Tripathi,Chennai,Sikkim,2025-11-18
C004174,Madhavi Cherian,Shahjahanpur,Telangana,2026-07-13
C004175,Jonathan Shukla,Ozhukarai,Tamil Nadu,2025-01-05
C004176,Thomas Kakar,Panvel,Mizoram,2024-08-31
C004177,Yochana Pau,Anand,Rajasthan,2022-07-22
C004178,Wahab Sibal,Latur,Arunachal Pradesh,2026-07-02
C004179,Aayush Singhal,Mehsana,Odisha,2024-02-01
C004180,Aradhana Munshi,Nizamabad,West Bengal,2024-04-19
C004181,Imaran Bassi,Sambhal,Odisha,2023-02-11
C004182,Krishna Rajan,Anantapuram,Rajasthan,2023-08-22
C004183,Siya Pant,Katni,Andhra Pradesh,2023-11-14
C004184,Harita Varma,Phagwara,Mizoram,2024-06-19
C004185,Turvi Sanghvi,Guna,West Bengal,2024-05-03
C004186,Yashica Kapoor,Ozhukarai,Maharashtra,2026-05-12
C004187,Kritika Sood,Bellary,Jharkhand,2021-12-29
C004188,Shivansh Bhandari,Navi Mumbai,Uttar Pradesh,2025-08-17
C004189,Lipika Chandra,Satna,Sikkim,2021-11-18
C004190,Vyanjana Trivedi,Munger,Odisha,2022-12-30
C004191,Rayaan Hora,Ichalkaranji,Andhra Pradesh,2023-09-04
C004192,Nilima Oak,Begusarai,Karnataka,2022-01-12
C004193,Udarsh Chahal,Singrauli,Karnataka,2023-04-30
C004194,Tara Khanna,Bathinda,Uttar Pradesh,2022-09-04
C004195,Shravya Dugal,Hindupur,Tamil Nadu,2022-02-13
C004196,Logan Dave,Agartala,Meghalaya,2025-10-22
C004197,Brinda Samra,Visakhapatnam,Odisha,2023-09-25
C004198,Dipta Pillai,Bidhannagar,Arunachal Pradesh,2022-12-06
C004199,Banjeet Roy,Nandyal,Himachal Pradesh,2022-04-16
C004200,Omya More,Karimnagar,Odisha,2023-12-30
C004201,Manya Choudhry,Moradabad,Nagaland,2026-06-17
C004202,Girik Divan,Kanpur,Uttarakhand,2025-03-23
C004203,Ayushman Sarma,Kota,Chhattisgarh,2023-02-06
C004204,Warjas Bala,Kharagpur,Jharkhand,2024-01-28
C004205,Ira Kothari,Bardhaman,Kerala,2024-10-22
C004206,Harini Natarajan,Cuttack,Maharashtra,2023-06-21
C004207,Priya Ahuja,Panchkula,Meghalaya,2026-04-01
C004208,Tarak Kata,Morbi,Maharashtra,2023-04-18
C004209,Adya Roy,Bhopal,Mizoram,2023-03-06
C004210,Mugdha Purohit,Khandwa,Odisha,2021-10-23
C004211,Qarin Doctor,Phusro,Manipur,2024-11-06
C004212,Arin Rattan,Berhampore,Tripura,2021-12-24
C004213,Turvi Bajwa,Mau,Sikkim,2022-07-31
C004214,Balvan Bhalla,Bhimavaram,West Bengal,2023-06-10
C004215,Dayamai Bali,Junagadh,Punjab,2025-09-16
C004216,Ishwar Raja,Srinagar,Nagaland,2023-04-24
C004217,Vihaan Bora,Gangtok,Madhya Pradesh,2022-11-29
C004218,Aarnav Nazareth,Nagpur,Meghalaya,2022-05-22
C004219,Oscar Sahni,Pimpri-Chinchwad,Nagaland,2022-09-26
C004220,Yasti Kaul,Raiganj,Telangana,2024-01-17
C004221,Sudiksha Bhagat,Baranagar,Punjab,2026-06-04
C004222,Vritti Wason,Rourkela,Nagaland,2022-11-25
C004223,Mugdha Hari,Kozhikode,Tamil Nadu,2026-01-28
C004224,Fariq Ganesh,Gangtok,Nagaland,2022-02-11
C004225,Aarna Sagar,Ambarnath,Mizoram,2026-08-05
C004226,Laksh Madan,Alappuzha,Andhra Pradesh,2026-06-30
C004227,Anirudh Sandhu,Gandhidham,Chhattisgarh,2023-11-07
C004228,Peter Pathak,Bellary,Manipur,2026-05-06
C004229,Zashil Singh,Motihari,Nagaland,2023-11-19
C004230,Riya Aggarwal,Erode,Karnataka,2025-09-25
C004231,Tara Bera,Chandigarh,Chhattisgarh,2026-01-13
C004232,Michael Mohan,Silchar,Mizoram,2022-03-09
C004233,Yauvani Din,Madurai,Tamil Nadu,2024-11-16
C004234,Jagdish Sarma,Mumbai,Karnataka,2023-05-01
C004235,Falan Varty,Visakhapatnam,Karnataka,2024-12-15
C004236,Yutika Anne,Aurangabad,Tamil Nadu,2025-01-29
C004237,Dalaja Sodhi,Rajkot,Chhattisgarh,2025-08-18
C004238,Jatin Ghosh,Guntur,Nagaland,2024-09-25
C004239,Kashvi Madan,Silchar,Uttar Pradesh,2021-10-25
C004240,Frederick Lal,Nagaon,Manipur,2021-09-08
C004241,Urishilla Agarwal,Shivpuri,West Bengal,2022-07-16
C004242,Onkar Baral,Bhind,Rajasthan,2022-07-18
C004243,Urishilla Mangal,Anantapuram,Haryana,2023-07-30
C004244,Kashish Savant,Bidhannagar,Tamil Nadu,2022-12-15
C004245,Nitara Chacko,Khammam,Assam,2022-06-11
C004246,Aadi Behl,Faridabad,Uttarakhand,2022-07-26
C004247,Janaki Bala,Ahmedabad,Kerala,2022-01-27
C004248,Ijaya Mani,Ujjain,Sikkim,2023-08-14
C004249,Bachittar Bumb,Malegaon,Punjab,2025-09-01
C004250,Urvashi Luthra,Thoothukudi,Rajasthan,2023-08-15
C004251,Ekanta Seth,Rohtak,Uttarakhand,2023-01-31
C004252,Matthew Rajagopal,Dehradun,Arunachal Pradesh,2024-01-21
C004253,Nidhi Mane,Karnal,Tripura,2023-06-18
C004254,Bishakha Baral,Tiruchirappalli,Gujarat,2023-09-10
C004255,Victor Sawhney,Tenali,Telangana,2026-07-17
C004256,Ladli Walla,Gandhinagar,Tripura,2021-09-14
C004257,Hemal Taneja,Berhampore,Jharkhand,2022-01-22
C004258,Chanchal Raman,Panipat,Himachal Pradesh,2021-12-17
C004259,Siddharth Nazareth,Tirunelveli,Jharkhand,2022-01-18
C004260,Sachi Kumer,Bathinda,Andhra Pradesh,2026-06-21
C004261,Shaurya Goswami,Dindigul,Tripura,2023-09-26
C004262,Maanav Sastry,Jalandhar,Bihar,2022-06-08
C004263,Zarna Prabhu,Deoghar,Himachal Pradesh,2025-02-25
C004264,Yasti Nagy,Dehradun,Assam,2023-09-24
C004265,Nisha Dalal,Faridabad,Uttarakhand,2025-07-11
C004266,Anvi Wali,Thane,Chhattisgarh,2022-12-03
C004267,Alka Dubey,Tadepalligudem,Meghalaya,2022-10-22
C004268,Gaurika Narula,Bongaigaon,Uttarakhand,2023-01-22
C004269,Harsh Dhaliwal,Ichalkaranji,Meghalaya,2023-11-02
C004270,Sanya Mody,Kolkata,Jharkhand,2023-02-24
C004271,Tamanna Chawla,Motihari,Himachal Pradesh,2025-09-13
C004272,Faris Lala,Vijayawada,Manipur,2023-03-23
C004273,Gayathri Wason,Gopalpur,Kerala,2022-11-21
C004274,Pallavi Sehgal,Udupi,Mizoram,2026-01-27
C004275,Triya Singhal,Durg,Himachal Pradesh,2024-06-19
C004276,Siya Menon,Noida,Himachal Pradesh,2021-09-13
C004277,Laban Kala,Delhi,Tamil Nadu,2024-06-15
C004278,Qabil Setty,Rajkot,Tamil Nadu,2026-08-11
C004279,Zayan Puri,Hazaribagh,Punjab,2021-11-23
C004280,Michael Mallick,Durg,Meghalaya,2023-09-23
C004281,Ikshita Ray,Coimbatore,Kerala,2025-02-23
C004282,Laban Deo,Ghaziabad,Uttar Pradesh,2025-08-15
C004283,Omya Nayak,Kadapa,Andhra Pradesh,2024-05-09
C004284,Harsh Radhakrishnan,Mira-Bhayandar,Tamil Nadu,2022-10-10
C004285,Chandani Khurana,Meerut,Gujarat,2025-05-29
C004286,Vyanjana Bir,Nanded,Jharkhand,2024-03-14
C004287,Indira Sahota,Rajkot,Uttar Pradesh,2022-07-23
C004288,Faraj Kadakia,Pallavaram,Nagaland,2023-03-31
C004289,Champak Rana,Solapur,Karnataka,2024-03-16
C004290,Yashvi Narula,Gandhinagar,Haryana,2024-09-02
C004291,Eshana Minhas,Nagaon,Andhra Pradesh,2023-01-26
C004292,Hamsini Dewan,Tirunelveli,Sikkim,2026-02-11
C004293,Rachita Barman,Srikakulam,Himachal Pradesh,2024-12-25
C004294,Parth Yadav,Katihar,Jharkhand,2025-06-26
C004295,Falguni Dube,Latur,Assam,2023-07-16
C004296,Triveni Chand,Bhagalpur,Telangana,2023-01-08
C004297,Sarthak Sankaran,Nagaon,Maharashtra,2024-02-27
C004298,Saanvi Srivastava,Bhavnagar,Maharashtra,2026-04-09
C004299,Quincy Sinha,Dehri,Manipur,2024-11-19
C004300,Yagnesh Doctor,Dibrugarh,Meghalaya,2025-06-25
C004301,Amruta Sarma,Chennai,Maharashtra,2023-03-19
C004302,Tristan Lata,Arrah,Meghalaya,2023-09-24
C004303,Pavani Ghose,Bikaner,West Bengal,2025-07-08
C004304,Balhaar Bhalla,Bathinda,Gujarat,2024-07-21
C004305,Upma Kamdar,Cuttack,Tripura,2025-08-06
C004306,Jonathan Garde,Sultan Pur Majra,Andhra Pradesh,2024-04-26
C004307,Aachal Barman,Bathinda,Karnataka,2024-07-15
C004308,Nirja Verma,Adoni,Uttar Pradesh,2025-06-28
C004309,Balvan Memon,Vasai-Virar,Maharashtra,2025-09-19
C004310,Jagvi Sama,Silchar,West Bengal,2025-07-30
C004311,Mahika Oza,Narasaraopet,Andhra Pradesh,2024-03-10
C004312,Yutika Lalla,Panchkula,Telangana,2023-08-10
C004313,Rachit Gokhale,Ujjain,Jharkhand,2026-04-18
C004314,Indira Warrior,Bahraich,Andhra Pradesh,2021-10-02
C004315,Neel Khare,Satara,Odisha,2024-01-14
C004316,Oviya Maharaj,Morbi,Maharashtra,2021-11-13
C004317,Samuel Bhargava,Warangal,Tamil Nadu,2022-01-24
C004318,Yash Vaidya,Kochi,Haryana,2025-12-15
C004319,Gavin Prashad,Tinsukia,Haryana,2023-10-09
C004320,Panini Bera,Motihari,Tripura,2022-04-23
C004321,Anay Dada,Bellary,Gujarat,2025-07-20
C004322,Rudra Nanda,Berhampore,Andhra Pradesh,2022-10-06
C004323,Vritti Gandhi,Madurai,Karnataka,2024-11-26
C004324,Raagini Pillai,Amaravati,Sikkim,2024-03-07
C004325,Warda Oak,Pudukkottai,Odisha,2024-10-26
C004326,Atharv Oommen,Mathura,Tamil Nadu,2024-12-14
C004327,Fitan Savant,Dewas,Mizoram,2024-10-06
C004328,Falan Kapur,Nanded,Tamil Nadu,2024-04-29
C004329,Jeevika Dhar,Malda,Sikkim,2026-03-03
C004330,Falan Ramesh,Jalandhar,West Bengal,2022-03-27
C004331,George Mistry,Pallavaram,Jharkhand,2024-03-07
C004332,Manthan Bhasin,Thane,Uttar Pradesh,2022-10-26
C004333,Lekha Lala,Panihati,Andhra Pradesh,2026-01-10
C004334,Charita Bhandari,Mirzapur,Sikkim,2023-09-21
C004335,Gavin Ganguly,Baranagar,Andhra Pradesh,2023-02-19
C004336,Rajata Kaur,Lucknow,Odisha,2023-10-18
C004337,Patrick Chakrabarti,Mirzapur,Tamil Nadu,2023-01-24
C004338,Vanya Nadig,Indore,Jharkhand,2025-09-25
C004339,Gaurang Deshpande,Jamnagar,Karnataka,2024-03-27
C004340,Abhiram Chadha,Raipur,Gujarat,2024-03-28
C004341,Adweta Thakkar,Bhalswa Jahangir Pur,Assam,2023-05-20
C004342,Rachana Goda,Purnia,Nagaland,2025-03-15
C004343,Quincy Tak,Ramagundam,Uttarakhand,2022-10-03
C004344,Jackson Dora,Dehradun,Punjab,2022-05-26
C004345,Yadavi Chacko,Thane,Assam,2024-02-17
C004346,Bakhshi Gaba,Miryalaguda,Nagaland,2026-02-27
C004347,Ladli Sachar,Karimnagar,Goa,2023-04-07
C004348,Hritik Banik,Coimbatore,Sikkim,2023-07-06
C004349,Ekani Ramanathan,Bareilly,Manipur,2022-12-15
C004350,Raagini Rastogi,Meerut,Jharkhand,2022-04-03
C004351,Frederick Apte,Motihari,Odisha,2022-06-13
C004352,Yashawini Srinivas,Vadodara,Karnataka,2021-12-02
C004353,William Jha,Lucknow,Tripura,2023-10-13
C004354,Adya Pillai,Bhopal,Meghalaya,2022-04-26
C004355,Zilmil Soman,Hapur,Arunachal Pradesh,2025-11-18
C004356,Idika Dube,Jaunpur,Chhattisgarh,2023-08-03
C004357,Krishna Joshi,Singrauli,Andhra Pradesh,2023-05-01
C004358,Yahvi Bose,Pimpri-Chinchwad,Karnataka,2025-05-27
C004359,Raghav Raghavan,Allahabad,Maharashtra,2025-01-21
C004360,Arin Arya,Hindupur,Punjab,2024-01-20
C004361,Mekhala Ranganathan,Durgapur,Tripura,2023-10-09
C004362,Triya Bhargava,Kumbakonam,Bihar,2024-05-15
C004363,Avi Tandon,Panipat,Rajasthan,2022-01-28
C004364,Rudra Krish,Thrissur,Jharkhand,2023-07-01
C004365,Nidra Nazareth,Durg,Jharkhand,2026-04-10
C004366,Onveer Kohli,Thanjavur,Punjab,2021-09-16
C004367,Quincy Dhar,Hosur,Uttarakhand,2022-11-13
C004368,Geetika Mahal,Satna,West Bengal,2022-08-15
C004369,Ishwar Salvi,Kakinada,Jharkhand,2026-01-30
C004370,Wahab Sangha,Hosur,Nagaland,2023-06-02
C004371,Rohan Randhawa,Ulhasnagar,Haryana,2026-03-10
C004372,Bachittar Kuruvilla,Bulandshahr,Himachal Pradesh,2025-05-25
C004373,Zilmil Mukhopadhyay,Bidar,Uttar Pradesh,2023-12-28
C004374,Varsha Lata,Singrauli,Haryana,2025-11-03
C004375,Kalpit Barad,Ambattur,Bihar,2025-07-21
C004376,Hemani Ganguly,Ongole,Madhya Pradesh,2021-12-24
C004377,Abha Parmar,Kolkata,Mizoram,2022-07-18
C004378,Amruta Kulkarni,Uluberia,Manipur,2023-03-07
C004379,Devika Kala,Coimbatore,Assam,2025-03-09
C004380,Jagat Chaudry,Kharagpur,Andhra Pradesh,2023-05-08
C004381,Faqid Chakraborty,Silchar,Telangana,2021-11-07
C004382,Harita Nori,Nadiad,Kerala,2023-11-11
C004383,Mitali Tella,Nadiad,Mizoram,2023-11-02
C004384,Xalak Seth,Shimoga,Uttar Pradesh,2021-11-23
C004385,Bina Mahajan,Parbhani,Karnataka,2026-06-26
C004386,Nirja Samra,Bangalore,Haryana,2021-09-21
C004387,George Sachdev,Saharanpur,Meghalaya,2022-12-09
C004388,Krisha Sinha,Cuttack,Tamil Nadu,2022-07-04
C004389,Sarthak Ramakrishnan,Deoghar,Kerala,2022-02-18
C004390,Shravya Bail,Rampur,Andhra Pradesh,2026-07-18
C004391,Niharika Patel,Tinsukia,Bihar,2022-04-04
C004392,Nisha Lad,New Delhi,Himachal Pradesh,2026-02-25
C004393,Anita Gulati,Madhyamgram,Arunachal Pradesh,2021-10-18
C004394,Orinder Sur,Gangtok,Karnataka,2022-09-20
C004395,Pratyush Pant,Anantapuram,Punjab,2024-12-15
C004396,Forum Memon,Guwahati,Telangana,2025-09-17
C004397,Radhika De,Tiruvottiyur,Goa,2025-12-02
C004398,Advik Choudhury,Jabalpur,Rajasthan,2025-06-19
C004399,Anika Mohan,Adoni,Sikkim,2024-02-01
C004400,Qarin Kaur,Kochi,Uttarakhand,2025-02-22
C004401,Vedant Gaba,Alwar,Telangana,2026-01-15
C004402,Gavin Batra,Mysore,Manipur,2021-10-09
C004403,Harshil Dass,Naihati,Manipur,2025-02-09
C004404,Wriddhish Baria,Buxar,Jharkhand,2026-06-04
C004405,Gautam Mani,Sambalpur,Karnataka,2024-08-24
C004406,Saksham Kala,Gulbarga,Sikkim,2026-03-19
C004407,Jagrati Ravi,Chapra,Nagaland,2022-09-22
C004408,Chanakya Devi,Anantapur,Madhya Pradesh,2023-12-30
C004409,Urmi Char,Mau,Mizoram,2026-06-07
C004410,Dhruv Vohra,Agra,Sikkim,2026-02-06
C004411,Elijah Agate,Gangtok,Bihar,2022-08-26
C004412,Jagdish Borra,Rewa,Himachal Pradesh,2023-10-30
C004413,Finn Chauhan,Allahabad,Tripura,2026-07-27
C004414,Janani Mitter,Barasat,West Bengal,2025-10-29
C004415,Zaitra Nayar,New Delhi,Meghalaya,2025-10-09
C004416,Warhi Shanker,Pimpri-Chinchwad,Meghalaya,2026-06-06
C004417,Manan Oak,Malegaon,Karnataka,2022-06-21
C004418,Gabriel Balasubramanian,Dehradun,Madhya Pradesh,2025-10-09
C004419,Nilima Ravi,Surat,Chhattisgarh,2026-04-08
C004420,Jalsa Jani,Aurangabad,Rajasthan,2024-09-25
C004421,Dev Rout,Sambhal,Tripura,2026-03-03
C004422,Ikbal Agarwal,Maheshtala,Sikkim,2025-09-06
C004423,Ansh Sekhon,Sambalpur,Meghalaya,2026-02-02
C004424,Yauvani Saha,Adoni,Haryana,2023-01-23
C004425,Wishi Banerjee,Darbhanga,Mizoram,2023-12-21
C004426,Radhika Swamy,Panvel,Manipur,2025-02-22
C004427,Nimrat Palan,Fatehpur,Uttar Pradesh,2024-02-06
C004428,Harini Rana,Mango,Chhattisgarh,2025-04-18
C004429,Megha Patel,Hubli–Dharwad,Tripura,2025-12-31
C004430,Yadavi Chauhan,Dharmavaram,Himachal Pradesh,2025-11-26
C004431,Inaya Aggarwal,Jammu,Jharkhand,2024-07-03
C004432,Manthan Bhat,Junagadh,Goa,2025-01-16
C004433,Dalbir Kalita,Pali,Sikkim,2023-11-03
C004434,Onveer Prabhu,Rajahmundry,Haryana,2021-10-01
C004435,Triya Kuruvilla,Eluru,Haryana,2024-07-06
C004436,Rachita Varma,Siliguri,Rajasthan,2022-12-05
C004437,Udyati Ratta,Arrah,Bihar,2022-09-23
C004438,Ryan Subramaniam,Ghaziabad,Telangana,2024-09-16
C004439,Mugdha Reddy,Jammu,Chhattisgarh,2025-11-08
C004440,Vihaan Kalla,Bikaner,Chhattisgarh,2026-03-13
C004441,Mugdha Dutta,Kirari Suleman Nagar,Chhattisgarh,2023-07-12
C004442,Patrick Grewal,Adoni,Gujarat,2022-07-13
C004443,Viraj Karnik,Meerut,Andhra Pradesh,2026-04-14
C004444,Lucky Johal,Visakhapatnam,Gujarat,2025-06-15
C004445,Amara Hora,Muzaffarpur,Tripura,2023-05-03
C004446,Yoshita Kade,Ambarnath,Madhya Pradesh,2022-05-14
C004447,Jagvi Sur,Agartala,Manipur,2023-07-12
C004448,Harrison Viswanathan,Raipur,Meghalaya,2025-03-30
C004449,Amol Raju,Uluberia,West Bengal,2024-09-11
C004450,Chasmum Dhawan,Arrah,Meghalaya,2026-04-02
C004451,Ubika Dugar,Ramagundam,Andhra Pradesh,2024-05-31
C004452,Maanav Seshadri,Madanapalle,Maharashtra,2026-02-09
C004453,Samarth Lall,Hajipur,Nagaland,2023-06-24
C004454,Timothy Shan,Kadapa,West Bengal,2023-07-08
C004455,Faris Pradhan,Patiala,Goa,2022-06-20
C004456,Osha Pai,Jodhpur,Sikkim,2021-12-01
C004457,Garima Apte,Junagadh,Maharashtra,2026-02-14
C004458,Balhaar Rau,Rajahmundry,Jharkhand,2025-11-13
C004459,Urishilla Chander,Tezpur,Odisha,2026-03-10
C004460,Yatin Dhar,Tadepalligudem,Assam,2021-09-03
C004461,Gaurika Goyal,Siliguri,West Bengal,2025-08-29
C004462,Om Dua,Anantapur,Kerala,2026-06-24
C004463,Wyatt Sathe,Tiruppur,Odisha,2025-03-11
C004464,Aarini Nayar,Chennai,Gujarat,2026-05-25
C004465,Ekani Mangal,Mirzapur,Maharashtra,2024-10-17
C004466,Falan Singhal,Anand,Meghalaya,2023-07-06
C004467,Chatresh Doctor,Pune,Sikkim,2022-11-29
C004468,Samar Rai,Korba,Sikkim,2023-02-03
C004469,Madhavi Shenoy,Gaya,Goa,2023-05-28
C004470,Yashasvi Seth,Phusro,Gujarat,2022-03-21
C004471,Mahika Ahluwalia,Amaravati,Bihar,2021-12-12
C004472,Chasmum Venkataraman,Tenali,Telangana,2021-11-10
C004473,Sarthak Dube,Tirupati,Jharkhand,2025-06-20
C004474,Upasna Varkey,Srikakulam,Kerala,2024-01-16
C004475,Veda Sankar,Tadepalligudem,Sikkim,2021-11-11
C004476,Warhi Chatterjee,Jalna,Tripura,2024-10-10
C004477,Akshay Mangal,Pallavaram,Uttarakhand,2023-10-07
C004478,Omya Saran,Rohtak,Meghalaya,2023-06-25
C004479,Ridhi Bhandari,Bikaner,Mizoram,2026-07-15
C004480,Garima Ramachandran,Hapur,Assam,2026-05-15
C004481,Saanvi Mitter,Mango,Assam,2026-02-28
C004482,Sai Mahal,Bilaspur,Kerala,2022-01-12
C004483,Yashoda Nagar,Ambala,Arunachal Pradesh,2025-01-09
C004484,Ekiya Bhardwaj,Mathura,Arunachal Pradesh,2026-01-06
C004485,Avni Ramaswamy,Bilaspur,Haryana,2024-03-14
C004486,Ishita Krishnamurthy,Hindupur,Karnataka,2023-03-03
C004487,Rachit Chaudry,Pali,Arunachal Pradesh,2023-08-31
C004488,Devansh Ahluwalia,Bhagalpur,Karnataka,2024-04-21
C004489,Bina Raj,Mumbai,Jharkhand,2026-08-30
C004490,Simon Sood,Rampur,Manipur,2024-01-06
C004491,Qushi Das,Purnia,Assam,2023-04-01
C004492,Jack Nigam,Patiala,Telangana,2026-07-21
C004493,Dhriti Panchal,Ambala,Tamil Nadu,2022-04-05
C004494,Brijesh Mittal,Satara,Mizoram,2023-07-20
C004495,Tarak Pradhan,Tinsukia,Maharashtra,2025-01-28
C004496,Harish Kapoor,Satna,Telangana,2021-09-01
C004497,Oliver Nigam,Nellore,Uttar Pradesh,2026-01-28
C004498,Hitesh Balasubramanian,Udaipur,West Bengal,2024-03-02
C004499,Udyati Chandra,Dindigul,Nagaland,2022-02-17
C004500,Gautam Merchant,Jhansi,Madhya Pradesh,2024-11-03
C004501,Ishani Nayar,Ramgarh,Bihar,2023-07-23
C004502,Raksha Bumb,Kumbakonam,Assam,2025-10-09
C004503,Advay Mukhopadhyay,Kavali,West Bengal,2023-05-26
C004504,Jasmit Badal,Salem,Punjab,2025-04-04
C004505,Mitesh Kannan,Kolhapur,Assam,2023-04-27
C004506,Ira Gade,Kalyan-Dombivli,Odisha,2023-12-02
C004507,Charles Kala,Srinagar,Meghalaya,2025-11-19
C004508,Ikshita Rajan,Sultan Pur Majra,Himachal Pradesh,2026-04-07
C004509,Lipika Ratta,Jabalpur,Tamil Nadu,2023-03-17
C004510,Karan Bali,Allahabad,Madhya Pradesh,2024-10-25
C004511,Pushti Nadkarni,Tiruchirappalli,Goa,2022-08-08
C004512,Raagini Bava,Hosur,Assam,2022-09-12
C004513,Victor Kant,Allahabad,Goa,2024-06-04
C004514,Yashoda Tandon,Allahabad,Maharashtra,2022-12-12
C004515,Ishwar Mane,Ghaziabad,Maharashtra,2026-05-21
C004516,Anmol Ram,Aurangabad,Tripura,2025-02-07
C004517,Bhavya Parmer,Hapur,Goa,2022-06-03
C004518,Lohit Bawa,Bhusawal,Andhra Pradesh,2026-01-29
C004519,Nidhi Mahal,Proddatur,Tripura,2021-10-11
C004520,Aadhya Ray,Hosur,Tamil Nadu,2022-04-22
C004521,Harsh Kunda,Suryapet,Uttarakhand,2023-09-03
C004522,Pavani Nanda,Parbhani,Odisha,2024-08-29
C004523,Netra Apte,Orai,Arunachal Pradesh,2025-03-09
C004524,Tanmayi Lala,Sikar,Maharashtra,2026-05-29
C004525,Ijaya Baria,Rampur,Chhattisgarh,2023-12-30
C004526,Dalaja Dhar,Ramagundam,Punjab,2024-09-19
C004527,Saanvi Sankar,Satna,West Bengal,2023-04-14
C004528,Suhani Ravi,Mahbubnagar,Assam,2024-08-08
C004529,Chaitanya Char,Baranagar,Meghalaya,2022-11-05
C004530,Jatin Singh,Gandhinagar,Mizoram,2024-05-21
C004531,Krish Ram,Narasaraopet,Uttar Pradesh,2025-06-16
C004532,Frado Dara,Munger,Chhattisgarh,2026-04-05
C004533,Radhika Anand,Aizawl,Punjab,2026-02-08
C004534,Anamika Ratta,Karawal Nagar,Rajasthan,2022-01-20
C004535,Meghana Pingle,Sangli-Miraj & Kupwad,Uttarakhand,2025-11-24
C004536,Chakrika Basu,Rajkot,Kerala,2025-11-22
C004537,Samuel Chadha,North Dumdum,Chhattisgarh,2023-12-28
C004538,Samaksh Oak,Mau,Uttarakhand,2024-12-25
C004539,Aadi Verma,Nagaon,Uttarakhand,2024-04-16
C004540,Dev Sethi,Moradabad,Kerala,2022-02-22
C004541,Mason Anand,Ambattur,Karnataka,2023-05-11
C004542,Raghav Dani,Serampore,Maharashtra,2021-10-21
C004543,Victor Mani,Latur,Chhattisgarh,2022-09-29
C004544,Abeer Chada,Adoni,Himachal Pradesh,2023-11-11
C004545,Ikbal Malhotra,Parbhani,West Bengal,2021-12-05
C004546,Yauvani Kapadia,Thiruvananthapuram,Sikkim,2025-08-16
C004547,Matthew Modi,Jalgaon,Bihar,2022-08-22
C004548,Manan Kari,Bellary,Meghalaya,2026-06-24
C004549,Yadavi Chopra,Kalyan-Dombivli,Uttar Pradesh,2026-06-27
C004550,Matthew Mukhopadhyay,Alappuzha,Kerala,2025-08-09
C004551,Teerth Natarajan,Dibrugarh,Meghalaya,2025-07-04
C004552,Idika Datta,Kakinada,Tripura,2024-03-21
C004553,Rohan Tak,Satna,Jharkhand,2024-03-05
C004554,Kabir Nagy,Khammam,Bihar,2022-03-29
C004555,Rachit Bakshi,Ranchi,Haryana,2023-10-22
C004556,Jasmit Karpe,Sasaram,Meghalaya,2023-01-06
C004557,Adweta Sastry,Bhalswa Jahangir Pur,Maharashtra,2024-11-22
C004558,Chaitanya Walia,Panvel,Nagaland,2025-11-16
C004559,Ekani Tella,Vijayawada,Telangana,2022-10-06
C004560,Urmi Munshi,Madurai,Sikkim,2023-06-30
C004561,Jagvi Gupta,Serampore,Tripura,2022-10-28
C004562,Kabir Chandran,Ongole,Uttarakhand,2024-03-06
C004563,Aarini Lall,Delhi,Rajasthan,2022-09-13
C004564,Lila Bumb,Baranagar,Kerala,2022-11-16
C004565,Damini Pandey,Bijapur,Himachal Pradesh,2023-05-29
C004566,Ekapad Srinivas,Bhilai,Sikkim,2024-09-30
C004567,Utkarsh Kibe,Amaravati,Manipur,2023-01-24
C004568,Unni Balakrishnan,Nagpur,Tripura,2022-01-20
C004569,Chasmum Kara,Barasat,Punjab,2025-11-20
C004570,Ishani Sachdev,Bettiah,Mizoram,2025-12-21
C004571,Vamakshi Vala,Meerut,Tamil Nadu,2022-10-11
C004572,Jeevika Dube,Medininagar,Himachal Pradesh,2023-07-07
C004573,Rajeshri Kanda,Pallavaram,Jharkhand,2026-08-17
C004574,Shivansh Kala,Nanded,Goa,2023-04-01
C004575,Ekanta Lalla,Bahraich,Andhra Pradesh,2024-02-17
C004576,Samuel Dalal,Loni,Gujarat,2025-01-13
C004577,Dayita Sharaf,Mehsana,Himachal Pradesh,2021-09-19
C004578,Andrew Kant,Kharagpur,Maharashtra,2024-09-01
C004579,Advik Aggarwal,Burhanpur,Tamil Nadu,2022-11-06
C004580,Mohammed Dara,Siwan,Chhattisgarh,2022-09-10
C004581,Yahvi Sagar,Ongole,Nagaland,2023-11-21
C004582,Kiaan Sandhu,Thrissur,Punjab,2023-06-01
C004583,Advay Mistry,Dharmavaram,Uttarakhand,2025-04-30
C004584,Balhaar Ratti,Sikar,Arunachal Pradesh,2023-12-27
C004585,Vincent Chandra,Panihati,Himachal Pradesh,2023-12-01
C004586,Harini Verma,Adoni,Nagaland,2022-06-11
C004587,Dayamai Sant,Navi Mumbai,Chhattisgarh,2023-11-21
C004588,Jagat Balakrishnan,Noida,Manipur,2026-05-28
C004589,Urvi Bahl,Karaikudi,Tamil Nadu,2023-08-01
C004590,Zayyan Wadhwa,Gwalior,Tamil Nadu,2025-02-27
C004591,Inaya Pathak,Chapra,Himachal Pradesh,2023-01-31
C004592,Yatin Tata,Vasai-Virar,Gujarat,2025-02-25
C004593,Meera Nayar,Belgaum,Meghalaya,2025-01-23
C004594,Prisha Venkatesh,Fatehpur,Meghalaya,2024-10-11
C004595,Jalsa Sandal,Dhule,Uttarakhand,2024-04-15
C004596,Vedika Kurian,Bhimavaram,Kerala,2023-07-15
C004597,Chameli Gola,Pallavaram,West Bengal,2022-10-09
C004598,Sai Arya,Machilipatnam,Bihar,2024-10-02
C004599,Bachittar Chandra,Jodhpur,Haryana,2022-07-27
C004600,Darika Vora,Aizawl,Jharkhand,2023-03-23
C004601,Nitara Krishnamurthy,Tadipatri,Goa,2022-04-19
C004602,Agastya Chahal,Loni,Madhya Pradesh,2022-06-29
C004603,Zashil Sharma,Bijapur,Uttarakhand,2026-07-09
C004604,Hema Srivastava,Bettiah,Sikkim,2021-11-22
C004605,Suhani Raj,Ahmednagar,Madhya Pradesh,2025-07-05
C004606,Balhaar Ramesh,Ranchi,Uttar Pradesh,2023-03-17
C004607,Tara Golla,Farrukhabad,Haryana,2023-02-20
C004608,Januja Upadhyay,Tezpur,Odisha,2025-05-25
C004609,Amara Patil,Vasai-Virar,Sikkim,2024-10-05
C004610,Sachi Hayre,Unnao,Manipur,2021-09-22
C004611,Jack Nayak,Tadipatri,Bihar,2025-08-19
C004612,Samesh Goswami,Kolkata,Uttarakhand,2026-08-26
C004613,Yashoda Oak,Danapur,Nagaland,2026-03-23
C004614,Dev Banerjee,Mahbubnagar,Meghalaya,2023-05-15
C004615,Xiti Radhakrishnan,Gudivada,Jharkhand,2023-06-22
C004616,Nirja Mahal,Mehsana,Arunachal Pradesh,2023-02-04
C004617,Sai Doctor,Tenali,Uttarakhand,2025-11-09
C004618,Indali Ramesh,Thanjavur,Mizoram,2025-06-11
C004619,Lekha Lad,Mango,Telangana,2022-05-01
C004620,Irya Khare,Mango,Himachal Pradesh,2024-05-20
C004621,Kai Kulkarni,Bharatpur,Haryana,2025-06-06
C004622,Omkaar Ahluwalia,Loni,Punjab,2025-01-19
C004623,Utkarsh Kuruvilla,Indore,Haryana,2025-05-31
C004624,Ati Bali,Loni,Andhra Pradesh,2024-11-06
C004625,Tarak Issac,Sambhal,Odisha,2023-04-08
C004626,Jai Kota,Ghaziabad,Madhya Pradesh,2024-03-29
C004627,Aradhana Balakrishnan,Korba,Manipur,2023-06-11
C004628,Anvi Chahal,Mumbai,Telangana,2024-12-13
C004629,Patrick Kurian,Satara,Bihar,2022-01-20
C004630,Nikita Patel,Katihar,Manipur,2026-08-11
C004631,Samesh Jaggi,Tenali,Manipur,2024-01-21
C004632,Amaira Ramesh,Agra,Haryana,2023-07-10
C004633,Vedika Hegde,Bilaspur,Bihar,2024-07-08
C004634,Chatresh Mander,Meerut,Assam,2021-11-04
C004635,Vrinda Sarin,Karawal Nagar,Uttar Pradesh,2026-03-14
C004636,Falak Contractor,Dewas,Mizoram,2023-11-24
C004637,Vamakshi Singh,Kadapa,Gujarat,2023-09-03
C004638,Prisha Chahal,Chandrapur,Gujarat,2024-05-25
C004639,Kamya Madan,Dehri,Odisha,2023-06-15
C004640,Arin Padmanabhan,Alappuzha,Arunachal Pradesh,2023-03-31
C004641,Ayush Raval,Thanjavur,Maharashtra,2025-08-31
C004642,Vasana Chada,Kozhikode,Punjab,2023-03-20
C004643,Mohini Chandran,Jehanabad,Bihar,2022-09-30
C004644,Vyanjana Shenoy,Bharatpur,Punjab,2026-02-04
C004645,Harsh Johal,Panchkula,Maharashtra,2025-12-03
C004646,Aditya Natt,Unnao,Odisha,2022-03-24
C004647,Nidhi Patla,Ludhiana,Uttarakhand,2025-04-19
C004648,Banjeet Tandon,Malda,Mizoram,2023-05-29
C004649,Ridhi Wali,Anand,Gujarat,2021-10-03
C004650,Aachal Varughese,Surendranagar Dudhrej,Gujarat,2025-05-06
C004651,Bhavani Amble,Firozabad,Punjab,2022-10-06
C004652,Qasim Varkey,Srikakulam,Andhra Pradesh,2023-04-10
C004653,Siya Toor,Pali,Uttar Pradesh,2023-11-05
C004654,Fitan Sangha,Kadapa,Karnataka,2025-12-09
C004655,Advika Loke,Suryapet,Nagaland,2026-07-14
C004656,Tanveer Bajwa,Gaya,Rajasthan,2021-12-13
C004657,Kamya Sarin,Tiruvottiyur,Chhattisgarh,2025-04-07
C004658,Jeet Pathak,Tiruppur,Uttarakhand,2021-12-26
C004659,Neelima Raj,Muzaffarnagar,Andhra Pradesh,2023-01-26
C004660,Ishita Ratta,Bilaspur,Andhra Pradesh,2023-09-30
C004661,Ria Dalal,Panipat,Uttar Pradesh,2022-03-05
C004662,Ubika Joshi,Indore,Bihar,2022-11-27
C004663,Tanveer Chander,Kolkata,Andhra Pradesh,2024-02-24
C004664,Sai Brar,Agra,Tripura,2024-12-07
C004665,Christopher Mitra,Patna,Odisha,2023-09-07
C004666,Hiral Mishra,Sultan Pur Majra,Gujarat,2026-01-20
C004667,Sachi Sunder,Kurnool,Odisha,2026-02-18
C004668,Anika Narayan,Patiala,Mizoram,2022-07-23
C004669,Frado Wason,Shivpuri,Chhattisgarh,2023-04-06
C004670,Rajeshri Maharaj,Dharmavaram,Kerala,2022-07-02
C004671,Qasim Patil,Bhind,Sikkim,2025-03-24
C004672,Gayathri Nigam,Latur,Arunachal Pradesh,2026-01-11
C004673,Pallavi Narasimhan,Firozabad,Telangana,2025-12-07
C004674,Lila Chauhan,Kanpur,Uttarakhand,2024-03-01
C004675,Ishwar Nanda,Sasaram,Odisha,2022-10-28
C004676,Bhavya Ray,Kalyan-Dombivli,Haryana,2024-06-28
C004677,Sachi Sachar,Sri Ganganagar,Uttar Pradesh,2024-08-29
C004678,Jyoti Natarajan,Ghaziabad,Mizoram,2022-10-21
C004679,Sanya Sarna,Dewas,Manipur,2025-07-05
C004680,Waida Magar,Ramgarh,West Bengal,2023-03-12
C004681,Bhanumati Dalal,Bellary,Mizoram,2025-06-20
C004682,Bhavya Kothari,Kavali,Meghalaya,2021-12-28
C004683,Wakeeta Bhatia,Bathinda,Kerala,2024-01-31
C004684,Omaja Shenoy,Aligarh,Maharashtra,2025-04-16
C004685,Rudra Om,Unnao,Bihar,2022-12-22
C004686,Januja Kant,Ludhiana,Goa,2025-06-30
C004687,Sanya Lall,Gandhinagar,Jharkhand,2022-09-20
C004688,Michael Swaminathan,Karawal Nagar,Madhya Pradesh,2024-09-23
C004689,Dev Mandal,Gorakhpur,Tamil Nadu,2023-05-20
C004690,Harshil Taneja,Pimpri-Chinchwad,Karnataka,2024-01-26
C004691,Gayathri Khosla,Nagercoil,Kerala,2024-07-10
C004692,Radhika Grover,Khandwa,Nagaland,2023-06-29
C004693,Kashish Sule,Vijayanagaram,Mizoram,2022-02-14
C004694,Abhimanyu Mitra,Ludhiana,Mizoram,2025-03-19
C004695,Chaaya Iyer,Bhalswa Jahangir Pur,Assam,2024-10-25
C004696,Urishilla Nagi,Tiruchirappalli,Rajasthan,2026-08-04
C004697,Vincent Kapoor,Miryalaguda,Madhya Pradesh,2022-01-21
C004698,Ekapad Salvi,Loni,Odisha,2026-01-25
C004699,Aryan Chakrabarti,Arrah,Kerala,2026-05-11
C004700,Farhan Chander,Uluberia,Uttarakhand,2023-05-28
C004701,Caleb Edwin,Anantapuram,Arunachal Pradesh,2021-12-11
C004702,Wazir Kalla,Latur,Meghalaya,2026-08-30
C004703,Qasim Agate,Tinsukia,Nagaland,2025-06-21
C004704,Dev Walia,Dehri,Jharkhand,2024-01-28
C004705,Zinal Chaudhary,Bidhannagar,Maharashtra,2025-02-06
C004706,Anjali Deshmukh,Tinsukia,Haryana,2024-03-16
C004707,Quincy Menon,Machilipatnam,Maharashtra,2024-02-24
C004708,Arunima Dixit,Aizawl,Himachal Pradesh,2021-12-02
C004709,Ubika Hari,Shimla,Punjab,2025-05-10
C004710,Wriddhish Sathe,Kadapa,Assam,2026-05-04
C004711,Sachi Mittal,Phagwara,Odisha,2023-02-06
C004712,Lipika Vyas,Hubli–Dharwad,Jharkhand,2023-11-08
C004713,Teerth Natt,Tiruchirappalli,Uttar Pradesh,2024-06-12
C004714,Rajeshri Raval,Asansol,Gujarat,2024-01-15
C004715,Michael Radhakrishnan,Miryalaguda,Odisha,2024-11-08
C004716,Lipika Ramakrishnan,Kadapa,Assam,2022-09-13
C004717,Liam Dhingra,Bhavnagar,Himachal Pradesh,2024-12-05
C004718,Laksh Grewal,Kamarhati,Manipur,2023-06-07
C004719,Vedika Madan,Munger,Sikkim,2022-03-18
C004720,Yutika Sachdev,Barasat,Tamil Nadu,2026-02-04
C004721,Warhi Thaker,Faridabad,Himachal Pradesh,2024-06-20
C004722,Lekha Nanda,Silchar,Rajasthan,2024-10-29
C004723,Yadavi Rajan,Meerut,Kerala,2024-07-14
C004724,Karan Randhawa,Khandwa,Himachal Pradesh,2023-11-02
C004725,Tanish Sachdeva,Dehradun,Manipur,2021-12-22
C004726,Nirja Chhabra,Raebareli,Kerala,2023-04-22
C004727,Zehaan Goel,Ghaziabad,Jharkhand,2022-12-12
C004728,Yashvi Sankar,Chandrapur,Manipur,2022-07-06
C004729,Laksh Bedi,Anantapur,Assam,2026-07-20
C004730,Idika Bains,Alappuzha,Kerala,2022-07-11
C004731,Udarsh Nadig,Dhanbad,Nagaland,2022-05-30
C004732,Raghav Grewal,Phusro,Mizoram,2025-09-17
C004733,Nirja Jayaraman,Unnao,Sikkim,2022-01-25
C004734,Kabir Johal,Motihari,Bihar,2021-09-04
C004735,Banjeet Tiwari,Pallavaram,Arunachal Pradesh,2021-12-27
C004736,Matthew Date,Dehri,Himachal Pradesh,2024-08-21
C004737,Chakrika Ray,Tadipatri,Punjab,2021-11-04
C004738,Kevin Solanki,Bokaro,Kerala,2025-04-25
C004739,Isaiah Mann,Ratlam,Mizoram,2023-04-24
C004740,Devika Ahuja,Nangloi Jat,Telangana,2024-10-11
C004741,Timothy Baria,Solapur,Andhra Pradesh,2022-12-19
C004742,Ikbal Ratti,Tumkur,Karnataka,2023-05-18
C004743,Imaran Mandal,Mathura,Uttarakhand,2022-12-25
C004744,Bhanumati Korpal,Phagwara,Chhattisgarh,2025-06-08
C004745,Yuvraj Chahal,Haridwar,Maharashtra,2025-02-28
C004746,Mitali Bassi,Korba,Gujarat,2025-01-30
C004747,Odika Parekh,Sasaram,Andhra Pradesh,2025-03-23
C004748,Zashil Setty,Bathinda,Karnataka,2022-12-09
C004749,Tanmayi Dewan,New Delhi,Madhya Pradesh,2025-09-08
C004750,Maanas Sha,Gorakhpur,Andhra Pradesh,2021-09-23
C004751,Rajeshri Sura,Purnia,Odisha,2021-09-08
C004752,Turvi Borra,Mangalore,Assam,2026-02-09
C004753,Leela Setty,Bokaro,Haryana,2024-10-07
C004754,Victor Kashyap,Uluberia,Himachal Pradesh,2026-03-03
C004755,Ekaja Bumb,Bathinda,Meghalaya,2022-02-21
C004756,Chaman Guha,Moradabad,Tamil Nadu,2026-02-26
C004757,Azad Divan,Belgaum,Madhya Pradesh,2023-12-02
C004758,Gaurika Narayanan,Chapra,Andhra Pradesh,2022-11-17
C004759,Daksha Biswas,North Dumdum,Tamil Nadu,2024-04-03
C004760,Diya Chaudhari,Medininagar,Haryana,2023-04-14
C004761,Mahika Patla,Rajahmundry,Maharashtra,2023-05-23
C004762,Abeer Mutti,Arrah,Tamil Nadu,2024-03-28
C004763,Udyati Bera,Gangtok,Uttarakhand,2026-04-05
C004764,Jagdish Ravi,Muzaffarpur,Manipur,2025-06-25
C004765,Manan Char,Hyderabad,Uttarakhand,2023-12-16
C004766,Darsh Choudhry,Mau,Tamil Nadu,2023-02-08
C004767,Simon Singhal,Sultan Pur Majra,Rajasthan,2026-04-01
C004768,Lajita Wadhwa,Malda,Madhya Pradesh,2025-06-11
C004769,Balhaar Pant,Kumbakonam,Telangana,2023-09-05
C004770,Azaan Biswas,Sri Ganganagar,Telangana,2024-10-02
C004771,Kritika Gulati,Srinagar,Meghalaya,2023-06-20
C004772,Bhavna Tata,Kadapa,Punjab,2023-11-09
C004773,Caleb Rajan,Sagar,West Bengal,2024-09-06
C004774,Gaurika Jain,Bhind,Andhra Pradesh,2025-11-23
C004775,Jyoti Ahuja,Katni,Goa,2021-10-08
C004776,Ekani Sandal,South Dumdum,Manipur,2022-08-09
C004777,Nirja Bal,Yamunanagar,Uttar Pradesh,2022-03-20
C004778,Rajata Vala,Kochi,Andhra Pradesh,2023-07-16
C004779,Aarush Bir,Aurangabad,Andhra Pradesh,2026-05-23
C004780,Unni Bawa,Thiruvananthapuram,Chhattisgarh,2025-11-30
C004781,Om Wable,Hapur,West Bengal,2026-02-13
C004782,Udyati Swaminathan,Dhanbad,Assam,2024-01-10
C004783,Krish Rajan,Salem,Bihar,2026-06-15
C004784,Prisha Rattan,Raebareli,Andhra Pradesh,2025-11-03
C004785,Samaksh Nadkarni,Pali,Tamil Nadu,2026-06-14
C004786,Oliver Dixit,Raichur,West Bengal,2022-09-08
C004787,Jyoti Rattan,Jehanabad,Telangana,2025-07-28
C004788,Owen Pandey,Nashik,Meghalaya,2024-09-12
C004789,Panini Sibal,Loni,Maharashtra,2025-09-08
C004790,Janani Dara,Gorakhpur,Meghalaya,2025-11-20
C004791,Yashodhara Sengupta,Panchkula,Manipur,2023-09-11
C004792,Gauri Mohanty,Jorhat,Haryana,2024-11-01
C004793,Upasna Dash,Etawah,Chhattisgarh,2021-12-21
C004794,Ryan Bhatia,Rohtak,Maharashtra,2026-07-31
C004795,Manthan Raj,Gorakhpur,Odisha,2022-06-03
C004796,Ranbir Kade,Mathura,Sikkim,2021-12-25
C004797,Faraj Korpal,Proddatur,Gujarat,2022-01-01
C004798,Maya Wali,Kottayam,Uttar Pradesh,2025-09-22
C004799,Vincent Keer,Bathinda,Goa,2025-04-07
C004800,Chatresh Deshpande,Jamalpur,Meghalaya,2023-10-27
C004801,Yamini Dasgupta,Gaya,Nagaland,2023-01-02
C004802,Ronith Mannan,Bhilai,Manipur,2023-08-17
C004803,Joshua Devan,Gwalior,Manipur,2025-07-30
C004804,Gautami Anand,Tezpur,Rajasthan,2024-01-08
C004805,Kashvi Bhakta,Anantapur,Meghalaya,2025-11-15
C004806,Farhan Shanker,Kurnool,Assam,2022-09-25
C004807,Siddharth Mittal,Tiruppur,Kerala,2023-10-09
C004808,Ekapad Narayanan,Nagercoil,Arunachal Pradesh,2026-08-30
C004809,Tripti Dugar,Tadipatri,Himachal Pradesh,2026-01-18
C004810,Raghav Rai,Hospet,Rajasthan,2024-08-29
C004811,Quincy Kunda,Kollam,Odisha,2022-07-08
C004812,Krishna Sharma,Saharsa,Nagaland,2024-05-06
C004813,Amol Ratta,Ambattur,Tripura,2026-08-04
C004814,Amaira Cherian,Jabalpur,Andhra Pradesh,2024-03-19
C004815,Vidhi Som,Nellore,Kerala,2024-01-12
C004816,Ishwar Agarwal,Loni,Uttar Pradesh,2022-04-08
C004817,Ishaan Kala,Dharmavaram,Haryana,2024-10-22
C004818,Ekani Kade,Ambala,Rajasthan,2022-04-28
C004819,Gaurav Nair,Agra,West Bengal,2023-04-09
C004820,Tara Pingle,Meerut,Rajasthan,2022-06-14
C004821,Bhavini Edwin,Gaya,Jharkhand,2024-07-04
C004822,Bhanumati Saha,Delhi,Goa,2022-09-18
C004823,Harita Krishna,Gulbarga,Chhattisgarh,2023-10-16
C004824,Aayush Suri,Raiganj,Haryana,2024-03-04
C004825,Anya Rajan,Ghaziabad,Uttar Pradesh,2024-07-23
C004826,Urmi Bawa,Erode,Arunachal Pradesh,2023-10-16
C004827,Charan Sathe,Moradabad,Madhya Pradesh,2023-04-12
C004828,Kiaan Borde,Guwahati,Telangana,2023-03-04
C004829,Onkar Gandhi,Aligarh,Meghalaya,2024-07-15
C004830,Ekalinga Rajagopal,Medininagar,Karnataka,2025-05-16
C004831,Frederick Wadhwa,Gopalpur,Bihar,2023-04-18
C004832,Ronith Saran,Karimnagar,Telangana,2021-10-08
C004833,Zarna Oak,Ozhukarai,Maharashtra,2024-05-19
C004834,Reva Chaudhary,Bhalswa Jahangir Pur,Nagaland,2023-02-11
C004835,Forum Goel,Guntakal,Goa,2023-02-10
C004836,Jack Chauhan,Kozhikode,Odisha,2026-08-15
C004837,Yahvi Chowdhury,Bhubaneswar,Jharkhand,2021-09-21
C004838,Tarak Varghese,Sikar,Odisha,2026-08-10
C004839,Jai Mane,Haridwar,Karnataka,2022-12-21
C004840,Jai Gaba,Moradabad,Manipur,2024-03-26
C004841,Max Behl,Aizawl,Maharashtra,2025-12-11
C004842,Neha Patla,Tinsukia,Assam,2026-04-12
C004843,Ubika Grover,Shahjahanpur,Sikkim,2024-12-10
C004844,Eta Chaudry,Bijapur,Himachal Pradesh,2026-07-27
C004845,Dhriti Halder,Raipur,Nagaland,2021-11-18
C004846,Guneet Halder,Hazaribagh,Karnataka,2022-10-31
C004847,Harsh Parmer,Deoghar,Tripura,2023-02-12
C004848,Bimala Goswami,Ahmedabad,Telangana,2022-09-24
C004849,Zayan Rana,Singrauli,Meghalaya,2022-05-11
C004850,Nakul Anne,Satara,Haryana,2023-10-26
C004851,Wyatt Yadav,Gandhidham,Uttar Pradesh,2021-12-31
C004852,Urvi Rajan,Bijapur,Tripura,2022-10-23
C004853,Wakeeta Sandhu,Nandyal,Jharkhand,2022-02-07
C004854,Vidhi Desai,Thane,Manipur,2024-07-16
C004855,Brinda Ben,New Delhi,Uttarakhand,2023-07-11
C004856,Kamala Bora,Khora ,Tamil Nadu,2025-11-09
C004857,Bhanumati Shere,Hapur,Himachal Pradesh,2023-03-22
C004858,Hiral Mann,Junagadh,Telangana,2026-03-10
C004859,Pranav Sunder,Muzaffarpur,Odisha,2026-05-08
C004860,Qasim Kanda,Suryapet,Goa,2026-01-05
C004861,Lakshmi Handa,Jaunpur,Nagaland,2025-04-17
C004862,Vanya Baral,Bokaro,Rajasthan,2023-08-22
C004863,Tanmayi Kashyap,Saharsa,Punjab,2024-10-14
C004864,Ekavir Buch,Adoni,Odisha,2023-04-04
C004865,Rayaan Nagar,Bijapur,Tamil Nadu,2025-08-22
C004866,Hiral Amble,Delhi,Meghalaya,2025-09-28
C004867,Abeer Mishra,Gangtok,Punjab,2025-01-23
C004868,Hiral Shan,Dibrugarh,Maharashtra,2025-03-11
C004869,Ekavir Khanna,Anantapur,Odisha,2024-09-17
C004870,Aarini Mammen,Alwar,Telangana,2023-02-14
C004871,Kamala Natarajan,Salem,Gujarat,2023-04-09
C004872,Falak Bhavsar,Durg,Bihar,2026-08-12
C004873,Sathvik Pandya,Navi Mumbai,Andhra Pradesh,2025-02-27
C004874,Dayamai Oommen,Berhampur,West Bengal,2025-04-24
C004875,Neelima Parekh,Thanjavur,Telangana,2021-12-03
C004876,Dhruv Swamy,Mehsana,Chhattisgarh,2022-11-11
C004877,Advika Desai,Morbi,Uttarakhand,2025-12-08
C004878,Balveer Issac,Thrissur,Rajasthan,2026-04-20
C004879,Logan Varty,Gandhidham,Assam,2026-02-21
C004880,Ira Mohanty,Imphal,Chhattisgarh,2022-09-07
C004881,Neel Sastry,Amaravati,Maharashtra,2023-09-28
C004882,Teerth Bobal,Farrukhabad,Punjab,2023-06-01
C004883,Henry Babu,Nanded,Haryana,2022-02-14
C004884,Gaurika Lad,Indore,Haryana,2026-03-12
C004885,Yashodhara Bahl,Erode,Jharkhand,2026-04-26
C004886,George Barad,Bikaner,Assam,2025-12-03
C004887,Daksha Borra,Nagpur,Nagaland,2022-05-29
C004888,Chakradev Desai,Bhusawal,Assam,2025-04-11
C004889,Sanaya Handa,Rajkot,Jharkhand,2026-06-30
C004890,Advay Kadakia,Jaipur,Himachal Pradesh,2023-04-06
C004891,Warhi Kumer,Kurnool,Jharkhand,2024-04-05
C004892,Hemang Bassi,Karimnagar,Assam,2022-01-17
C004893,Chaitaly Rana,Amritsar,Andhra Pradesh,2024-02-25
C004894,Ryan Dara,Naihati,Kerala,2024-07-03
C004895,Chavvi Deol,Chittoor,Tripura,2022-11-29
C004896,Vincent Parikh,Madhyamgram,Chhattisgarh,2022-05-22
C004897,Krishna Bose,Begusarai,West Bengal,2025-07-11
C004898,Pallavi Soni,Uluberia,West Bengal,2022-03-16
C004899,Xiti Srinivasan,Solapur,Chhattisgarh,2023-06-24
C004900,Udant Shan,Kalyan-Dombivli,Himachal Pradesh,2025-12-22
C004901,Umang Barad,Karimnagar,Bihar,2026-08-28
C004902,Eiravati Om,Sasaram,Uttar Pradesh,2022-05-20
C004903,Udant Mand,Siwan,Nagaland,2021-12-04
C004904,Neha Muni,Shahjahanpur,Rajasthan,2022-07-29
C004905,Vedhika Nagar,Udupi,Gujarat,2026-07-02
C004906,Eshana Khare,Kolhapur,Arunachal Pradesh,2024-09-27
C004907,Damini Halder,Ballia,Goa,2025-06-23
C004908,Diya Krishnamurthy,Bulandshahr,Haryana,2026-01-21
C004909,Osha Shan,Kolhapur,Arunachal Pradesh,2025-08-24
C004910,Isha Hegde,Karaikudi,Sikkim,2024-01-15
C004911,Christopher Pal,Karnal,Telangana,2024-07-11
C004912,Ekaja Loke,Vadodara,Manipur,2026-01-20
C004913,Tamanna Sidhu,Bhavnagar,Uttar Pradesh,2022-07-25
C004914,Balvan Shah,Bangalore,Himachal Pradesh,2021-11-06
C004915,Warda Bir,Malegaon,Jharkhand,2025-02-01
C004916,Sachi Peri,Siwan,Tamil Nadu,2021-10-18
C004917,Girish Bajaj,Suryapet,Maharashtra,2025-02-21
C004918,Finn Vig,Bardhaman,Himachal Pradesh,2022-12-06
C004919,Jonathan Master,Mehsana,Arunachal Pradesh,2023-11-12
C004920,Upma Butala,Pune,Bihar,2025-12-07
C004921,Unnati Atwal,Latur,Goa,2024-06-09
C004922,Champak Mangal,Rajahmundry,Uttar Pradesh,2021-11-29
C004923,Yash Desai,Gandhinagar,Sikkim,2025-04-06
C004924,Aahana Bhasin,Howrah,Himachal Pradesh,2023-08-08
C004925,Ucchal Sathe,Bhilwara,Madhya Pradesh,2026-07-18
C004926,Bhanumati Sibal,Ichalkaranji,West Bengal,2026-02-24
C004927,Henry Handa,Tiruchirappalli,Mizoram,2025-04-15
C004928,Yash Deshpande,Gwalior,Uttarakhand,2023-11-30
C004929,Ladli Prabhu,Sasaram,Uttar Pradesh,2022-09-22
C004930,Ubika Pillai,Fatehpur,Arunachal Pradesh,2021-11-06
C004931,Anika Khurana,Gopalpur,Gujarat,2022-12-24
C004932,Lakshmi Singh,Bhopal,Uttarakhand,2024-06-23
C004933,Lajita Devi,Mysore,Rajasthan,2022-12-25
C004934,Jatin Bora,Rampur,Bihar,2022-03-25
C004935,Avi Devan,Nadiad,Andhra Pradesh,2025-10-27
C004936,Yug Ratti,Meerut,Uttar Pradesh,2021-12-11
C004937,Kabir Goda,Tirupati,Himachal Pradesh,2023-01-22
C004938,Raksha Konda,Kollam,Nagaland,2023-12-03
C004939,Diya Samra,Amravati,Uttarakhand,2025-02-22
C004940,Dhriti Mukhopadhyay,Ajmer,Maharashtra,2022-05-22
C004941,Forum Murty,Bahraich,Tripura,2024-05-11
C004942,Neelima Wagle,Arrah,Arunachal Pradesh,2026-03-16
C004943,Anamika Mukhopadhyay,South Dumdum,Uttar Pradesh,2023-04-17
C004944,Robert Palan,Guntakal,Haryana,2024-08-15
C004945,Samuel Nath,Danapur,Mizoram,2021-12-03
C004946,Ayaan Tandon,Ranchi,West Bengal,2025-11-22
C004947,Shravya Kakar,Rampur,Uttar Pradesh,2024-03-03
C004948,Ishita Golla,Bhalswa Jahangir Pur,Meghalaya,2025-10-27
C004949,Zehaan Mangal,Buxar,Madhya Pradesh,2023-11-30
C004950,Bahadurjit Mohan,Ichalkaranji,Uttar Pradesh,2022-02-11
C004951,Radhika Anand,Tezpur,Nagaland,2026-01-04
C004952,Madhavi Mishra,Cuttack,Telangana,2025-07-22
C004953,Janya Johal,Surendranagar Dudhrej,Odisha,2023-08-08
C004954,Bina Raghavan,Ballia,Bihar,2022-11-08
C004955,Anthony Kumar,Bhind,Goa,2024-09-23
C004956,Irya Hora,Varanasi,Assam,2025-05-10
C004957,Tristan Dhaliwal,Bhind,Andhra Pradesh,2025-05-30
C004958,Mekhala Deshpande,Vasai-Virar,Tamil Nadu,2025-09-20
C004959,Saksham Dash,Howrah,Gujarat,2022-10-14
C004960,Daniel Kashyap,Shahjahanpur,Sikkim,2025-12-27
C004961,Amara Dubey,Proddatur,Odisha,2024-09-14
C004962,Xavier Sane,Panchkula,Odisha,2023-12-01
C004963,Adweta Nayar,Mahbubnagar,Tamil Nadu,2024-09-04
C004964,Tanmayi Tripathi,Malegaon,Manipur,2023-04-22
C004965,Waida Mani,Bahraich,Telangana,2022-07-27
C004966,Kevin Dhillon,Nagpur,Goa,2023-06-24
C004967,Meera Dayal,Munger,Bihar,2025-08-04
C004968,Anika Balasubramanian,Thane,Himachal Pradesh,2024-12-22
C004969,Jeevika Chaudhary,Ujjain,Nagaland,2024-11-16
C004970,Yamini Buch,Pune,Kerala,2021-09-20
C004971,Karan Wali,Agra,Meghalaya,2024-02-24
C004972,Ishanvi Gara,Mango,Tripura,2025-03-27
C004973,Vasatika Mahajan,Tiruppur,Punjab,2023-06-15
C004974,Alka Kalla,Sirsa,Gujarat,2022-10-18
C004975,Zinal Kalita,Adoni,Goa,2022-05-05
C004976,Jagdish Barman,Durgapur,Madhya Pradesh,2021-09-04
C004977,Ridhi Gandhi,Bardhaman,Gujarat,2023-10-21
C004978,Lavanya Oza,Mehsana,Assam,2024-09-26
C004979,Vamakshi Kothari,Indore,Kerala,2023-03-17
C004980,Robert Bhatti,Korba,Andhra Pradesh,2026-07-01
C004981,Charan Soni,Muzaffarpur,Manipur,2025-06-26
C004982,Henry De,Nellore,Himachal Pradesh,2022-05-24
C004983,Zansi Oak,Kozhikode,Sikkim,2025-07-11
C004984,Avi Vora,Bulandshahr,Nagaland,2021-10-27
C004985,Daniel Sodhi,Malegaon,Andhra Pradesh,2026-06-08
C004986,Frederick Dugar,Nagaon,Odisha,2024-01-15
C004987,Pranit Korpal,Jehanabad,Maharashtra,2021-12-26
C004988,Wahab Kadakia,Khammam,Uttar Pradesh,2026-01-20
C004989,Indali Contractor,Karimnagar,Manipur,2021-11-30
C004990,Oliver Hegde,Suryapet,Mizoram,2026-03-30
C004991,Radha Aggarwal,Jabalpur,Manipur,2024-07-10
C004992,Omkaar Mammen,Korba,Andhra Pradesh,2022-01-24
C004993,Yochana Sampath,Karnal,Mizoram,2025-10-14
C004994,Harini Nigam,Dharmavaram,Karnataka,2026-07-22
C004995,Chavvi Nayak,Sagar,Punjab,2025-05-22
C004996,Yuvraj Raman,Jalna,Sikkim,2025-01-04
C004997,Sanaya Gokhale,Sonipat,Bihar,2026-04-05
C004998,Bhavna Desai,Aizawl,Uttar Pradesh,2023-08-03
C004999,Ekiya Batra,Rewa,Chhattisgarh,2022-07-26
C005000,Libni Lal,Sagar,Punjab,2023-05-18
C005001,Hredhaan Sandal,Sultan Pur Majra,Himachal Pradesh,2021-12-13
C005002,Oni Vaidya,Katihar,Karnataka,2025-06-18
C005003,Faqid Chadha,Tenali,Rajasthan,2025-05-18
C005004,Matthew Sanghvi,Mysore,Mizoram,2025-06-21
C005005,Shivani Yogi,Thrissur,Manipur,2025-09-07
C005006,Elijah Dutta,Ramgarh,Gujarat,2022-08-06
C005007,Amaira Parekh,Rampur,Haryana,2025-05-24
C005008,Anamika Sarraf,Jalna,Arunachal Pradesh,2025-10-07
C005009,Lopa Padmanabhan,Danapur,Uttarakhand,2025-06-19
C005010,Meera Gokhale,Giridih,Chhattisgarh,2022-02-02
C005011,Nathan Singh,Tiruvottiyur,Tripura,2025-11-20
C005012,Lohit Patla,Karawal Nagar,Goa,2022-04-12
C005013,Zaid Agrawal,Suryapet,Tripura,2024-07-26
C005014,Yashawini Palla,Arrah,Haryana,2022-11-14
C005015,Pratyush Oak,Nadiad,Andhra Pradesh,2021-09-21
C005016,Gauri Swaminathan,Vellore,Rajasthan,2022-01-21
C005017,Azaan Jain,Srinagar,Uttarakhand,2023-10-03
C005018,Hamsini Gulati,Giridih,Mizoram,2024-05-31
C005019,Amara Sawhney,Bhopal,Telangana,2025-11-26
C005020,Pooja Basu,Panchkula,Himachal Pradesh,2024-11-15
C005021,Arunima Khatri,Raiganj,Arunachal Pradesh,2022-02-05
C005022,Fariq Sura,Anantapuram,Gujarat,2024-12-16
C005023,Fitan Raj,Ambala,Tamil Nadu,2025-07-25
C005024,Quincy Buch,Morena,Tamil Nadu,2025-10-30
C005025,Abeer Nair,Dindigul,Uttarakhand,2025-12-06
C005026,Pushti Dara,Ramagundam,Tripura,2026-04-02
C005027,Damyanti Bhavsar,Tirunelveli,Meghalaya,2025-12-19
C005028,Vivaan Bhatt,Moradabad,Telangana,2025-12-11
C005029,Oscar Sahota,Rampur,Sikkim,2026-07-12
C005030,Fitan Dyal,Kurnool,Tamil Nadu,2023-07-11
C005031,Jason Murthy,Kanpur,Manipur,2022-09-16
C005032,Lakshit Ahuja,Darbhanga,Mizoram,2023-11-12
C005033,Oni Setty,Madurai,Kerala,2023-12-05
C005034,Ucchal Raghavan,Chennai,Jharkhand,2024-05-07
C005035,Vihaan Chad,Rewa,Sikkim,2024-04-20
C005036,Ria Rattan,Hospet,Tripura,2025-01-23
C005037,Urvi Sant,Rewa,West Bengal,2023-10-22
C005038,Meera Batra,Cuttack,Andhra Pradesh,2025-12-01
C005039,Logan Sarin,Ozhukarai,Karnataka,2023-03-28
C005040,Vritti Patla,Tumkur,Odisha,2026-03-27
C005041,Krish Thaker,Asansol,Manipur,2024-09-24
C005042,Anya Dhar,Kolkata,Maharashtra,2022-04-27
C005043,Banjeet Sachdeva,Hindupur,Uttarakhand,2026-03-23
C005044,Vincent Vora,Bally,Arunachal Pradesh,2022-03-10
C005045,Varenya Dey,Vijayanagaram,West Bengal,2025-05-03
C005046,Baljiwan Korpal,Chandigarh,Himachal Pradesh,2023-10-07
C005047,Rishi Chakraborty,Tezpur,Uttarakhand,2023-09-12
C005048,Anmol Brar,Gorakhpur,Uttar Pradesh,2025-12-27
C005049,Ansh Rattan,Chandrapur,Mizoram,2026-03-10
C005050,Hemal Virk,Imphal,Kerala,2022-10-19
C005051,Ishani Dube,Vasai-Virar,Karnataka,2022-04-20
C005052,Reyansh Sabharwal,Nizamabad,Kerala,2025-07-14
C005053,Edhitha Bora,Aurangabad,Nagaland,2023-05-13
C005054,Gaurav Khurana,Karnal,Madhya Pradesh,2025-04-09
C005055,Yug Jani,Siwan,Maharashtra,2023-10-17
C005056,Ucchal Walla,Khammam,Sikkim,2024-12-15
C005057,Jason Choudhry,Bikaner,Himachal Pradesh,2025-04-11
C005058,Upma Sama,Guntakal,Gujarat,2025-01-04
C005059,Laksh Sankar,Bhiwandi,Meghalaya,2025-07-22
C005060,Radha Srivastava,Mysore,Uttarakhand,2021-09-12
C005061,Warda Bose,Udupi,Karnataka,2022-09-30
C005062,Raghav Zacharia,Kozhikode,Bihar,2022-10-04
C005063,Jasmit Borra,Panipat,Kerala,2024-12-01
C005064,Dalaja Madan,South Dumdum,Chhattisgarh,2021-12-19
C005065,Mahika Nayar,Vellore,Gujarat,2023-09-02
C005066,Ira Bansal,Tumkur,Gujarat,2022-10-13
C005067,Kabir Naidu,Siwan,Assam,2024-01-07
C005068,Wahab Bera,Satara,Karnataka,2026-02-23
C005069,Dominic Mahal,Ghaziabad,Chhattisgarh,2024-01-27
C005070,Ranveer Pal,Morbi,Himachal Pradesh,2024-10-20
C005071,Simon Koshy,Kottayam,Arunachal Pradesh,2026-08-20
C005072,Aryan Dey,Gopalpur,Andhra Pradesh,2024-03-27
C005073,Gabriel Bajwa,Bhind,Meghalaya,2022-06-25
C005074,Warinder Narasimhan,Bikaner,Tripura,2025-10-28
C005075,Thomas Suri,Raichur,Karnataka,2023-11-08
C005076,Mitali Bhattacharyya,Warangal,Manipur,2024-09-13
C005077,Umang Nazareth,Tirupati,Nagaland,2022-07-28
C005078,Upadhriti Chatterjee,Pali,Maharashtra,2025-04-21
C005079,Harinakshi Koshy,Gangtok,Telangana,2022-10-01
C005080,Praneel Shere,Kolhapur,Assam,2024-08-09
C005081,Guneet Johal,Korba,Rajasthan,2023-10-15
C005082,Rajeshri Dugar,Tadipatri,West Bengal,2026-04-03
C005083,Yamini Golla,Amroha,Meghalaya,2023-04-10
C005084,Ekaraj Deep,Korba,Manipur,2022-08-13
C005085,Manbir Sathe,Khora ,Haryana,2026-06-28
C005086,Divya Shere,Tumkur,Uttar Pradesh,2023-03-15
C005087,Gaurav Sama,Belgaum,Arunachal Pradesh,2024-12-29
C005088,Gaurang Bath,Bally,Uttarakhand,2023-10-21
C005089,Meera Krishnamurthy,Katni,Himachal Pradesh,2024-02-18
C005090,Shivansh Dyal,Giridih,Assam,2023-10-25
C005091,Naksh Amble,Madhyamgram,Rajasthan,2022-12-10
C005092,Riya Rao,Imphal,Goa,2025-08-04
C005093,Yashica Sehgal,Ongole,Bihar,2022-02-22
C005094,Raghav Zachariah,Bellary,Arunachal Pradesh,2021-10-14
C005095,Caleb Bhasin,Rajpur Sonarpur,Rajasthan,2022-11-10
C005096,Yoshita Samra,Amroha,Karnataka,2024-01-29
C005097,Kala Sachdev,Nangloi Jat,Goa,2026-05-14
C005098,Turvi Bala,Ramagundam,Himachal Pradesh,2025-03-31
C005099,Thomas Gour,Burhanpur,Kerala,2025-03-06
C005100,Dhruv Natt,Bulandshahr,Telangana,2023-05-16
C005101,Jai Shroff,Shimla,Gujarat,2024-05-01
C005102,Yutika Peri,Panchkula,Madhya Pradesh,2026-07-03
C005103,Jagrati Patel,Khammam,Uttar Pradesh,2025-03-02
C005104,Benjamin Karnik,Sultan Pur Majra,Telangana,2024-05-04
C005105,Qabil Rana,Hazaribagh,Himachal Pradesh,2022-11-07
C005106,Abhiram Dutta,Warangal,Karnataka,2022-06-14
C005107,Hamsini Pandit,Dharmavaram,Rajasthan,2024-10-18
C005108,Sudiksha De,Shivpuri,Madhya Pradesh,2025-03-06
C005109,Anjali Boase,Asansol,Maharashtra,2024-04-10
C005110,Dakshesh Goyal,Ranchi,Nagaland,2022-04-28
C005111,Vidhi Dubey,Gudivada,Nagaland,2022-11-17
C005112,Amol Iyer,Jalgaon,Jharkhand,2023-04-13
C005113,Ojas Pingle,Chandigarh,Tamil Nadu,2024-04-06
C005114,Kiaan Lad,Jaunpur,Uttar Pradesh,2025-05-05
C005115,Rudra Bhagat,Siwan,Gujarat,2024-03-01
C005116,Neha Shankar,Dhanbad,Manipur,2025-12-19
C005117,Deepa Mitter,Chinsurah,Madhya Pradesh,2024-11-15
C005118,Tristan Sankar,Buxar,Rajasthan,2024-04-17
C005119,Zarna Rege,Raurkela Industrial Township,Telangana,2021-10-20
C005120,Gautami Golla,Purnia,Goa,2026-07-09
C005121,Qarin Purohit,Buxar,Tripura,2022-11-28
C005122,Luke Narang,Kozhikode,Meghalaya,2023-10-01
C005123,Nitara Zachariah,Bhalswa Jahangir Pur,Arunachal Pradesh,2023-12-19
C005124,Peter Hans,Nizamabad,Rajasthan,2023-10-21
C005125,Omaja Rao,Ranchi,Kerala,2022-07-08
C005126,Libni Chahal,Burhanpur,West Bengal,2026-01-11
C005127,Om Thakkar,Saharsa,Tamil Nadu,2026-02-07
C005128,Omkaar Magar,Mahbubnagar,Himachal Pradesh,2021-10-29
C005129,Jagvi Chacko,North Dumdum,Maharashtra,2022-05-27
C005130,Chandani Mahajan,Kishanganj,Nagaland,2023-08-08
C005131,Harrison Kota,Bhilai,Madhya Pradesh,2026-08-04
C005132,Amrita Singh,Bhimavaram,Assam,2022-10-25
C005133,Wakeeta Tak,Phagwara,Nagaland,2021-09-07
C005134,Nakul Dutta,Solapur,Madhya Pradesh,2023-06-30
C005135,Yachana Peri,Ludhiana,Andhra Pradesh,2022-12-20
C005136,Hardik Patla,Thrissur,Assam,2023-04-28
C005137,Megha Kalla,Jalna,Tripura,2021-09-15
C005138,Fariq Ganesh,Ranchi,Goa,2023-09-29
C005139,Pooja Sule,Visakhapatnam,Uttarakhand,2022-08-15
C005140,Ijaya Badami,Navi Mumbai,Sikkim,2025-07-19
C005141,Ekaja Rastogi,Chennai,Tamil Nadu,2021-09-17
C005142,Fariq Sheth,Tiruvottiyur,Uttarakhand,2023-06-22
C005143,Chaitaly More,Bardhaman,Gujarat,2026-01-02
C005144,Ishaan Pradhan,Satara,Jharkhand,2025-11-09
C005145,Radhika D’Alia,Kirari Suleman Nagar,Rajasthan,2022-03-01
C005146,Advay Deol,Ajmer,Nagaland,2023-04-02
C005147,Aachal Bera,Patiala,Sikkim,2026-01-31
C005148,Saksham Mandal,Mangalore,Uttarakhand,2023-05-29
C005149,Isaiah Rai,Nagpur,Kerala,2023-06-29
C005150,Alka Borra,Kolhapur,Sikkim,2024-08-23
C005151,Shravya Rajagopalan,Karimnagar,Chhattisgarh,2022-01-11
C005152,Gaurang Kannan,Navi Mumbai,Maharashtra,2025-08-21
C005153,Bina Gandhi,Rourkela,Madhya Pradesh,2025-11-13
C005154,Harrison Chacko,Amroha,Mizoram,2022-08-10
C005155,Rachita Sidhu,Bhavnagar,Punjab,2021-09-21
C005156,Ekaja Char,Maheshtala,Mizoram,2025-01-15
C005157,Omkaar Sankaran,Muzaffarpur,Tripura,2021-10-18
C005158,Onveer Baria,Gwalior,Meghalaya,2024-07-16
C005159,Arin Mandal,Karimnagar,Uttar Pradesh,2023-05-06
C005160,Avni Borde,Tiruvottiyur,Andhra Pradesh,2025-06-20
C005161,Ekaja Agate,Orai,Karnataka,2023-01-21
C005162,Nitara Suri,Ghaziabad,Haryana,2025-11-20
C005163,Rajata Seth,Dhanbad,Telangana,2021-09-21
C005164,Arjun Sengupta,Darbhanga,Sikkim,2024-03-01
C005165,Harinakshi Uppal,Pondicherry,Karnataka,2021-09-24
C005166,Widisha Gade,Rourkela,Manipur,2025-06-06
C005167,Laksh Grover,Kochi,West Bengal,2026-04-26
C005168,Kalpit Apte,Moradabad,Assam,2023-01-02
C005169,Reyansh Kumer,Purnia,Gujarat,2024-12-04
C005170,Elijah Baral,Ludhiana,Goa,2024-03-28
C005171,Nandini Murty,Amritsar,Sikkim,2025-08-27
C005172,Vaishnavi Brahmbhatt,Jaunpur,Arunachal Pradesh,2025-01-02
C005173,Indira Sarraf,Sasaram,Nagaland,2025-02-10
C005174,Gaurav Gade,Pimpri-Chinchwad,Manipur,2021-11-17
C005175,Chameli Buch,Hosur,Sikkim,2026-02-05
C005176,David Dash,Panipat,Uttarakhand,2024-07-07
C005177,Xalak Ratti,Bahraich,Maharashtra,2022-04-09
C005178,Kai Loyal,Bhopal,Bihar,2025-10-12
C005179,Michael Chandra,Bhusawal,Jharkhand,2024-06-24
C005180,Vasudha Shukla,Bikaner,Chhattisgarh,2023-05-31
C005181,Zayan Palla,Farrukhabad,Manipur,2025-12-16
C005182,Ria Sharma,North Dumdum,West Bengal,2023-04-12
C005183,Daniel Pandit,Katihar,Himachal Pradesh,2026-02-14
C005184,Warinder Patel,Akola,Manipur,2023-02-14
C005185,Tanveer Nori,Pune,Goa,2023-11-01
C005186,Xavier Thakur,Bhusawal,Gujarat,2026-02-28
C005187,Leena Mangat,Shimoga,Chhattisgarh,2025-07-14
C005188,Viraj Nagar,Sri Ganganagar,Chhattisgarh,2023-09-14
C005189,Omaja Setty,Rourkela,Uttar Pradesh,2022-12-27
C005190,Yuvraj Nath,Noida,West Bengal,2024-04-25
C005191,Madhavi Dugar,Vasai-Virar,Maharashtra,2025-04-09
C005192,Yatan Madan,Bhiwandi,Himachal Pradesh,2022-10-18
C005193,Kavya Rao,Rohtak,Tamil Nadu,2024-08-01
C005194,Ojasvi Kakar,Tirunelveli,Uttar Pradesh,2026-02-26
C005195,Qabil Kalla,Bharatpur,Manipur,2021-12-08
C005196,Anya Lata,Mirzapur,Uttar Pradesh,2022-08-30
C005197,Samar Madan,Siliguri,Assam,2022-04-28
C005198,Unni Nori,Ramgarh,Himachal Pradesh,2024-02-27
C005199,Vanya Mani,Jodhpur,Rajasthan,2026-05-18
C005200,Praneel Mital,Patiala,Mizoram,2022-08-06
C005201,Falan Edwin,Bhilai,Maharashtra,2023-12-27
C005202,Oscar Krishnamurthy,Tumkur,Goa,2026-08-27
C005203,Oscar Kulkarni,Kurnool,Karnataka,2023-06-28
C005204,Kavya Dani,Mathura,West Bengal,2021-09-06
C005205,Ucchal Mutti,Bhilwara,Kerala,2022-04-21
C005206,Arunima Srinivasan,Noida,Arunachal Pradesh,2024-07-21
C005207,Onveer Lad,Thiruvananthapuram,Assam,2021-11-18
C005208,Logan Krishnamurthy,Dewas,Haryana,2025-09-25
C005209,Om Morar,Nashik,Uttarakhand,2022-04-08
C005210,Ojasvi Arya,Bidar,Telangana,2024-12-22
C005211,Avi Purohit,Latur,Telangana,2025-06-16
C005212,Harsh Din,Kadapa,Meghalaya,2021-12-23
C005213,Hamsini Andra,Solapur,West Bengal,2023-12-06
C005214,Fiyaz Palla,Kota,Bihar,2023-01-24
C005215,Aarnav Dewan,Jodhpur,Maharashtra,2022-01-15
C005216,Aachal Ben,Ongole,Goa,2026-05-30
C005217,Yasti Karan,Gorakhpur,Goa,2022-03-05
C005218,Fariq Lalla,Ajmer,Kerala,2021-12-22
C005219,Megha Rai,Dibrugarh,Himachal Pradesh,2023-01-22
C005220,David Bir,Guwahati,Himachal Pradesh,2023-12-16
C005221,Aarini Ramanathan,Fatehpur,Haryana,2025-10-26
C005222,Yatin Walla,Jabalpur,Tamil Nadu,2024-09-03
C005223,Omkaar Venkataraman,Khora ,Tamil Nadu,2023-12-27
C005224,Ekiya Singhal,Kakinada,Tripura,2025-10-30
C005225,Victor Balakrishnan,Satara,Meghalaya,2025-09-23
C005226,Sathvik Ramakrishnan,Raebareli,Andhra Pradesh,2025-08-27
C005227,Harish Baria,Dharmavaram,Gujarat,2023-12-25
C005228,Edhitha Agrawal,Berhampur,Odisha,2022-02-19
C005229,Harita Saraf,Guntur,Mizoram,2024-09-08
C005230,Leela Sandal,Tadipatri,Maharashtra,2023-06-19
C005231,Damyanti Sidhu,Pune,Meghalaya,2024-06-10
C005232,Onveer Chahal,Hubli–Dharwad,Mizoram,2024-02-20
C005233,Lopa Gandhi,Nadiad,Jharkhand,2024-02-04
C005234,Arin De,Hapur,Odisha,2024-02-28
C005235,Yachana Palla,Pondicherry,Madhya Pradesh,2024-11-03
C005236,Gayathri Dugar,Sambalpur,Meghalaya,2025-07-08
C005237,Baljiwan Sekhon,Mirzapur,Tripura,2024-05-29
C005238,Udant Sunder,Karaikudi,Uttar Pradesh,2024-08-30
C005239,Ganga Borra,Tirunelveli,Karnataka,2026-05-08
C005240,Oni Shankar,Gwalior,Sikkim,2025-11-05
C005241,Omkaar Dugar,Giridih,Tripura,2023-02-26
C005242,Priya Narang,Bhagalpur,Uttar Pradesh,2025-01-16
C005243,Aachal Bera,Allahabad,Uttarakhand,2023-07-28
C005244,Amruta Barad,Mumbai,Arunachal Pradesh,2026-06-06
C005245,Gaurav Oommen,Warangal,Jharkhand,2022-11-19
C005246,Ekaja Singhal,Korba,Uttarakhand,2026-04-15
C005247,Ekapad Jaggi,Gandhinagar,Tamil Nadu,2023-10-09
C005248,Naveen Mane,Madurai,Jharkhand,2022-10-11
C005249,Oliver Bains,Allahabad,Mizoram,2024-09-04
C005250,Anthony Rao,Kurnool,Himachal Pradesh,2025-02-17
C005251,Ekapad Vyas,Hajipur,Meghalaya,2023-04-09
C005252,Maanas Verma,Eluru,Kerala,2023-04-08
C005253,Yashica Barman,Kota,Tamil Nadu,2022-03-23
C005254,Frederick Rajagopalan,Sambalpur,Gujarat,2023-08-19
C005255,Yamini Prakash,Ichalkaranji,Assam,2026-03-01
C005256,Zaid Saini,Meerut,Sikkim,2023-03-15
C005257,Rushil Chahal,Chittoor,Nagaland,2026-04-05
C005258,Nathan Bhavsar,Amaravati,Haryana,2025-03-13
C005259,Odika Tara,Madhyamgram,Manipur,2023-09-16
C005260,Hema Shan,Bijapur,Kerala,2024-08-18
C005261,Ganga Bhardwaj,Chandrapur,Mizoram,2022-08-10
C005262,Zashil Jaggi,Bhubaneswar,Bihar,2022-02-03
C005263,Lakshmi Jayaraman,Serampore,Gujarat,2023-08-31
C005264,Krishna Handa,Maheshtala,Rajasthan,2022-05-13
C005265,Janya Boase,Saharsa,Karnataka,2024-07-11
C005266,Ucchal Bajaj,Gandhinagar,Himachal Pradesh,2021-10-23
C005267,Lakshit Sami,Kharagpur,Manipur,2024-01-22
C005268,Ekaja Dasgupta,Farrukhabad,Uttarakhand,2025-12-23
C005269,Rajeshri Dugar,Bidar,Jharkhand,2026-06-13
C005270,Aadhya Deshpande,Adoni,Manipur,2023-10-14
C005271,Owen Manda,Junagadh,Odisha,2024-06-12
C005272,Om Pai,Visakhapatnam,Goa,2023-08-12
C005273,Yashica Jhaveri,Surendranagar Dudhrej,Tripura,2022-08-12
C005274,Kavya Golla,Bettiah,Tripura,2026-06-03
C005275,Charita Parmar,Yamunanagar,Sikkim,2024-07-03
C005276,Anya Murthy,Durg,Jharkhand,2025-05-05
C005277,Ekanta Dhawan,Bhimavaram,Andhra Pradesh,2021-12-02
C005278,Elijah Prabhakar,Avadi,West Bengal,2022-12-29
C005279,Warhi Yohannan,Bathinda,Himachal Pradesh,2025-11-11
C005280,Ekapad Thakkar,Morbi,Punjab,2024-08-12
C005281,Jeet Mitra,Bidhannagar,Arunachal Pradesh,2023-08-10
C005282,Vrishti Dhar,Varanasi,Telangana,2022-10-03
C005283,Dakshesh Mukherjee,Surendranagar Dudhrej,Meghalaya,2021-12-09
C005284,Wyatt Madan,Kalyan-Dombivli,Sikkim,2023-10-11
C005285,Odika Chaudhari,Bihar Sharif,Andhra Pradesh,2025-10-23
C005286,Gagan Rajan,Etawah,Meghalaya,2024-06-01
C005287,Vinaya Pai,Mangalore,Tamil Nadu,2025-12-10
C005288,Jeremiah Ratta,Ambala,Karnataka,2022-06-07
C005289,Charles Sampath,Saharsa,Mizoram,2022-04-06
C005290,Jagrati Sidhu,Anantapur,Kerala,2025-03-15
C005291,Faris Sama,Karaikudi,Odisha,2024-03-24
C005292,Wriddhish Salvi,Munger,Himachal Pradesh,2025-02-16
C005293,Harita Prabhakar,Jamshedpur,Tamil Nadu,2025-03-07
C005294,Ekbal Kanda,Dharmavaram,Karnataka,2025-03-13
C005295,Rachit Deep,Serampore,Assam,2026-01-03
C005296,Kashvi Rana,Jabalpur,Odisha,2022-10-04
C005297,Maanav Sanghvi,Bijapur,Nagaland,2024-12-17
C005298,Daksha Vora,Aurangabad,Tripura,2025-12-24
C005299,Rudra Chada,Rajahmundry,Arunachal Pradesh,2024-08-14
C005300,Warda Behl,Kurnool,Madhya Pradesh,2026-07-09
C005301,Pranit Palan,Bhusawal,Himachal Pradesh,2022-10-18
C005302,Aayush Dara,Karawal Nagar,Jharkhand,2025-02-10
C005303,Indrajit Sura,Kurnool,Bihar,2022-06-08
C005304,Yagnesh Shukla,Loni,Kerala,2024-08-09
C005305,Lipika Agrawal,Jalgaon,Goa,2023-04-21
C005306,Odika Gulati,Erode,Meghalaya,2023-06-02
C005307,Vritti Sha,Katni,Punjab,2024-02-15
C005308,Dayamai Bhattacharyya,Bihar Sharif,Andhra Pradesh,2021-12-18
C005309,Nathaniel Singh,Surat,Gujarat,2022-10-01
C005310,Owen Saxena,Eluru,Gujarat,2024-06-05
C005311,Veer Om,Jodhpur,Bihar,2026-05-26
C005312,Agastya Kibe,Haldia,West Bengal,2026-08-15
C005313,Yashasvi Sachar,Jabalpur,Nagaland,2024-07-06
C005314,Devansh Chauhan,Ujjain,Mizoram,2022-05-02
C005315,Vedhika Balan,Katni,Maharashtra,2024-12-08
C005316,Veer Ramanathan,Nangloi Jat,Goa,2025-12-23
C005317,Yatin Dutt,Khammam,Odisha,2026-01-18
C005318,Gayathri Anne,Kollam,Sikkim,2025-11-04
C005319,Oscar Mall,Kamarhati,Meghalaya,2024-09-26
C005320,Hemani Hora,Kollam,Chhattisgarh,2023-10-19
C005321,Jonathan Sem,Vijayanagaram,Manipur,2022-07-01
C005322,Champak Krish,Uluberia,Madhya Pradesh,2025-12-05
C005323,David Shan,Cuttack,Tamil Nadu,2025-01-18
C005324,Max Mander,Hosur,Punjab,2022-04-12
C005325,Nathaniel Tiwari,Guna,Mizoram,2023-02-07
C005326,Ethan Narang,Bally,Odisha,2025-08-20
C005327,Watika Sachdev,Ramgarh,Assam,2023-10-04
C005328,Frado Rege,Gandhidham,Maharashtra,2024-08-11
C005329,Yashoda Ganesan,Munger,Bihar,2026-06-29
C005330,Amruta Bajwa,Phusro,Jharkhand,2026-06-11
C005331,Chaman Gupta,Imphal,Manipur,2025-10-01
C005332,Megha Bose,Hosur,Nagaland,2025-05-19
C005333,Harini Babu,Ballia,West Bengal,2022-06-07
C005334,Hiral Ratta,Kottayam,Gujarat,2022-11-14
C005335,Janya Guha,Kanpur,Bihar,2026-08-04
C005336,Gagan Dube,Ludhiana,Maharashtra,2024-12-02
C005337,Falak Karpe,Visakhapatnam,Tamil Nadu,2026-03-07
C005338,Benjamin Sarma,Mumbai,Sikkim,2022-11-08
C005339,Udant Kala,Jabalpur,Goa,2021-10-05
C005340,Meghana Sood,Muzaffarnagar,Manipur,2023-01-22
C005341,Ryan Sawhney,Sagar,Tripura,2023-10-17
C005342,Keya Pathak,Karawal Nagar,Andhra Pradesh,2025-07-30
C005343,Aarnav Palan,Anantapur,Meghalaya,2024-02-08
C005344,Nikita Suresh,Visakhapatnam,Karnataka,2023-11-18
C005345,Shravya Jaggi,Aurangabad,Madhya Pradesh,2023-10-20
C005346,Harita Madan,Jamalpur,Rajasthan,2026-03-12
C005347,Wridesh Bedi,Hazaribagh,Mizoram,2025-04-24
C005348,Dalbir Dyal,Rajpur Sonarpur,Bihar,2022-10-29
C005349,Pahal Saini,Satna,Himachal Pradesh,2025-11-16
C005350,Bachittar Narang,Farrukhabad,Andhra Pradesh,2022-06-08
C005351,Libni Das,Narasaraopet,Uttar Pradesh,2025-08-20
C005352,Banjeet Bal,Adoni,Sikkim,2022-02-19
C005353,Shravya Kadakia,Bardhaman,Madhya Pradesh,2025-06-01
C005354,Dayamai Taneja,Latur,West Bengal,2025-01-30
C005355,Bachittar Majumdar,Bhagalpur,Bihar,2026-07-20
C005356,Kritika Tank,Loni,Haryana,2022-11-19
C005357,Sai Arya,Durg,Chhattisgarh,2026-04-09
C005358,Parth Parmer,Vasai-Virar,Assam,2026-08-16
C005359,Ronith Pandit,Kanpur,Odisha,2024-02-29
C005360,Barkha Bhatnagar,Satara,Odisha,2025-06-24
C005361,Vedant Dewan,Proddatur,Nagaland,2025-06-21
C005362,Upadhriti Ramachandran,Vadodara,Rajasthan,2024-12-16
C005363,Ekaja Bobal,Tirupati,Andhra Pradesh,2023-06-22
C005364,Tejas Walla,Baranagar,Jharkhand,2023-04-27
C005365,Harish Uppal,Vellore,Haryana,2023-01-13
C005366,Sara Anand,Kharagpur,Tripura,2024-11-29
C005367,Yashvi Ganesan,Chittoor,Bihar,2024-08-16
C005368,Fariq Nanda,Korba,Haryana,2022-07-24
C005369,Upma Upadhyay,Pimpri-Chinchwad,Karnataka,2025-05-21
C005370,Nidra Sethi,Madurai,Odisha,2022-10-29
C005371,Bahadurjit Kari,Bhatpara,Mizoram,2025-06-10
C005372,Raksha Madan,Secunderabad,Mizoram,2023-03-30
C005373,Agastya Kadakia,Ahmedabad,Madhya Pradesh,2025-05-22
C005374,Vasatika Choudhry,Shimoga,Tripura,2025-09-05
C005375,Kritika Naik,Kirari Suleman Nagar,Assam,2023-04-11
C005376,Baghyawati Sachdeva,Rampur,Tamil Nadu,2024-10-03
C005377,Dayamai Mutti,Bidhannagar,Kerala,2023-03-06
C005378,Sachi Mital,Kadapa,Nagaland,2022-11-28
C005379,Liam Saini,Gorakhpur,Uttarakhand,2026-02-03
C005380,Hemang Chauhan,Satna,Telangana,2025-05-06
C005381,Zaid Kata,Aurangabad,Karnataka,2025-07-30
C005382,Bhavini Salvi,Vadodara,Rajasthan,2024-10-18
C005383,Odika Wali,Narasaraopet,Nagaland,2023-05-21
C005384,Ekansh Kapoor,Raebareli,Karnataka,2022-03-07
C005385,Vedhika Nagarajan,Faridabad,Haryana,2024-03-17
C005386,Krisha Jain,Tiruppur,Tripura,2026-04-06
C005387,Yash Mital,Durgapur,Himachal Pradesh,2024-05-24
C005388,Chatresh Nori,Ratlam,West Bengal,2024-07-13
C005389,Kiaan Rau,Jorhat,Nagaland,2021-09-23
C005390,Ojas Luthra,Madhyamgram,Assam,2024-11-15
C005391,Madhavi Dyal,Adoni,Manipur,2023-10-19
C005392,Omisha Gole,Nandyal,Andhra Pradesh,2023-06-11
C005393,Arya Singh,Udaipur,Maharashtra,2026-02-22
C005394,Ranbir Das,Mangalore,Telangana,2026-07-12
C005395,Gautam Gill,Kolhapur,Mizoram,2021-09-03
C005396,Qasim Pall,Adoni,Himachal Pradesh,2022-06-21
C005397,Anvi Om,Alwar,Assam,2026-04-02
C005398,Eesha Yohannan,Guwahati,Himachal Pradesh,2021-09-11
C005399,Vincent Palan,Kamarhati,Andhra Pradesh,2023-05-23
C005400,Yashasvi Dora,Fatehpur,Gujarat,2024-06-10
C005401,Aditya Morar,Adoni,Uttarakhand,2026-04-25
C005402,Jagvi Savant,Purnia,Uttarakhand,2025-12-13
C005403,Liam Chanda,Siliguri,Tripura,2024-10-13
C005404,Omisha Gera,Jorhat,Karnataka,2024-12-12
C005405,Shivansh Misra,Kharagpur,Arunachal Pradesh,2026-02-13
C005406,Shivansh Bahri,Mirzapur,Nagaland,2025-05-27
C005407,Bimala Rana,Kakinada,Madhya Pradesh,2023-06-12
C005408,Mekhala Jain,Pune,West Bengal,2026-05-18
C005409,Lila Barman,Nandyal,Goa,2025-01-06
C005410,Yoshita Atwal,Dhule,Tamil Nadu,2025-02-09
C005411,Chandran Varma,Panchkula,Jharkhand,2026-07-09
C005412,Gautam Sant,Rohtak,West Bengal,2023-07-23
C005413,Veer Chandran,Navi Mumbai,Madhya Pradesh,2025-03-03
C005414,Keya Sankar,Asansol,Mizoram,2023-12-30
C005415,Eesha Mohan,Ramagundam,Tripura,2021-09-08
C005416,Sudiksha Radhakrishnan,Ujjain,Odisha,2024-08-28
C005417,Hemang Agarwal,Hajipur,Maharashtra,2022-05-05
C005418,Lavanya Sachdeva,Allahabad,Goa,2024-12-23
C005419,Chaman Sahota,Vasai-Virar,Manipur,2023-11-22
C005420,Ryan Vaidya,Nadiad,Uttarakhand,2022-10-21
C005421,Arunima Bora,Erode,Madhya Pradesh,2025-11-05
C005422,Ekaja Singhal,Siliguri,Assam,2025-04-29
C005423,Daksh Goel,Jamnagar,Gujarat,2026-02-16
C005424,Hiral Lata,Kanpur,Manipur,2022-04-24
C005425,Alexander Shetty,Tadepalligudem,Mizoram,2024-11-07
C005426,Om Kohli,Sri Ganganagar,Rajasthan,2021-12-03
C005427,Radha Saxena,Nizamabad,Nagaland,2024-07-21
C005428,Tristan Issac,Panchkula,Tripura,2022-05-08
C005429,Tamanna Nadig,Rohtak,Telangana,2022-03-24
C005430,Noah Master,Sangli-Miraj & Kupwad,Andhra Pradesh,2023-03-12
C005431,Ishanvi Golla,Danapur,Odisha,2024-09-04
C005432,Indrajit Sastry,Motihari,Andhra Pradesh,2022-09-08
C005433,Omisha Sani,Thanjavur,Arunachal Pradesh,2024-06-13
C005434,Vansha Kari,Alwar,Telangana,2022-03-15
C005435,Chakrika Khare,Shahjahanpur,Uttarakhand,2023-02-06
C005436,Chakradev Ganguly,Chandrapur,Punjab,2025-01-16
C005437,Wriddhish Karpe,Sagar,Arunachal Pradesh,2023-08-21
C005438,Maya Pant,Bhagalpur,Punjab,2026-08-19
C005439,Mohammed Parekh,Jhansi,Haryana,2021-11-20
C005440,Aachal Char,Miryalaguda,Maharashtra,2023-10-03
C005441,Chakradhar Varma,Jaipur,Karnataka,2022-02-24
C005442,Yasti Tandon,Thanjavur,Odisha,2021-11-25
C005443,Jacob Dass,Kirari Suleman Nagar,Meghalaya,2023-02-11
C005444,Daniel Ben,Nizamabad,Jharkhand,2023-11-07
C005445,Vincent Chhabra,Chittoor,Bihar,2025-10-14
C005446,Advaith Balan,Bardhaman,Kerala,2025-01-07
C005447,Meghana Narayan,Dhule,Meghalaya,2024-02-29
C005448,Kritika Ravel,Kolkata,Manipur,2022-10-24
C005449,Meera Radhakrishnan,Jalna,West Bengal,2025-08-30
C005450,Hemang Divan,Proddatur,Bihar,2026-04-14
C005451,Reyansh Sarin,Orai,Rajasthan,2022-12-21
C005452,Kevin Walla,Kolkata,Jharkhand,2023-07-02
C005453,Janya Dada,Surat,Chhattisgarh,2025-01-12
C005454,Vasudha Sastry,Mira-Bhayandar,Tamil Nadu,2025-04-29
C005455,Bimala Behl,Navi Mumbai,Maharashtra,2023-05-02
C005456,Upma Virk,Jaunpur,Karnataka,2022-12-08
C005457,Ekalinga Kothari,Latur,Meghalaya,2024-12-10
C005458,Naksh Varma,Pudukkottai,Haryana,2021-10-05
C005459,Ishita Khosla,Bhavnagar,Telangana,2025-01-15
C005460,Hiral Guha,Ghaziabad,Uttar Pradesh,2026-06-02
C005461,Warjas Mannan,Tiruchirappalli,Assam,2023-10-29
C005462,Daksha Shah,Darbhanga,Telangana,2025-10-29
C005463,Shivani Sheth,Bally,Tripura,2022-01-01
C005464,Tara Walla,Madanapalle,Jharkhand,2024-10-06
C005465,Gayathri Srinivas,Muzaffarpur,Punjab,2024-12-08
C005466,Azad Iyer,Jaipur,Karnataka,2025-08-30
C005467,Neelima Char,Kadapa,West Bengal,2021-11-01
C005468,Imaran Taneja,Haldia,Punjab,2024-01-11
C005469,Azad Som,Vasai-Virar,Sikkim,2025-12-10
C005470,Sudiksha Bir,Gangtok,Odisha,2022-07-10
C005471,Ekaja Toor,Bokaro,Haryana,2025-02-25
C005472,Darika Boase,Patna,Himachal Pradesh,2026-03-29
C005473,Ria Saini,Bhubaneswar,Chhattisgarh,2024-12-09
C005474,Vansha Dutta,Begusarai,Chhattisgarh,2026-08-28
C005475,Ojas Swaminathan,Dehradun,Himachal Pradesh,2026-07-30
C005476,Nidhi Bal,Salem,Telangana,2024-08-15
C005477,Jhalak Hans,Ambattur,Arunachal Pradesh,2024-01-12
C005478,Tamanna Saha,Amravati,Mizoram,2024-05-23
C005479,Netra Tak,Kumbakonam,Uttarakhand,2022-09-17
C005480,Aadhya Kumer,Gopalpur,Telangana,2024-04-05
C005481,Aayush Bhargava,Vadodara,Uttar Pradesh,2025-06-12
C005482,Nirja Bath,Mathura,Tripura,2022-09-17
C005483,Pahal Muni,Raiganj,Tripura,2025-10-19
C005484,Nirja Viswanathan,Belgaum,Telangana,2026-06-11
C005485,Dalaja Dube,Tiruppur,Telangana,2023-12-09
C005486,Vedika Dixit,Raipur,Uttar Pradesh,2025-10-01
C005487,Nirja Reddy,Bally,Manipur,2024-10-11
C005488,Yagnesh Sule,Allahabad,Uttarakhand,2024-05-29
C005489,Luke Pant,Chinsurah,Tamil Nadu,2025-11-17
C005490,Jai Naik,Rewa,Andhra Pradesh,2022-07-28
C005491,Bimala Kapur,Bardhaman,Arunachal Pradesh,2023-01-03
C005492,Krishna Bhargava,Durg,Bihar,2023-05-17
C005493,Nilima Ranganathan,Kirari Suleman Nagar,Kerala,2022-12-02
C005494,Aadi Sarma,Bhatpara,Manipur,2026-07-24
C005495,Harshil Sarna,Kakinada,Telangana,2024-06-08
C005496,Nirja Merchant,Berhampore,Goa,2026-07-05
C005497,Chaitaly Kade,Morbi,Telangana,2025-02-16
C005498,Mitali Deshmukh,Bahraich,Arunachal Pradesh,2022-11-20
C005499,Devika Koshy,Tenali,Rajasthan,2023-08-22
C005500,Eiravati Uppal,Bidar,Himachal Pradesh,2025-10-08
C005501,Gautami Sahota,Ichalkaranji,Madhya Pradesh,2025-08-22
C005502,Chaitanya Jayaraman,Udupi,Andhra Pradesh,2024-12-27
C005503,Ekaja Panchal,Udaipur,Madhya Pradesh,2022-03-19
C005504,Aarini Balan,Kamarhati,Assam,2022-10-24
C005505,Christopher Sankaran,Bahraich,Maharashtra,2025-02-12
C005506,Bhavini Agrawal,Muzaffarpur,Telangana,2023-03-09
C005507,Naksh Comar,Buxar,Himachal Pradesh,2023-07-19
C005508,Udarsh Ganesan,Srinagar,Manipur,2026-05-06
C005509,Jasmit Bir,Kadapa,Arunachal Pradesh,2024-06-30
C005510,Udarsh Grover,Rajahmundry,Madhya Pradesh,2025-06-09
C005511,Chaman Parikh,Serampore,Chhattisgarh,2025-02-20
C005512,Divya Dar,Gandhidham,Andhra Pradesh,2024-08-15
C005513,Widisha Anand,Sangli-Miraj & Kupwad,Punjab,2024-11-03
C005514,Mohini Wali,Shimoga,Jharkhand,2022-06-14
C005515,Rayaan Oza,Malegaon,Karnataka,2026-06-09
C005516,Matthew Rastogi,Satara,Maharashtra,2021-11-16
C005517,Leela Grover,Sri Ganganagar,Assam,2024-10-11
C005518,Vasudha Sekhon,Aurangabad,West Bengal,2026-08-22
C005519,Vaishnavi Verma,Giridih,Karnataka,2023-07-08
C005520,Orinder Sha,Shimoga,Tripura,2023-10-20
C005521,Anmol Bhatti,Bhusawal,Tamil Nadu,2023-01-08
C005522,Rudra Luthra,Hubli–Dharwad,Madhya Pradesh,2024-01-09
C005523,Faraj Nagarajan,Chinsurah,Tripura,2024-07-08
C005524,Matthew Dhaliwal,Bhilwara,Tripura,2025-06-28
C005525,Yashvi Chandran,Aligarh,Himachal Pradesh,2026-02-26
C005526,Oliver Savant,Tadepalligudem,Nagaland,2026-03-20
C005527,Caleb Krishnamurthy,Sultan Pur Majra,Tripura,2024-03-26
C005528,Laban Ratti,Morbi,Tripura,2023-10-15
C005529,Akshay Verma,North Dumdum,Mizoram,2026-04-10
C005530,Forum Trivedi,Bongaigaon,Bihar,2023-12-10
C005531,Reyansh Kalita,Nagpur,Karnataka,2021-12-12
C005532,Chanakya Nori,Korba,Karnataka,2026-01-27
C005533,Baljiwan Gour,Noida,Assam,2022-06-29
C005534,Oeshi Mitter,Lucknow,Chhattisgarh,2022-04-21
C005535,Bina Sani,Bhusawal,Tripura,2023-11-11
C005536,Yashasvi Contractor,Sri Ganganagar,Odisha,2026-02-13
C005537,Mekhala Dutt,Berhampore,Uttarakhand,2023-12-10
C005538,Ekani Borde,Pali,Andhra Pradesh,2026-08-03
C005539,Aadi Konda,Vijayawada,Telangana,2023-11-15
C005540,Kala Sahni,Shimla,Tamil Nadu,2022-09-07
C005541,Mahika Pandya,Anand,Rajasthan,2022-06-26
C005542,Arin Mangal,Howrah,Jharkhand,2023-08-31
C005543,Bina Chaudhry,Gopalpur,Kerala,2021-12-31
C005544,Maanas Naidu,Bikaner,Tripura,2022-09-29
C005545,Arin Sodhi,Gopalpur,Telangana,2026-05-13
C005546,Lekha Kumar,Gaya,Maharashtra,2022-07-03
C005547,Januja Patil,Chandrapur,Karnataka,2026-04-17
C005548,Jagat Thaman,North Dumdum,West Bengal,2025-12-13
C005549,Yatan Muni,Kadapa,Haryana,2024-10-20
C005550,Arya Dhaliwal,Kottayam,Mizoram,2024-08-31
C005551,Orinder Aurora,Pudukkottai,Madhya Pradesh,2024-11-01
C005552,Rohan Gokhale,Khora ,Maharashtra,2022-11-15
C005553,Rajata Gade,Mathura,Maharashtra,2026-04-01
C005554,Fitan Ghosh,Mau,Haryana,2023-10-30
C005555,Samesh Padmanabhan,Nandyal,Uttarakhand,2026-06-09
C005556,Naveen Desai,Hubli–Dharwad,West Bengal,2025-07-12
C005557,Faris Bala,Bikaner,Odisha,2024-03-08
C005558,Andrew Deol,Aurangabad,Jharkhand,2023-12-09
C005559,Udant Patla,Alwar,Bihar,2024-01-23
C005560,Elijah Balasubramanian,Gaya,Haryana,2022-09-19
C005561,Prisha Sidhu,Khandwa,Maharashtra,2025-10-20
C005562,Upma Subramaniam,Faridabad,Tamil Nadu,2022-06-30
C005563,Darsh Merchant,Suryapet,Haryana,2025-12-30
C005564,Yatin Sidhu,Singrauli,Andhra Pradesh,2022-05-21
C005565,Upasna Soni,Korba,Gujarat,2024-01-25
C005566,Kiaan Nair,Gudivada,Haryana,2022-10-07
C005567,Aishani Dave,Kumbakonam,Meghalaya,2025-07-02
C005568,Tamanna Shan,Mirzapur,Manipur,2024-07-19
C005569,Nitesh Chhabra,Gaya,Assam,2022-07-07
C005570,Dayamai Sankaran,Ambattur,Tamil Nadu,2024-11-18
C005571,Victor Randhawa,Hosur,Uttarakhand,2025-12-18
C005572,Patrick Babu,Surendranagar Dudhrej,Karnataka,2026-08-31
C005573,Jyoti Thakur,Amroha,Tripura,2025-09-14
C005574,Leela Konda,Hajipur,Karnataka,2023-09-19
C005575,Chatura Doctor,Tirupati,Maharashtra,2022-05-10
C005576,Urvi Mann,Raiganj,Rajasthan,2025-07-06
C005577,Zinal Varughese,Thrissur,Tamil Nadu,2025-03-10
C005578,Umang Nanda,Khammam,Uttar Pradesh,2026-08-24
C005579,Dhruv Contractor,Bahraich,Goa,2023-08-14
C005580,Charan Chahal,Jaunpur,Gujarat,2025-11-13
C005581,Pahal Devan,Thiruvananthapuram,Mizoram,2026-08-17
C005582,Ira Master,Madhyamgram,Odisha,2022-05-24
C005583,Mitesh Deshmukh,Varanasi,Nagaland,2022-09-18
C005584,Ayushman Chatterjee,Mangalore,Mizoram,2025-02-17
C005585,Dalbir Rana,Imphal,Assam,2024-05-26
C005586,Ekiya Oak,Nizamabad,West Bengal,2026-08-15
C005587,Mitali Saxena,Kanpur,Sikkim,2026-01-05
C005588,Aarav Lanka,Kottayam,Tamil Nadu,2025-10-11
C005589,Anjali Dugar,Karawal Nagar,West Bengal,2024-02-27
C005590,Pallavi Palla,Udupi,Jharkhand,2026-01-21
C005591,Chaitanya Pai,Sirsa,Bihar,2026-08-26
C005592,Nachiket Narula,Bokaro,Rajasthan,2023-07-06
C005593,Samesh Keer,Ahmednagar,Maharashtra,2025-08-09
C005594,Sara Sule,Raiganj,Gujarat,2023-10-18
C005595,Lipika Natt,North Dumdum,Arunachal Pradesh,2023-06-04
C005596,Aditya Mistry,Khora ,Assam,2023-11-06
C005597,Upma Sood,South Dumdum,West Bengal,2026-01-01
C005598,Nitara Chada,Ongole,Uttarakhand,2023-11-29
C005599,Maya Sachar,Darbhanga,Meghalaya,2022-12-14
C005600,Tripti Dar,Ramagundam,Tripura,2023-08-16
C005601,Madhavi Sampath,Dhanbad,Gujarat,2022-12-21
C005602,Ronith Ram,Asansol,Kerala,2024-06-08
C005603,Ladli Suri,Imphal,Telangana,2021-10-02
C005604,Girik Bhakta,Belgaum,Mizoram,2023-07-27
C005605,Triya Raju,Vijayanagaram,Telangana,2022-04-11
C005606,Kritika Chakrabarti,Phagwara,Tamil Nadu,2023-05-28
C005607,Warjas Chhabra,Belgaum,West Bengal,2025-06-02
C005608,Meera Misra,Rajahmundry,Odisha,2021-12-27
C005609,Devansh Nayar,Rewa,Gujarat,2021-10-21
C005610,Meera Iyer,Ulhasnagar,Tamil Nadu,2022-09-01
C005611,Jagrati Brahmbhatt,Rampur,Arunachal Pradesh,2025-06-14
C005612,Christopher Mital,Mysore,Gujarat,2024-10-04
C005613,Vamakshi Koshy,Bharatpur,Goa,2025-10-08
C005614,Edhitha Ramanathan,Jaunpur,Meghalaya,2022-03-09
C005615,Jalsa Misra,Bhalswa Jahangir Pur,Assam,2023-03-19
C005616,Gopal Nanda,Jamalpur,Goa,2025-09-24
C005617,Chandran Datta,Bellary,Tripura,2022-07-22
C005618,Kabir Raman,Chittoor,Uttarakhand,2023-11-22
C005619,Anmol Dugar,Kulti,Maharashtra,2026-04-20
C005620,Faqid Parsa,Ongole,Assam,2022-10-25
C005621,Amaira Gera,Rajkot,Telangana,2024-09-01
C005622,Frederick Solanki,Bharatpur,Karnataka,2026-05-30
C005623,Mohammed Kannan,Mirzapur,Chhattisgarh,2026-04-25
C005624,Vritti Bal,Jammu,Andhra Pradesh,2022-12-14
C005625,Peter Kapoor,Raurkela Industrial Township,Chhattisgarh,2026-04-14
C005626,Widisha Chawla,Jammu,Kerala,2025-02-24
C005627,Vedhika Dugar,Hajipur,Sikkim,2024-04-19
C005628,Amaira Sachar,Karimnagar,Karnataka,2021-12-14
C005629,Matthew Venkatesh,Kota,Tripura,2021-09-30
C005630,Ira Bawa,Panvel,Meghalaya,2024-05-09
C005631,Dayita Panchal,Sonipat,Nagaland,2022-08-11
C005632,Ekaja Wagle,Moradabad,Andhra Pradesh,2026-06-12
C005633,Vidhi Swamy,Nizamabad,Meghalaya,2025-05-14
C005634,Simon Sekhon,Gandhinagar,Gujarat,2024-12-06
C005635,Lipika Narayanan,Muzaffarnagar,Haryana,2024-03-21
C005636,Saanvi Malhotra,Berhampur,Gujarat,2025-09-28
C005637,Nachiket Sani,Ambala,Bihar,2022-04-18
C005638,Aadi Golla,Shivpuri,Jharkhand,2023-06-04
C005639,Yash Mani,Dhanbad,Karnataka,2023-01-24
C005640,Bimala Anand,Delhi,Himachal Pradesh,2025-09-09
C005641,Omaja Bala,Phusro,Maharashtra,2023-01-22
C005642,Anamika Pant,Hospet,Haryana,2025-02-23
C005643,Amol Walia,Amaravati,Bihar,2026-05-26
C005644,Reva Misra,Ahmednagar,Madhya Pradesh,2025-05-16
C005645,Samarth Sastry,Loni,Manipur,2024-03-18
C005646,Janaki Sethi,Sambalpur,Bihar,2026-03-20
C005647,Adweta Lalla,Amritsar,Maharashtra,2023-09-25
C005648,Pratyush Nori,Chandrapur,Meghalaya,2025-09-20
C005649,Arunima Khalsa,Sangli-Miraj & Kupwad,Assam,2022-11-13
C005650,Yashica Mahal,Raiganj,Kerala,2024-12-04
C005651,Finn Venkataraman,Thoothukudi,Kerala,2025-11-09
C005652,Jonathan Grover,Bhopal,Arunachal Pradesh,2024-06-01
C005653,Ekaja Mangat,Raipur,Manipur,2023-08-15
C005654,Ekanta Patla,Patna,Karnataka,2026-06-28
C005655,Udarsh Malhotra,Udaipur,Jharkhand,2025-02-20
C005656,Upasna Chauhan,Maheshtala,Punjab,2023-08-28
C005657,Christopher Ray,Patiala,Gujarat,2024-10-29
C005658,Jyoti Sodhi,Bhimavaram,Sikkim,2026-04-10
C005659,Meghana Dugar,Jamshedpur,Punjab,2025-02-04
C005660,Vrishti Suresh,Nandyal,Mizoram,2026-05-12
C005661,Vamakshi Gupta,Khandwa,Haryana,2022-01-25
C005662,Tamanna Kanda,Junagadh,West Bengal,2024-12-08
C005663,Avi Tata,Ambala,Uttar Pradesh,2024-06-08
C005664,Advay Bhakta,Alwar,Kerala,2022-01-22
C005665,Logan Ratta,Phagwara,Telangana,2021-11-23
C005666,Anay Sathe,South Dumdum,Tamil Nadu,2022-12-02
C005667,Ishani Divan,Hazaribagh,Goa,2024-08-08
C005668,Libni Khanna,Thoothukudi,Punjab,2024-04-02
C005669,Indali Sandal,Jamshedpur,Assam,2025-07-26
C005670,Ekaja Jani,Dehradun,Himachal Pradesh,2024-05-07
C005671,Triveni Banerjee,Chennai,Meghalaya,2024-06-19
C005672,Sai Agate,Thiruvananthapuram,Telangana,2024-12-30
C005673,Vansha Dhar,Nagaon,Gujarat,2024-10-26
C005674,Sudiksha Bajwa,Gwalior,Uttar Pradesh,2023-04-12
C005675,Nilima Sagar,South Dumdum,Assam,2022-10-04
C005676,Eesha Rama,Begusarai,Manipur,2021-11-26
C005677,Veda Verma,Rajahmundry,Manipur,2026-07-04
C005678,Isaac Mani,Tirupati,Assam,2023-07-23
C005679,Harshil Srinivas,Delhi,West Bengal,2025-04-15
C005680,Balendra Wadhwa,Bettiah,Gujarat,2021-12-12
C005681,Advika Thaker,Khandwa,Tripura,2026-01-19
C005682,Pallavi Savant,Davanagere,Nagaland,2025-01-08
C005683,Gayathri Sachdev,Silchar,Meghalaya,2025-10-02
C005684,Inaya Parekh,Latur,Telangana,2024-06-12
C005685,Harish Aggarwal,Mango,Meghalaya,2022-10-11
C005686,Advik Memon,Mangalore,Karnataka,2026-03-14
C005687,Atharv Zachariah,Anantapur,Mizoram,2025-06-21
C005688,Siddharth Oommen,Ambala,Jharkhand,2024-09-21
C005689,Manthan Batra,Jamnagar,Jharkhand,2022-08-20
C005690,Bhavini Chada,Allahabad,Uttar Pradesh,2025-08-20
C005691,Yash Dada,Nadiad,Andhra Pradesh,2026-02-10
C005692,Priya Contractor,Tiruvottiyur,Rajasthan,2024-10-13
C005693,Rajeshri Chakraborty,Anantapuram,Andhra Pradesh,2024-01-03
C005694,Ishani Bath,Kalyan-Dombivli,West Bengal,2024-04-26
C005695,Charvi Bandi,Bikaner,Rajasthan,2025-09-22
C005696,Nidra Barad,Tirupati,Punjab,2024-04-13
C005697,Gaurangi Sarkar,Guna,Arunachal Pradesh,2023-07-31
C005698,Siddharth Kalla,Jalna,Meghalaya,2022-11-09
C005699,Daksha Patil,Sasaram,Telangana,2022-06-29
C005700,Balvan Viswanathan,Noida,Kerala,2022-03-19
C005701,Qarin Lad,Pudukkottai,Rajasthan,2025-02-15
C005702,Yug Banik,Visakhapatnam,Himachal Pradesh,2024-09-13
C005703,Andrew Mahajan,Shimla,Rajasthan,2023-01-27
C005704,Hemang Mitra,Ramgarh,Madhya Pradesh,2022-08-06
C005705,Charan Thakkar,Bhagalpur,Assam,2025-11-24
C005706,Yachana D’Alia,Vellore,Nagaland,2026-06-08
C005707,Udant Badami,Bongaigaon,Jharkhand,2024-11-22
C005708,Pranit Char,Meerut,Bihar,2024-11-26
C005709,Eshana Lal,Kharagpur,Chhattisgarh,2024-10-22
C005710,Vincent Choudhury,Karnal,Haryana,2025-04-02
C005711,Joshua Sastry,Guntakal,Mizoram,2025-07-06
C005712,Orinder Edwin,Panchkula,Uttar Pradesh,2026-08-20
C005713,Vrinda Mammen,Agra,Nagaland,2022-03-05
C005714,Jagdish Shukla,Muzaffarnagar,Assam,2024-07-12
C005715,Girindra Samra,Alwar,Goa,2024-12-01
C005716,Alka Krishnan,Chandigarh,Maharashtra,2024-06-30
C005717,Alka Lala,Uluberia,Goa,2025-04-28
C005718,Bhanumati Pai,Khora ,Uttar Pradesh,2025-03-09
C005719,Jyoti Kurian,Chapra,Uttar Pradesh,2022-08-21
C005720,Ubika Basu,Hindupur,Mizoram,2025-10-16
C005721,Krishna Bail,Motihari,Uttar Pradesh,2023-04-20
C005722,Yatin Ramanathan,Dehradun,Jharkhand,2023-02-21
C005723,Omaja Agate,Ichalkaranji,Sikkim,2022-09-11
C005724,Rajeshri Lal,Delhi,Uttar Pradesh,2023-02-11
C005725,Jatin Gupta,Jhansi,Jharkhand,2022-12-25
C005726,Ira Om,Chandigarh,Nagaland,2023-05-06
C005727,Qushi Dua,Dhule,Nagaland,2023-11-03
C005728,Jagvi Padmanabhan,Bangalore,Odisha,2024-08-27
C005729,Kevin Pathak,Ongole,Karnataka,2021-09-20
C005730,Neelima Thakur,Sasaram,Himachal Pradesh,2026-02-18
C005731,Agastya Sarna,Chittoor,Assam,2022-12-14
C005732,Raghav Jha,Patna,Tamil Nadu,2023-03-26
C005733,Vrinda Wagle,Kulti,Chhattisgarh,2025-02-14
C005734,Nathan Seth,Latur,Chhattisgarh,2025-02-23
C005735,Saumya Sekhon,Bahraich,Jharkhand,2025-05-11
C005736,Yashawini Trivedi,Amaravati,Rajasthan,2024-02-26
C005737,Sanya Shankar,Ballia,Sikkim,2022-12-13
C005738,Amrita Hari,Panihati,Maharashtra,2025-10-28
C005739,Warda Dugar,Alappuzha,Mizoram,2023-11-18
C005740,Ganga Karpe,Bhusawal,Manipur,2025-12-05
C005741,Rachit Balay,Aurangabad,Madhya Pradesh,2022-09-18
C005742,Hredhaan Sule,Kavali,Andhra Pradesh,2024-07-27
C005743,Chasmum Barman,Begusarai,Sikkim,2026-03-17
C005744,Ranbir Iyengar,Imphal,Uttar Pradesh,2022-06-24
C005745,Henry Rao,Parbhani,Nagaland,2021-10-05
C005746,Zaid Sampath,Siwan,Arunachal Pradesh,2022-09-05
C005747,Xiti Wadhwa,Jammu,Assam,2022-08-08
C005748,Anya Khosla,Tinsukia,Bihar,2024-09-20
C005749,Yatan Lad,Ratlam,Odisha,2022-05-20
C005750,Krishna Sandhu,Orai,Maharashtra,2023-03-23
C005751,Lajita Pandit,Ramagundam,Madhya Pradesh,2021-12-26
C005752,Nirja Ghosh,Bijapur,West Bengal,2025-11-14
C005753,Maanav Nayar,Jamalpur,Tamil Nadu,2022-11-28
C005754,Hardik Konda,Varanasi,Maharashtra,2022-09-24
C005755,Darpan Wagle,Patna,Assam,2024-05-30
C005756,Watika Badami,Bhavnagar,Tamil Nadu,2026-02-12
C005757,Baljiwan Sridhar,Udaipur,West Bengal,2025-04-05
C005758,Omya Prasad,Deoghar,Gujarat,2025-03-24
C005759,Mahika Gade,Ramagundam,Arunachal Pradesh,2025-06-05
C005760,Urishilla Hayre,Hajipur,Sikkim,2025-07-09
C005761,Avni Hora,Jammu,Punjab,2021-10-01
C005762,Atharv Ben,Katni,Goa,2025-01-17
C005763,Vasatika Amble,Anantapuram,Meghalaya,2024-02-03
C005764,Saumya Virk,Rajkot,Haryana,2023-02-04
C005765,Vedant Walia,Bathinda,Goa,2022-12-18
C005766,Oscar Deshmukh,Akola,Tripura,2024-06-14
C005767,Baljiwan Choudhury,Guntakal,Sikkim,2023-10-13
C005768,Vrishti Pillai,Noida,Rajasthan,2022-05-23
C005769,Deepa Patel,Malda,Nagaland,2022-02-08
C005770,Vaishnavi Ghose,Haldia,Gujarat,2025-01-24
C005771,Wyatt Sridhar,Karimnagar,Rajasthan,2024-10-09
C005772,Ati Nayar,Panvel,Meghalaya,2024-09-25
C005773,Agastya Tata,Patna,Punjab,2026-08-10
C005774,Raghav D’Alia,Ulhasnagar,Bihar,2022-04-29
C005775,Janani Tella,Ichalkaranji,Gujarat,2023-06-12
C005776,Imaran Prasad,Amaravati,Maharashtra,2023-12-01
C005777,Jack Bava,Bijapur,Madhya Pradesh,2021-12-05
C005778,Ryan Joshi,Gaya,Andhra Pradesh,2025-05-12
C005779,Owen Rajagopal,Tezpur,Gujarat,2022-04-28
C005780,Anya De,Silchar,Uttarakhand,2023-08-05
C005781,Jackson Raghavan,Jalna,Arunachal Pradesh,2026-05-04
C005782,Ranveer Cheema,Rajkot,Meghalaya,2022-05-24
C005783,Jai Merchant,Kirari Suleman Nagar,Telangana,2023-10-16
C005784,Gaurika Choudhary,Bhopal,Nagaland,2022-04-16
C005785,Abdul Natarajan,Gandhidham,Uttar Pradesh,2023-08-24
C005786,Nakul Sahni,Bharatpur,Punjab,2024-10-20
C005787,Urmi Sankaran,Mirzapur,Goa,2023-11-28
C005788,Wriddhish Bala,Gaya,Uttar Pradesh,2026-02-24
C005789,Varenya Chaudhari,Sikar,Maharashtra,2024-06-10
C005790,Anthony Ganguly,Amaravati,Goa,2023-04-23
C005791,Sanaya Sarraf,Tumkur,Assam,2024-03-23
C005792,Jhalak Sinha,Panchkula,Karnataka,2023-04-18
C005793,Kabir Tandon,Karnal,Goa,2025-01-05
C005794,Diya Vyas,Nagaon,Punjab,2026-02-14
C005795,Nandini Krish,Morena,Bihar,2024-05-12
C005796,Girik Bhavsar,Ujjain,Telangana,2023-11-26
C005797,Naksh Master,Bharatpur,Jharkhand,2025-03-16
C005798,Teerth Borde,Raiganj,Assam,2025-08-30
C005799,George Acharya,Rewa,Punjab,2024-05-24
C005800,Eesha Bera,Fatehpur,Telangana,2021-09-15
C005801,Aachal Amble,Mysore,Meghalaya,2025-02-04
C005802,Triya Balakrishnan,Vasai-Virar,Gujarat,2021-12-23
C005803,Hemang Dass,Kakinada,Nagaland,2023-07-20
C005804,Gagan Sha,Ludhiana,Haryana,2024-05-14
C005805,Lajita Parmar,Rampur,Andhra Pradesh,2021-12-04
C005806,Devansh Nadig,Bikaner,Tripura,2025-01-21
C005807,Raksha Dixit,Aurangabad,Bihar,2025-03-31
C005808,Samesh Madan,Avadi,Sikkim,2022-04-04
C005809,Zehaan Solanki,Jalna,Sikkim,2025-01-11
C005810,Maanas Maharaj,Cuttack,Haryana,2022-03-13
C005811,Chaaya Date,Vijayawada,Maharashtra,2026-01-05
C005812,Mugdha Bhakta,Kadapa,Uttar Pradesh,2024-08-15
C005813,Hamsini Dixit,Alwar,Tamil Nadu,2025-04-04
C005814,Eiravati Din,Shimla,Jharkhand,2025-04-11
C005815,Ekta Guha,Navi Mumbai,Maharashtra,2023-12-18
C005816,Aditya Sani,North Dumdum,Rajasthan,2024-02-11
C005817,Gopal Kala,Vasai-Virar,Haryana,2024-02-19
C005818,Wyatt Cheema,Mehsana,Nagaland,2022-01-19
C005819,Priya Nagi,Gandhinagar,Arunachal Pradesh,2022-08-12
C005820,Akshay Mahal,North Dumdum,Rajasthan,2024-01-12
C005821,Vrinda Mohan,New Delhi,Haryana,2023-12-09
C005822,Kamya Singh,Bhiwani,Tripura,2025-09-23
C005823,Girindra Sandhu,Bhatpara,Uttarakhand,2024-10-01
C005824,Faraj Sule,Nashik,Himachal Pradesh,2021-09-12
C005825,Urvi Badami,Bhiwandi,Mizoram,2024-06-13
C005826,Sara Luthra,Udupi,Kerala,2023-02-07
C005827,Falak Pandya,Khora ,Kerala,2025-10-09
C005828,Yadavi Bir,Amroha,Telangana,2022-12-20
C005829,Mitali Tiwari,Sikar,Gujarat,2023-02-16
C005830,Faraj Sandhu,Mysore,Punjab,2024-08-11
C005831,Balendra Raj,Morbi,Mizoram,2021-11-19
C005832,Meera Thakkar,Hubli–Dharwad,Tripura,2022-09-16
C005833,Jacob Sharma,Madanapalle,Chhattisgarh,2026-05-19
C005834,Naveen Kadakia,Jodhpur,Goa,2024-06-19
C005835,Vedika Tara,Sri Ganganagar,Andhra Pradesh,2023-06-27
C005836,Pushti Dasgupta,Akola,Tamil Nadu,2025-07-31
C005837,Advika Chanda,Alwar,Uttar Pradesh,2023-02-24
C005838,Warda Gulati,Panihati,Karnataka,2025-11-06
C005839,Vrishti Kumar,Salem,Sikkim,2024-04-18
C005840,Advik Krishnan,Visakhapatnam,Manipur,2023-09-10
C005841,Advika Choudhury,Danapur,Manipur,2022-03-22
C005842,Luke Oommen,Ozhukarai,Odisha,2022-10-27
C005843,Upkaar Agate,Secunderabad,Tamil Nadu,2026-04-27
C005844,Warda Kapur,Sagar,Sikkim,2023-03-19
C005845,Shivansh Sharma,Malda,Chhattisgarh,2023-07-23
C005846,Pahal Bora,Ballia,Chhattisgarh,2022-05-22
C005847,Ekani Chawla,Srinagar,Haryana,2023-06-06
C005848,Hredhaan Balan,Ozhukarai,Gujarat,2024-11-01
C005849,Pranav Lad,Gangtok,Himachal Pradesh,2026-02-17
C005850,Hemang Garde,Kolhapur,Uttarakhand,2022-09-26
C005851,Vedant Garde,Proddatur,Meghalaya,2023-10-14
C005852,Urvi Bhargava,Dhule,Odisha,2022-07-22
C005853,Varsha Arora,Kishanganj,Manipur,2026-01-30
C005854,Varsha Gara,Kamarhati,Bihar,2025-04-10
C005855,Logan Prashad,Hazaribagh,Andhra Pradesh,2023-06-11
C005856,Ekansh Pradhan,Ahmednagar,Assam,2025-06-26
C005857,Anamika Koshy,Davanagere,Manipur,2024-01-12
C005858,Vihaan Dasgupta,Rajahmundry,Uttar Pradesh,2023-06-10
C005859,Darsh Krishna,Tenali,Goa,2024-04-08
C005860,Dhriti Morar,Gandhidham,West Bengal,2025-10-26
C005861,Alexander Nagi,Raurkela Industrial Township,Karnataka,2025-12-25
C005862,Samarth Lalla,Amravati,Tripura,2026-01-05
C005863,Praneel Kata,Howrah,Uttar Pradesh,2022-10-28
C005864,Vyanjana Srivastava,Mau,Mizoram,2025-10-19
C005865,Theodore Shetty,Serampore,Maharashtra,2024-03-03
C005866,Ekani Keer,Visakhapatnam,Manipur,2021-10-20
C005867,Nirja Saha,Ghaziabad,Rajasthan,2025-01-29
C005868,Viraj Chana,Chapra,Uttar Pradesh,2022-04-02
C005869,Girik Chawla,Naihati,Telangana,2023-07-16
C005870,Yash Suri,Raipur,Uttarakhand,2023-04-14
C005871,Dakshesh Karpe,Kumbakonam,Punjab,2022-04-27
C005872,Abhiram Kale,Aurangabad,Rajasthan,2023-06-18
C005873,Oeshi Chatterjee,Faridabad,Andhra Pradesh,2024-02-08
C005874,Zansi Dayal,Morena,Chhattisgarh,2022-06-26
C005875,Qabil Madan,Bihar Sharif,Chhattisgarh,2024-03-15
C005876,Anamika Sridhar,Siliguri,Kerala,2024-05-25
C005877,Panini Narasimhan,Ramgarh,Sikkim,2021-11-13
C005878,Theodore Rajagopalan,Jamshedpur,Chhattisgarh,2021-11-14
C005879,Nathan Banerjee,Morena,Nagaland,2021-11-09
C005880,Dipta Nagi,Siwan,Bihar,2026-07-01
C005881,Adya Mall,Raebareli,Karnataka,2025-06-18
C005882,Sanya Lall,Udaipur,Arunachal Pradesh,2024-05-04
C005883,Christopher Pathak,Uluberia,Tamil Nadu,2024-06-08
C005884,Veda Mand,Phusro,Uttar Pradesh,2023-02-23
C005885,Jackson Ramesh,Satna,Punjab,2023-09-24
C005886,Arjun Bora,Bardhaman,West Bengal,2022-05-01
C005887,Bahadurjit Palla,Munger,Rajasthan,2025-09-26
C005888,Ekbal Kumar,Bhiwani,Kerala,2024-04-18
C005889,Abdul Bawa,Thane,Jharkhand,2021-12-25
C005890,Brinda Sachar,Secunderabad,Himachal Pradesh,2025-08-05
C005891,Siddharth Merchant,Etawah,Goa,2024-09-26
C005892,Anirudh Manda,Ichalkaranji,Madhya Pradesh,2025-04-12
C005893,Diya Sawhney,Allahabad,Assam,2023-04-20
C005894,Upma Narula,Hubli–Dharwad,Mizoram,2022-08-14
C005895,Hredhaan Rajagopalan,Belgaum,Sikkim,2024-11-01
C005896,Jacob Pillai,Madanapalle,Andhra Pradesh,2024-04-14
C005897,Ikbal Nigam,Bahraich,West Bengal,2022-04-07
C005898,Aahana Bobal,Panipat,Meghalaya,2025-10-13
C005899,Ranbir Chaudhuri,Berhampur,Tripura,2022-12-29
C005900,Jairaj Shanker,Chittoor,Arunachal Pradesh,2023-01-16
C005901,Damyanti Prashad,Haridwar,Mizoram,2023-10-29
C005902,Arunima Raghavan,Ichalkaranji,Kerala,2025-12-17
C005903,Zayan Morar,Hosur,Haryana,2023-03-29
C005904,Gaurang Khurana,Warangal,Himachal Pradesh,2024-01-14
C005905,Naksh Shankar,Ramgarh,Assam,2023-12-05
C005906,Damini Bahri,Ramgarh,Sikkim,2024-04-18
C005907,Harinakshi Kumer,Noida,Uttar Pradesh,2026-08-07
C005908,Bimala Thakur,Karaikudi,Andhra Pradesh,2025-09-19
C005909,Vanya Ranganathan,Gurgaon,Uttar Pradesh,2023-10-31
C005910,Samesh Sethi,Pondicherry,Haryana,2023-12-30
C005911,Indali Choudhury,Siwan,Manipur,2022-09-15
C005912,Jonathan Yohannan,Farrukhabad,Manipur,2025-05-14
C005913,Rachana Sandal,Howrah,Tamil Nadu,2022-05-11
C005914,Ranveer Patla,Nadiad,Uttarakhand,2023-10-26
C005915,Hema Kade,Sultan Pur Majra,Maharashtra,2026-08-05
C005916,Alexander Wali,Bidar,Tripura,2025-06-21
C005917,Jackson Bal,Junagadh,Telangana,2023-06-22
C005918,Vedhika Batra,Alwar,Uttar Pradesh,2025-06-14
C005919,Vasana Choudhry,Visakhapatnam,Kerala,2025-06-29
C005920,Christopher Deshmukh,Surat,Tamil Nadu,2022-05-23
C005921,Jyoti Manda,Tadipatri,Jharkhand,2021-12-20
C005922,Tara Naik,Uluberia,Madhya Pradesh,2023-07-04
C005923,Aarna Loke,Raurkela Industrial Township,Karnataka,2024-07-12
C005924,Madhavi Rout,New Delhi,Uttarakhand,2024-07-16
C005925,Qarin Aggarwal,Indore,Odisha,2024-07-26
C005926,Advaith Sengupta,Nandyal,Telangana,2025-08-30
C005927,Luke Soman,Aurangabad,Karnataka,2025-12-24
C005928,Darpan Mahajan,Purnia,Uttarakhand,2025-02-03
C005929,Wahab Rout,Phagwara,Nagaland,2021-12-05
C005930,Ucchal Saran,Bilaspur,Nagaland,2023-02-17
C005931,Ronith Patel,Pimpri-Chinchwad,Meghalaya,2025-01-18
C005932,Rachana Pant,Morena,Meghalaya,2025-08-21
C005933,Liam Mall,Aligarh,Maharashtra,2024-02-11
C005934,Isaac Ramachandran,Haldia,Odisha,2024-07-02
C005935,Urishilla Ghose,Medininagar,Goa,2024-08-04
C005936,Hardik Rama,Karnal,Maharashtra,2025-09-19
C005937,Varsha Upadhyay,Dhule,Arunachal Pradesh,2025-09-24
C005938,Ansh Viswanathan,Thiruvananthapuram,Gujarat,2024-04-13
C005939,Lohit Joshi,Dewas,Haryana,2023-03-06
C005940,Parth Mallick,Navi Mumbai,Nagaland,2021-09-11
C005941,Ladli Pandey,Kochi,Rajasthan,2023-02-24
C005942,Osha Lall,Shahjahanpur,Assam,2022-07-29
C005943,Turvi Chandra,Raebareli,Kerala,2024-08-18
C005944,Fitan Dhillon,Maheshtala,Uttarakhand,2023-08-17
C005945,Jhalak Rajan,Bhiwani,Rajasthan,2026-08-05
C005946,Mitesh Kalla,Maheshtala,Nagaland,2023-06-07
C005947,Ishanvi Mangat,Bettiah,Mizoram,2024-03-19
C005948,Xavier Som,New Delhi,Jharkhand,2026-05-05
C005949,Chatresh Kohli,Mangalore,West Bengal,2025-06-24
C005950,Laban Buch,Ramgarh,Gujarat,2022-04-19
C005951,Nathan Parmar,Ozhukarai,Kerala,2023-05-07
C005952,Panini Sawhney,Alwar,West Bengal,2024-04-05
C005953,Unnati Dhawan,Proddatur,Tamil Nadu,2025-08-03
C005954,Wridesh Uppal,Hindupur,Assam,2023-02-14
C005955,Saanvi Gandhi,Nangloi Jat,Himachal Pradesh,2025-11-24
C005956,Fiyaz Ben,Surat,Manipur,2024-11-21
C005957,Krishna Raj,South Dumdum,Uttarakhand,2024-01-23
C005958,Edhitha Sunder,Aurangabad,Sikkim,2026-01-13
C005959,Lohit Badami,Jaipur,Himachal Pradesh,2022-04-28
C005960,Triveni Chaudry,Guntur,Punjab,2024-01-17
C005961,Yuvraj Shan,Bokaro,Maharashtra,2024-10-06
C005962,Harish Manne,Korba,Uttar Pradesh,2024-09-15
C005963,Ayushman Brar,Uluberia,Gujarat,2022-03-15
C005964,Azaan Comar,Sasaram,Jharkhand,2024-10-21
C005965,Saanvi Kar,Muzaffarnagar,Meghalaya,2022-02-25
C005966,Dominic Shenoy,Tezpur,Gujarat,2022-06-13
C005967,Jagvi Sachdeva,Panchkula,Haryana,2021-09-21
C005968,Hemang Saxena,Malda,Gujarat,2023-09-03
C005969,Chaitanya Chacko,Navi Mumbai,Sikkim,2024-02-16
C005970,Odika Dugar,Suryapet,Punjab,2023-01-04
C005971,Advika Aurora,Vijayanagaram,Assam,2023-06-10
C005972,Gaurika Madan,Sambhal,Arunachal Pradesh,2023-02-13
C005973,Frederick Madan,Mau,Nagaland,2022-01-06
C005974,Urishilla Chacko,Proddatur,Tamil Nadu,2021-12-05
C005975,Chavvi Nori,Gwalior,Karnataka,2023-09-23
C005976,Isaiah Narang,Howrah,Uttarakhand,2022-12-13
C005977,Nidra Halder,Shimla,Meghalaya,2025-05-19
C005978,Chandran Narang,Ambala,Uttarakhand,2024-06-28
C005979,Mason Nadig,Etawah,Andhra Pradesh,2023-12-28
C005980,Praneel Mukherjee,Bhilwara,Tripura,2022-02-23
C005981,Adya Tella,Bhubaneswar,Tripura,2025-11-06
C005982,Aarna Cherian,Panchkula,Tripura,2025-11-28
C005983,Jack Mital,Eluru,Arunachal Pradesh,2024-10-20
C005984,Faqid Tata,Raichur,Meghalaya,2022-01-08
C005985,Neelima Swamy,Anantapur,Arunachal Pradesh,2023-11-25
C005986,Bimala Chand,Alwar,Telangana,2022-10-31
C005987,Maanav Ravel,Surat,Mizoram,2026-04-01
C005988,Hiral Bassi,Ozhukarai,Uttarakhand,2022-09-19
C005989,Raksha Vala,Belgaum,Maharashtra,2026-01-01
C005990,Sachi Bassi,Asansol,Himachal Pradesh,2022-03-14
C005991,Yashasvi Dada,Jalgaon,West Bengal,2021-09-17
C005992,Lavanya Yohannan,Bahraich,Rajasthan,2021-10-02
C005993,Pushti Warrior,Bilaspur,Haryana,2025-04-15
C005994,Urmi Dube,Kavali,Telangana,2025-08-22
C005995,Nirja Cheema,Satara,Himachal Pradesh,2022-09-12
C005996,Fiyaz Naidu,Bhopal,Uttar Pradesh,2025-11-13
C005997,Akshay Buch,Karnal,Tripura,2022-08-10
C005998,Abdul Sen,Begusarai,Himachal Pradesh,2023-03-10
C005999,Jhalak Patil,Junagadh,Bihar,2026-03-03
C006000,Vasudha Subramaniam,Bhiwani,Maharashtra,2025-10-25
C006001,George Dutta,Begusarai,Tripura,2023-08-23
C006002,Jacob Lad,Hyderabad,Rajasthan,2022-12-13
C006003,Janani Dutt,Belgaum,Telangana,2024-10-03
C006004,Tristan Hayre,Madhyamgram,Himachal Pradesh,2022-02-15
C006005,Onkar Bath,Guntakal,Odisha,2023-12-10
C006006,Udyati Raman,Mysore,Goa,2023-01-26
C006007,Nidhi Dayal,Katihar,Gujarat,2025-03-12
C006008,Akshay Zacharia,Jalgaon,Kerala,2025-11-03
C006009,Ekaraj Raval,Nashik,Telangana,2025-01-19
C006010,Tanvi Bhatia,Serampore,Karnataka,2024-08-27
C006011,Eesha Dasgupta,Bahraich,Madhya Pradesh,2022-04-26
C006012,Odika Doshi,Sri Ganganagar,Nagaland,2025-01-14
C006013,Libni Bhagat,Karimnagar,Haryana,2024-11-10
C006014,Raghav Dhawan,Tadipatri,Chhattisgarh,2023-03-06
C006015,Anya Parsa,Jamalpur,Andhra Pradesh,2024-12-16
C006016,Andrew Sarna,Kurnool,Uttarakhand,2026-06-02
C006017,Gunbir Wason,Tumkur,Bihar,2022-02-20
C006018,Aayush Sarkar,North Dumdum,Nagaland,2024-02-26
C006019,Wridesh Kashyap,Kolkata,Himachal Pradesh,2025-04-29
C006020,Umang Munshi,Mumbai,Tamil Nadu,2026-03-16
C006021,Balvan Rajagopalan,Buxar,West Bengal,2023-10-01
C006022,Kashish Ahluwalia,Ichalkaranji,Manipur,2022-02-05
C006023,Xavier Bhardwaj,Nandyal,Andhra Pradesh,2022-09-27
C006024,Arjun Dutta,Khandwa,Himachal Pradesh,2024-10-18
C006025,Raghav Agrawal,Pondicherry,Rajasthan,2022-02-02
C006026,Falak Swaminathan,Bihar Sharif,Meghalaya,2023-06-13
C006027,Barkha Gole,Aizawl,Andhra Pradesh,2024-12-02
C006028,Yashvi Gala,Delhi,Manipur,2023-01-21
C006029,Divya Kapur,Ahmedabad,Kerala,2022-11-09
C006030,Elijah Nagarajan,Pimpri-Chinchwad,Bihar,2023-04-08
C006031,Naksh Krishnan,Jodhpur,Assam,2025-05-21
C006032,Hemani Arya,Bhilai,Gujarat,2022-09-08
C006033,Gagan Varghese,Secunderabad,Telangana,2022-06-14
C006034,Harsh Datta,Delhi,Meghalaya,2023-11-11
C006035,Anvi Prakash,Bathinda,Maharashtra,2026-08-08
C006036,Tarak Dube,Vellore,Tamil Nadu,2022-11-25
C006037,Alka Sem,Sasaram,Manipur,2023-05-23
C006038,Matthew Pingle,Kurnool,Punjab,2022-01-28
C006039,Charan Peri,Davanagere,Maharashtra,2022-01-18
C006040,Faris Dixit,Amravati,Gujarat,2025-09-21
C006041,Chameli Chadha,Satara,Nagaland,2022-04-03
C006042,Qushi Ramachandran,Jhansi,Maharashtra,2024-03-12
C006043,Prisha Palla,Guwahati,Sikkim,2024-04-08
C006044,Ati Pradhan,Suryapet,Tripura,2022-08-30
C006045,Azad Nagarajan,Durg,Madhya Pradesh,2023-08-24
C006046,Sara Srinivas,Ambattur,Haryana,2022-01-22
C006047,Rushil Anand,Bhatpara,Uttar Pradesh,2023-06-15
C006048,Tristan Vasa,Vasai-Virar,Sikkim,2026-07-06
C006049,Aayush Dhillon,Indore,Punjab,2022-12-21
C006050,Amol Kuruvilla,Nagpur,Tripura,2024-04-21
C006051,Radhika Raghavan,Kottayam,Jharkhand,2025-08-21
C006052,Xalak Dua,Kalyan-Dombivli,Telangana,2023-01-10
C006053,Divya Sood,Purnia,Gujarat,2025-03-07
C006054,Ishanvi Jha,Jammu,Mizoram,2022-02-26
C006055,Saksham Gupta,Phusro,Manipur,2021-11-30
C006056,Omkaar Menon,Panchkula,Arunachal Pradesh,2025-08-20
C006057,Hardik Viswanathan,Durgapur,Bihar,2021-09-09
C006058,Raghav Raval,Dehri,Sikkim,2023-02-22
C006059,Pallavi Ram,Kanpur,Madhya Pradesh,2025-01-21
C006060,Nathaniel Sur,Bijapur,Telangana,2023-01-20
C006061,Onveer Lata,North Dumdum,Mizoram,2021-11-11
C006062,Falan Sengupta,Sangli-Miraj & Kupwad,Rajasthan,2024-02-03
C006063,Tanmayi Savant,Bellary,Bihar,2022-01-06
C006064,Simon Lalla,Tadipatri,Nagaland,2024-08-09
C006065,Aarini Wali,Suryapet,Odisha,2022-01-16
C006066,Yatin Hans,Erode,Uttar Pradesh,2024-05-15
C006067,Tanvi Deshmukh,Allahabad,Goa,2022-07-07
C006068,Ekaraj Thaman,Bhusawal,Tamil Nadu,2025-04-04
C006069,Chameli Bhalla,Medininagar,Odisha,2025-09-19
C006070,Tristan Bajwa,Miryalaguda,Andhra Pradesh,2023-06-19
C006071,Oscar Natt,Bahraich,Bihar,2022-09-28
C006072,Watika Bajaj,Jodhpur,Karnataka,2024-05-21
C006073,Guneet Keer,Kollam,Tamil Nadu,2022-04-29
C006074,Oliver Dar,Sonipat,Madhya Pradesh,2022-11-01
C006075,Vasana Majumdar,Shahjahanpur,Gujarat,2022-08-11
C006076,Nathan Sengupta,Agra,Kerala,2025-09-22
C006077,Radhika Deshmukh,Dehri,Jharkhand,2021-10-13
C006078,Anusha Rattan,Ahmedabad,Tripura,2022-08-23
C006079,Riya Sen,Vellore,Madhya Pradesh,2022-11-05
C006080,Vedika Vaidya,Purnia,Karnataka,2022-09-24
C006081,Hemal Mital,Firozabad,Karnataka,2026-06-12
C006082,Neelima Sha,Phagwara,Goa,2026-07-14
C006083,Ubika Edwin,Bidar,Meghalaya,2023-12-21
C006084,Rachita Bajwa,Satara,Tripura,2023-11-16
C006085,Vedant Varughese,Bahraich,Tamil Nadu,2023-08-26
C006086,Tejas Khalsa,Panihati,Uttarakhand,2026-03-24
C006087,Lakshit Dubey,Nizamabad,Maharashtra,2025-12-04
C006088,Rachit Sachar,Chandigarh,Arunachal Pradesh,2023-08-05
C006089,Neelima Pradhan,Agartala,Rajasthan,2026-05-20
C006090,Devika Iyer,Vijayawada,Tamil Nadu,2024-04-05
C006091,Nirja Dhingra,Ahmednagar,Rajasthan,2024-10-09
C006092,Mohini Balay,Solapur,Chhattisgarh,2025-04-21
C006093,Bhavika Ramakrishnan,Bhimavaram,Uttar Pradesh,2025-05-10
C006094,Bhavani Bansal,Chennai,Arunachal Pradesh,2022-07-27
C006095,Manya Parekh,Tirupati,Karnataka,2024-04-23
C006096,Balvan Bhagat,Bhalswa Jahangir Pur,Mizoram,2023-12-14
C006097,Kalpit Swaminathan,Sangli-Miraj & Kupwad,Uttar Pradesh,2021-09-13
C006098,Pratyush De,Jamalpur,Odisha,2025-12-21
C006099,Rudra Bhalla,Davanagere,Goa,2022-08-04
C006100,Mekhala Prakash,Jehanabad,Bihar,2022-01-20
C006101,Daniel Wali,Amritsar,West Bengal,2022-09-01
C006102,Girik Kala,Mumbai,Rajasthan,2022-11-30
C006103,Bahadurjit Bains,Gopalpur,Goa,2022-12-02
C006104,Osha Kurian,Tirupati,Uttarakhand,2026-07-23
C006105,Odika Nigam,Chinsurah,Sikkim,2024-09-10
C006106,Ekaja Hans,Panchkula,Meghalaya,2023-11-27
C006107,Finn Sabharwal,Sangli-Miraj & Kupwad,Mizoram,2024-11-05
C006108,Rehaan Yogi,Tiruvottiyur,Kerala,2026-06-08
C006109,Edhitha Grover,Bhilwara,Telangana,2022-04-04
C006110,Ekantika Gade,Ambattur,Arunachal Pradesh,2022-07-04
C006111,Anusha Kashyap,Shahjahanpur,Rajasthan,2022-10-21
C006112,Tanvi Mallick,Tumkur,Haryana,2023-08-09
C006113,Dayamai Pai,Loni,Maharashtra,2025-11-27
C006114,Chatura Merchant,Malda,Chhattisgarh,2023-11-22
C006115,Anusha Srivastava,Sasaram,Gujarat,2024-03-07
C006116,Advaith Rout,Aurangabad,Andhra Pradesh,2021-12-09
C006117,Bishakha Manne,Srikakulam,Mizoram,2023-01-25
C006118,Dominic Raghavan,Mira-Bhayandar,Bihar,2022-10-04
C006119,Pallavi Parekh,Mahbubnagar,Meghalaya,2022-02-03
C006120,Bhavani Varty,Mumbai,Karnataka,2024-10-04
C006121,Gaurang Pathak,Berhampur,Himachal Pradesh,2024-08-24
C006122,Inaya Dada,Rajahmundry,Jharkhand,2023-05-28
C006123,Anvi Bhalla,Indore,Mizoram,2021-11-01
C006124,Tarak Bobal,Gudivada,Karnataka,2024-02-25
C006125,Ekantika Sengupta,Anantapur,Punjab,2021-11-02
C006126,Shaurya Dasgupta,Nagaon,Goa,2022-04-15
C006127,Ekbal Gopal,Aizawl,Rajasthan,2022-12-16
C006128,Yasti Brar,Bardhaman,Himachal Pradesh,2025-11-18
C006129,Ucchal Shah,Morbi,Arunachal Pradesh,2024-10-23
C006130,Sachi Bakshi,Jaipur,Rajasthan,2025-01-31
C006131,Lekha Kalla,Raiganj,Madhya Pradesh,2023-03-11
C006132,Samaksh De,Thanjavur,Manipur,2022-12-19
C006133,Warhi Vohra,Rohtak,Telangana,2025-11-03
C006134,Vasana Varghese,Gandhidham,Punjab,2026-01-23
C006135,Warda Narasimhan,Jhansi,Punjab,2025-05-12
C006136,Lopa Chopra,Mirzapur,Himachal Pradesh,2023-12-10
C006137,Udarsh Tripathi,Bidhannagar,Tamil Nadu,2026-07-02
C006138,Noah Ratta,Mahbubnagar,Andhra Pradesh,2022-07-09
C006139,Indira Cheema,Madanapalle,Telangana,2026-07-29
C006140,Noah Subramaniam,Amroha,West Bengal,2026-04-15
C006141,Hardik Patel,Rajahmundry,Gujarat,2023-05-29
C006142,Sanaya Kari,Kakinada,Rajasthan,2024-03-16
C006143,Forum Rajagopal,Tadepalligudem,Uttarakhand,2025-04-06
C006144,Ucchal Raghavan,Dhanbad,Chhattisgarh,2022-08-15
C006145,Anmol Bassi,Panchkula,Mizoram,2025-04-09
C006146,Ishanvi Vig,Pimpri-Chinchwad,Tripura,2021-09-15
C006147,Jai Dass,Ambattur,Mizoram,2022-02-12
C006148,Reyansh Chandran,Bathinda,Gujarat,2025-11-18
C006149,Sathvik Garde,Ramgarh,Uttarakhand,2023-02-03
C006150,Bhavini Rajan,Mangalore,Madhya Pradesh,2026-01-18
C006151,Edhitha Hayer,Solapur,Telangana,2024-08-15
C006152,Abha Jhaveri,Guntur,West Bengal,2021-11-20
C006153,Ekta Sehgal,Jalandhar,Jharkhand,2024-03-19
C006154,Amrita Contractor,Gopalpur,Karnataka,2026-07-21
C006155,Patrick Lall,Begusarai,Himachal Pradesh,2021-09-19
C006156,Waida Sekhon,Raichur,Manipur,2023-08-10
C006157,Garima Ahluwalia,Allahabad,Karnataka,2022-08-07
C006158,Ikshita Chakrabarti,Ludhiana,Gujarat,2022-06-05
C006159,Sneha De,Morena,Kerala,2026-08-04
C006160,Anusha Mall,Vijayanagaram,Maharashtra,2022-04-27
C006161,Neha Sharaf,Bangalore,Assam,2024-06-30
C006162,Anamika Keer,Mumbai,Tripura,2022-05-10
C006163,Qasim Ramanathan,Tiruvottiyur,Manipur,2024-11-18
C006164,Triya Prabhakar,Tenali,Kerala,2025-07-23
C006165,Liam Sood,Barasat,Assam,2022-03-01
C006166,Aarnav Sant,Srikakulam,Andhra Pradesh,2022-12-15
C006167,Yagnesh Bhagat,Purnia,Tripura,2023-03-31
C006168,Deepa Sundaram,Gurgaon,Uttarakhand,2022-06-30
C006169,Gaurika Kannan,Muzaffarnagar,Uttarakhand,2021-10-09
C006170,Samar Minhas,Tinsukia,Punjab,2021-08-31
C006171,Ekaraj Sahni,Adoni,Gujarat,2022-03-12
C006172,Isaac Pandey,Nangloi Jat,Bihar,2022-02-03
C006173,Mitali Dara,Mahbubnagar,Arunachal Pradesh,2023-07-16
C006174,Tripti Bhardwaj,Gangtok,Arunachal Pradesh,2023-12-15
C006175,Jagdish Sharma,Mango,Punjab,2025-04-30
C006176,Hemang Mane,Mango,Arunachal Pradesh,2026-06-29
C006177,Chanakya Shenoy,Tadepalligudem,Maharashtra,2022-04-03
C006178,Mason Vaidya,Surat,Mizoram,2025-10-31
C006179,Upasna Sethi,Bardhaman,Tripura,2023-07-05
C006180,Ijaya Rau,Siwan,Sikkim,2025-04-30
C006181,Sanya Kulkarni,Muzaffarpur,Andhra Pradesh,2021-12-20
C006182,Dhruv Nair,Morbi,Uttarakhand,2024-06-30
C006183,Amol D’Alia,Thrissur,Madhya Pradesh,2025-07-06
C006184,Gagan Bhatti,Eluru,Manipur,2026-02-07
C006185,Aradhana Badami,Deoghar,Goa,2024-02-29
C006186,Darika Dani,Hospet,Assam,2025-03-28
C006187,Daksh Mallick,Thrissur,Sikkim,2022-07-25
C006188,Nilima Keer,Siwan,Assam,2023-07-23
C006189,Dev Patla,Anand,Telangana,2022-04-19
C006190,Lakshmi Bajaj,Bally,Manipur,2022-01-27
C006191,Rachana Mody,Khora ,Himachal Pradesh,2022-03-05
C006192,Dhruv Narasimhan,Mahbubnagar,Tripura,2023-07-24
C006193,Nachiket Talwar,Srinagar,Punjab,2023-01-11
C006194,Chatura Bail,Dhanbad,Rajasthan,2025-04-05
C006195,Bishakha Morar,Haldia,Rajasthan,2025-04-17
C006196,Gopal Chauhan,Kirari Suleman Nagar,Sikkim,2022-12-16
C006197,Nihal Agate,Nandyal,Arunachal Pradesh,2026-05-27
C006198,Hema Venkataraman,Begusarai,Chhattisgarh,2024-01-18
C006199,Aadhya Srinivasan,Giridih,Tamil Nadu,2024-05-28
C006200,Patrick Mane,Visakhapatnam,Haryana,2022-03-01
C006201,Fiyaz Pau,Saharsa,West Bengal,2025-03-08
C006202,Sara Palan,Mangalore,Tripura,2022-12-17
C006203,Daksha Sidhu,Bilaspur,Rajasthan,2022-07-09
C006204,Hiral Toor,Bokaro,Kerala,2022-04-21
C006205,Fitan Anne,Sambhal,Haryana,2023-06-21
C006206,Krish Dhillon,Shivpuri,Tamil Nadu,2025-09-10
C006207,Falak Mohan,Bhusawal,Mizoram,2023-02-17
C006208,Jalsa Prabhakar,Davanagere,Tamil Nadu,2024-01-12
C006209,Qabil Chand,Nagaon,Rajasthan,2021-09-12
C006210,Jai Munshi,Morena,Madhya Pradesh,2024-01-06
C006211,Kamala Chauhan,Bongaigaon,Tripura,2024-09-30
C006212,Yuvraj Dugar,Nandyal,Kerala,2021-10-13
C006213,Warda Kibe,Surendranagar Dudhrej,Karnataka,2023-01-31
C006214,Mason Kannan,Alwar,Haryana,2023-10-20
C006215,Gopal Jayaraman,Karawal Nagar,Uttar Pradesh,2026-07-25
C006216,Eshana Sarkar,Suryapet,Andhra Pradesh,2025-11-02
C006217,Udant Prakash,Ahmedabad,Maharashtra,2023-11-13
C006218,Eshana Virk,Farrukhabad,Uttar Pradesh,2026-01-27
C006219,Brinda Barman,Hosur,Goa,2026-01-30
C006220,Rachit Pau,Nagaon,Manipur,2023-03-12
C006221,Siya Bajaj,Sangli-Miraj & Kupwad,Rajasthan,2024-09-26
C006222,Teerth Rai,Loni,Arunachal Pradesh,2024-10-14
C006223,Kiaan Deshpande,Asansol,Tripura,2023-05-23
C006224,Nilima Sharma,Jaipur,Assam,2022-05-20
C006225,Rudra Deshmukh,Nagpur,Tripura,2023-06-30
C006226,Girish Mangal,Morena,Karnataka,2024-11-22
C006227,Siddharth Sura,Patiala,Manipur,2026-08-31
C006228,Abhiram Vohra,Thoothukudi,Haryana,2025-12-19
C006229,Faqid Goda,Rajahmundry,Sikkim,2024-12-25
C006230,Sneha Patla,Morbi,Uttar Pradesh,2024-12-21
C006231,Bhavya Natarajan,Kozhikode,Rajasthan,2024-06-14
C006232,Mohammed Gara,Ahmedabad,Nagaland,2023-05-31
C006233,Nikita Kunda,Mira-Bhayandar,Odisha,2026-06-23
C006234,Jairaj Kadakia,Sultan Pur Majra,Assam,2026-06-02
C006235,Chaitanya Sankaran,Mahbubnagar,Punjab,2023-11-26
C006236,Falan Bansal,Dehri,Gujarat,2026-01-28
C006237,Lohit Bobal,Ulhasnagar,Odisha,2026-01-21
C006238,Alexander Mohan,Shivpuri,Mizoram,2024-11-02
C006239,Hitesh Bhandari,Bidar,Rajasthan,2023-04-15
C006240,Jagvi Puri,Vijayanagaram,Goa,2024-05-08
C006241,Leela Mital,Kolhapur,Gujarat,2024-05-18
C006242,Aarav Varkey,Ludhiana,Mizoram,2022-04-01
C006243,Aarush Sharma,Ichalkaranji,Punjab,2023-02-23
C006244,Mugdha Bal,Haridwar,Mizoram,2021-11-30
C006245,Yashasvi Mangat,Darbhanga,Gujarat,2025-10-25
C006246,Isaiah Issac,Chinsurah,West Bengal,2025-11-13
C006247,Omaja Kala,Srinagar,Tamil Nadu,2026-08-29
C006248,Yamini Bhakta,Muzaffarpur,Mizoram,2024-03-10
C006249,Chakradhar Singh,Ozhukarai,Tripura,2024-11-10
C006250,Patrick Dalal,Miryalaguda,Tripura,2021-12-11
C006251,Urmi Mallick,Rourkela,Punjab,2022-06-11
C006252,Henry Das,Kharagpur,Kerala,2025-05-31
C006253,Lila Amble,Howrah,Chhattisgarh,2023-06-22
C006254,Kiaan Bora,Dehri,Bihar,2025-06-22
C006255,Darika Goel,Kolhapur,Meghalaya,2024-05-04
C006256,Fariq Walia,Phagwara,Uttar Pradesh,2023-01-31
C006257,Oeshi Kamdar,Bhilwara,Bihar,2024-11-26
C006258,Kalpit Setty,Tenali,Assam,2026-05-15
C006259,Aditya Padmanabhan,Jalandhar,Arunachal Pradesh,2021-10-27
C006260,Tripti Golla,Rajkot,Haryana,2025-01-15
C006261,Nachiket Hayer,Aurangabad,Gujarat,2025-06-25
C006262,Patrick Balan,Kavali,Jharkhand,2021-09-15
C006263,Aradhana Rama,Gwalior,West Bengal,2023-09-03
C006264,Balendra Shroff,Asansol,Meghalaya,2022-12-30
C006265,Barkha Patla,Aurangabad,Nagaland,2021-09-22
C006266,Samarth Panchal,New Delhi,Gujarat,2024-09-29
C006267,Isaac Ratti,Bidar,Chhattisgarh,2024-06-07
C006268,Balendra Muni,Burhanpur,Bihar,2025-10-16
C006269,Balendra Patil,Sonipat,Bihar,2023-06-04
C006270,Jeremiah Balan,Mango,Gujarat,2022-02-18
C006271,Chaaya Acharya,Tirupati,Assam,2023-05-19
C006272,Oni Sachdeva,Mathura,Haryana,2026-06-16
C006273,Tristan Rajagopalan,Hazaribagh,Kerala,2025-10-01
C006274,Sai Kant,Giridih,Karnataka,2025-12-15
C006275,Advay Bala,Kota,Madhya Pradesh,2022-11-13
C006276,Vinaya Patel,Tiruchirappalli,Tamil Nadu,2024-04-20
C006277,Zilmil Khosla,Agartala,Madhya Pradesh,2024-09-30
C006278,Andrew Kar,Uluberia,West Bengal,2024-09-24
C006279,Lipika Mani,Allahabad,Bihar,2025-12-07
C006280,Ansh Dey,Gulbarga,Andhra Pradesh,2022-06-21
C006281,Ijaya Cheema,Machilipatnam,Telangana,2021-10-19
C006282,Vidhi Palla,Sirsa,Karnataka,2022-09-07
C006283,Madhavi Shenoy,Raichur,Uttar Pradesh,2021-11-03
C006284,Nandini Chandra,Kozhikode,Sikkim,2022-11-25
C006285,Rohan Sankar,Khandwa,Nagaland,2026-05-30
C006286,Nitesh Anne,Delhi,Himachal Pradesh,2026-05-23
C006287,Faris Balan,Yamunanagar,Uttar Pradesh,2024-07-20
C006288,Bhavani Sura,Sagar,Assam,2023-10-24
C006289,Luke Singh,Ballia,Manipur,2024-03-05
C006290,Tejas Bhatt,Bharatpur,Odisha,2024-10-17
C006291,Alexander Behl,Ulhasnagar,Rajasthan,2021-10-27
C006292,Inaya Mody,Thiruvananthapuram,Karnataka,2025-04-11
C006293,Krishna Sen,Guntakal,Himachal Pradesh,2023-05-24
C006294,Girik Barad,Buxar,Mizoram,2023-01-08
C006295,Ekiya Bhandari,Bilaspur,Tamil Nadu,2025-04-29
C006296,Riya Barman,Davanagere,Maharashtra,2021-09-18
C006297,Chakrika Chowdhury,Allahabad,Uttar Pradesh,2025-04-21
C006298,Oliver Ghose,Gulbarga,Karnataka,2024-05-30
C006299,Faris Guha,Tiruchirappalli,Manipur,2025-03-31
C006300,Rachit Bala,Dewas,Assam,2025-11-05
C006301,Amaira Balay,Munger,Haryana,2025-06-26
C006302,Indali Loyal,Begusarai,Bihar,2025-06-15
C006303,Samarth Kakar,Tadipatri,Rajasthan,2022-07-18
C006304,Nihal Sampath,Raebareli,Bihar,2022-10-29
C006305,Lavanya Mane,Alwar,Telangana,2025-02-21
C006306,Krisha Lad,Miryalaguda,Uttarakhand,2024-09-08
C006307,Omkaar Narayanan,Miryalaguda,Himachal Pradesh,2024-08-31
C006308,Faras Mohan,Chapra,Odisha,2026-06-20
C006309,Ishani Sidhu,Amaravati,Odisha,2023-02-12
C006310,Jagdish Anand,Saharsa,Kerala,2024-07-06
C006311,Zashil Khare,North Dumdum,Sikkim,2024-07-02
C006312,Advay Koshy,Hosur,Tripura,2025-02-22
C006313,Jacob Yadav,Phusro,Uttar Pradesh,2026-03-01
C006314,Ikshita Grewal,Mahbubnagar,Tripura,2022-01-10
C006315,Robert Aurora,Unnao,Haryana,2021-10-16
C006316,Chatresh Karan,Surat,Bihar,2025-04-30
C006317,Ucchal Ratti,Amritsar,Odisha,2022-09-17
C006318,Falguni Arya,Salem,Odisha,2025-07-24
C006319,Irya Sundaram,Farrukhabad,Kerala,2024-01-09
C006320,Rajata Dada,Shahjahanpur,Mizoram,2025-07-13
C006321,Urishilla Johal,Sambalpur,Bihar,2024-05-13
C006322,Odika Tandon,Narasaraopet,Karnataka,2025-08-04
C006323,Krishna Gole,Ambattur,Goa,2025-09-17
C006324,Oliver Lalla,Unnao,Tripura,2022-01-11
C006325,Farhan Baria,Alappuzha,Madhya Pradesh,2024-05-24
C006326,Alka Bhatnagar,Aizawl,Gujarat,2021-11-04
C006327,Mekhala Vasa,Jalgaon,Odisha,2025-12-23
C006328,Leena Chada,Visakhapatnam,Kerala,2022-05-27
C006329,Urishilla Amble,Agartala,Goa,2023-09-08
C006330,Wridesh Sathe,Thrissur,Manipur,2023-10-14
C006331,Ekalinga Kamdar,Hajipur,Himachal Pradesh,2023-04-21
C006332,Falan Guha,Ongole,Tamil Nadu,2022-09-05
C006333,Luke Sachdev,Amritsar,Bihar,2024-02-08
C006334,Lakshmi Garde,Raiganj,Gujarat,2023-11-02
C006335,Vasatika Karnik,Bijapur,Bihar,2024-01-19
C006336,Ikshita Sahni,Bidhannagar,Gujarat,2022-03-18
C006337,Meghana Vala,Guntakal,Goa,2025-02-07
C006338,Vihaan Solanki,Kanpur,Nagaland,2026-02-09
C006339,Udant Hayer,Amravati,Jharkhand,2026-04-26
C006340,Urvi Tripathi,Machilipatnam,Kerala,2025-05-09
C006341,Zilmil Wagle,Bilaspur,Assam,2025-12-27
C006342,Kai Manda,Rewa,Uttar Pradesh,2023-03-27
C006343,Rachana Bhatti,Tiruppur,Himachal Pradesh,2024-11-15
C006344,Tanvi Kalla,Panihati,Assam,2023-11-22
C006345,Girik Varty,Jhansi,Manipur,2022-10-20
C006346,Saksham Venkatesh,Farrukhabad,Karnataka,2021-09-20
C006347,Aarush Vohra,Bally,Odisha,2022-08-13
C006348,Neelima Mangat,Haridwar,Himachal Pradesh,2026-08-08
C006349,Vansha Hora,Miryalaguda,Uttar Pradesh,2022-06-24
C006350,Vivaan Soman,Nanded,Rajasthan,2025-10-23
C006351,Falan Patla,Dhule,Sikkim,2026-08-05
C006352,Janya Thakur,Visakhapatnam,Goa,2022-06-01
C006353,Mitali Sur,Vellore,Arunachal Pradesh,2023-09-11
C006354,Yahvi Mukhopadhyay,Bhalswa Jahangir Pur,Tripura,2026-02-05
C006355,Netra Arya,Sasaram,Meghalaya,2024-04-19
C006356,Urmi Dutta,Chandrapur,Mizoram,2025-12-28
C006357,Aarush Nigam,Kulti,Odisha,2022-05-31
C006358,Vasana Yadav,Malegaon,Mizoram,2026-01-03
C006359,Sachi Kant,Tezpur,Haryana,2022-02-26
C006360,Qarin Sem,Panipat,Maharashtra,2026-07-13
C006361,Zaid Nadig,Bidar,Odisha,2026-01-21
C006362,Xavier Ghosh,Bahraich,Goa,2024-03-21
C006363,Hardik Chada,Bhiwani,Uttar Pradesh,2023-01-07
C006364,Charles Ramachandran,Suryapet,Andhra Pradesh,2022-03-19
C006365,Lekha Swamy,Guwahati,Himachal Pradesh,2022-04-28
C006366,Aadi Kumer,Bahraich,Bihar,2023-01-05
C006367,Saksham Saini,Anantapuram,Nagaland,2025-06-18
C006368,Yahvi Narayan,Gaya,Gujarat,2025-06-24
C006369,Ekaraj Srinivasan,Bikaner,Uttar Pradesh,2025-07-05
C006370,Nikita Bakshi,Maheshtala,Punjab,2024-06-26
C006371,Wriddhish Reddy,Purnia,Kerala,2025-09-13
C006372,Falan Sachar,Muzaffarnagar,Maharashtra,2025-02-08
C006373,Yatin Soni,Erode,Tripura,2022-05-24
C006374,Irya Kant,Ongole,Manipur,2025-10-05
C006375,Janaki Devi,Sonipat,Mizoram,2023-08-27
C006376,Ethan Wason,Gandhidham,Jharkhand,2024-04-26
C006377,Ranveer Purohit,Ichalkaranji,Chhattisgarh,2023-12-13
C006378,Ekta Agrawal,Etawah,Uttarakhand,2024-12-24
C006379,David Dugal,Nangloi Jat,Uttar Pradesh,2026-01-23
C006380,Gaurangi Bora,Moradabad,Telangana,2021-09-10
C006381,Raksha Roy,Nanded,Odisha,2024-02-23
C006382,Udant Trivedi,Avadi,Gujarat,2025-11-03
C006383,Gautam Dugar,Phagwara,Uttarakhand,2026-05-02
C006384,Yauvani Prashad,Imphal,West Bengal,2022-09-08
C006385,Odika Chaudry,Delhi,West Bengal,2025-11-19
C006386,Samuel Buch,Warangal,Punjab,2024-04-01
C006387,Ojas Sinha,Giridih,Jharkhand,2023-03-18
C006388,Brijesh Bhatti,Dindigul,Manipur,2024-10-06
C006389,Ekaja Soman,Saharsa,Madhya Pradesh,2023-06-21
C006390,Ekavir Apte,Delhi,Uttar Pradesh,2024-07-25
C006391,Daniel Nazareth,Nangloi Jat,Gujarat,2026-02-12
C006392,Jack Behl,Chennai,Tripura,2021-11-28
C006393,Ladli Dada,Jabalpur,Sikkim,2024-07-31
C006394,Fariq Sastry,Machilipatnam,Andhra Pradesh,2023-01-24
C006395,Bishakha Prasad,Ghaziabad,Manipur,2022-06-10
C006396,Chaaya Kala,Munger,West Bengal,2025-07-03
C006397,Tara Natarajan,Firozabad,Madhya Pradesh,2021-10-21
C006398,Rayaan Loyal,Erode,Andhra Pradesh,2024-11-01
C006399,Warinder Vohra,Tirupati,Punjab,2025-05-14
C006400,Krishna Bedi,Kottayam,Manipur,2024-05-21
C006401,Bhavya Chokshi,Jaipur,Gujarat,2025-03-24
C006402,Damini Vyas,Bhilwara,Karnataka,2022-07-24
C006403,Madhavi Dara,Hospet,Punjab,2022-02-22
C006404,Nakul Joshi,Ghaziabad,Rajasthan,2024-02-21
C006405,Tanveer Boase,Guwahati,Uttar Pradesh,2023-05-05
C006406,Ekiya Narayanan,Medininagar,Punjab,2021-12-03
C006407,Vaishnavi Goyal,Rewa,Madhya Pradesh,2026-05-27
C006408,Karan Krish,Eluru,Rajasthan,2023-06-13
C006409,Ijaya Sekhon,Mango,Tamil Nadu,2022-04-16
C006410,Ikbal Ben,Navi Mumbai,Haryana,2025-01-21
C006411,Tamanna Subramanian,Morbi,Punjab,2024-09-26
C006412,Kabir Deo,Ghaziabad,Madhya Pradesh,2025-09-28
C006413,Upadhriti Buch,Chittoor,Karnataka,2024-06-16
C006414,Jagat Deo,Mahbubnagar,Jharkhand,2024-07-05
C006415,Arjun Gade,Bihar Sharif,Gujarat,2026-06-05
C006416,Krishna Sekhon,Aurangabad,Himachal Pradesh,2022-09-11
C006417,Lipika Ram,Gopalpur,Tripura,2026-04-23
C006418,Yashawini Raman,Kadapa,Tripura,2025-09-26
C006419,Vincent Brar,Bhilai,Nagaland,2023-09-13
C006420,Balvan Mangal,Ichalkaranji,Uttar Pradesh,2024-02-21
C006421,Unnati Mallick,Berhampore,Arunachal Pradesh,2025-07-07
C006422,Janaki Mital,Tiruvottiyur,Telangana,2022-12-11
C006423,Nisha Bhatt,Madanapalle,Karnataka,2023-10-24
C006424,Nihal Soman,Pimpri-Chinchwad,Manipur,2024-05-13
C006425,Yatan Dasgupta,Eluru,Uttar Pradesh,2021-09-22
C006426,Saumya Ganguly,Ambattur,Karnataka,2025-03-08
C006427,Anirudh Pradhan,Nangloi Jat,Manipur,2021-09-01
C006428,Ishita Balan,Jhansi,Odisha,2023-07-01
C006429,Ekantika Ramesh,Pudukkottai,Meghalaya,2024-04-02
C006430,Yash Chanda,Ongole,Assam,2026-01-28
C006431,Pratyush Ray,Gandhidham,Telangana,2026-02-24
C006432,Ekaraj Raval,Kamarhati,Tripura,2026-06-11
C006433,Sarthak Walla,New Delhi,Andhra Pradesh,2023-05-07
C006434,Nimrat Dayal,Srikakulam,Mizoram,2025-04-01
C006435,Avi Krishnan,Sikar,Kerala,2024-01-08
C006436,Sneha Balasubramanian,Kamarhati,Madhya Pradesh,2024-03-10
C006437,Yuvraj Kunda,Tumkur,Bihar,2022-10-14
C006438,Udyati Rai,Nashik,Nagaland,2021-12-06
C006439,Patrick Wali,Rohtak,Mizoram,2023-01-21
C006440,Arjun Gaba,Raichur,Haryana,2024-12-10
C006441,Atharv Mani,Silchar,Mizoram,2025-04-16
C006442,Balveer Barad,Ghaziabad,Goa,2023-07-10
C006443,Gaurav Mutti,Dewas,Andhra Pradesh,2023-12-25
C006444,Dhriti Shan,Kottayam,Tamil Nadu,2023-12-08
C006445,Turvi Sampath,Tiruchirappalli,Rajasthan,2023-02-24
C006446,Saumya Hora,Kamarhati,Haryana,2024-06-17
C006447,Deepa Dubey,Tiruchirappalli,Nagaland,2023-12-10
C006448,Ekani Sem,Burhanpur,Assam,2025-03-09
C006449,Januja Bera,Ichalkaranji,Assam,2021-10-13
C006450,Faras Warrior,Rajkot,Rajasthan,2025-10-21
C006451,Pranit Reddy,Kolhapur,Gujarat,2023-11-03
C006452,Kala Pathak,Haldia,Telangana,2022-03-16
C006453,David Kannan,Bulandshahr,Manipur,2023-02-21
C006454,Abha Mittal,Aurangabad,West Bengal,2026-01-10
C006455,Yashvi Contractor,Bhagalpur,Uttarakhand,2024-07-03
C006456,Harinakshi Lala,Tiruvottiyur,Rajasthan,2025-04-27
C006457,Pahal Agate,Sasaram,Assam,2023-10-10
C006458,Suhani Nath,Sambalpur,Telangana,2023-11-08
C006459,Ubika Mahajan,Ambala,West Bengal,2024-05-12
C006460,Kavya Wason,Bhilwara,Arunachal Pradesh,2024-08-09
C006461,Amruta Sahni,Solapur,Chhattisgarh,2022-03-03
C006462,Arin Sankar,Jalandhar,Punjab,2024-08-18
C006463,Tejas Sarraf,Ozhukarai,Haryana,2021-09-03
C006464,Jagat Mutti,Burhanpur,Jharkhand,2023-08-09
C006465,Anika Datta,Pondicherry,Himachal Pradesh,2021-10-22
C006466,Nitesh Kade,Ramgarh,Kerala,2022-01-26
C006467,Watika Kibe,Tiruvottiyur,Sikkim,2023-04-10
C006468,Baljiwan Khatri,Bhagalpur,Goa,2023-01-07
C006469,Lucky Bakshi,Bharatpur,Tripura,2024-10-16
C006470,Lavanya Divan,Medininagar,Meghalaya,2024-10-28
C006471,Hemani Savant,Berhampur,Punjab,2023-09-24
C006472,Sarthak Bora,Adoni,Sikkim,2024-08-25
C006473,Yamini Trivedi,Raiganj,Nagaland,2025-05-28
C006474,Alexander Oak,Bokaro,Telangana,2025-12-31
C006475,Sanaya Vasa,Ahmedabad,Sikkim,2022-04-09
C006476,Janaki Virk,Sambhal,Tripura,2021-10-25
C006477,Brinda Om,Sangli-Miraj & Kupwad,Sikkim,2024-05-19
C006478,Unni Aggarwal,Sangli-Miraj & Kupwad,Manipur,2022-07-05
C006479,Ishanvi Venkatesh,Ozhukarai,Arunachal Pradesh,2026-08-06
C006480,Kevin Banerjee,Mau,Sikkim,2022-09-29
C006481,Zayyan Ratta,Surendranagar Dudhrej,Jharkhand,2023-06-08
C006482,Mohini Lad,Nangloi Jat,Meghalaya,2023-04-13
C006483,Benjamin Dixit,Rohtak,Uttarakhand,2023-12-14
C006484,Vanya Keer,Chapra,Meghalaya,2022-05-08
C006485,Jai Bir,Howrah,Tripura,2023-05-01
C006486,Vrinda Gole,Tenali,Punjab,2023-10-25
C006487,Rachita Butala,Vijayanagaram,Sikkim,2025-03-28
C006488,Veda Bhatti,Unnao,Tamil Nadu,2026-07-16
C006489,Hiral Goswami,Mau,Maharashtra,2024-10-13
C006490,Aryan Kota,Nellore,Andhra Pradesh,2021-09-16
C006491,Libni Buch,Mangalore,Assam,2024-06-22
C006492,Chakradhar Bhargava,Sagar,Assam,2024-12-03
C006493,Amrita Kade,Jamalpur,Madhya Pradesh,2021-11-14
C006494,Manbir Keer,Sikar,Meghalaya,2022-11-09
C006495,Kalpit Mital,Nizamabad,Himachal Pradesh,2025-09-12
C006496,Balvan Rai,Singrauli,Arunachal Pradesh,2025-04-28
C006497,Warjas Swamy,Dehri,Nagaland,2023-01-24
C006498,Aadhya Das,Thane,Arunachal Pradesh,2025-07-27
C006499,Atharv Thakur,Chittoor,Punjab,2026-03-14
C006500,Henry Chandran,Ghaziabad,Telangana,2024-08-06
C006501,Anika Shroff,Bathinda,Nagaland,2024-10-24
C006502,Janya Sengupta,Kamarhati,Uttar Pradesh,2023-07-30
C006503,Triya Nagarajan,Unnao,Punjab,2022-05-16
C006504,Teerth Subramanian,Panvel,Tamil Nadu,2025-01-31
C006505,Nicholas Kalla,Siwan,Andhra Pradesh,2024-02-14
C006506,Tanish Hari,Rajpur Sonarpur,Andhra Pradesh,2023-11-28
C006507,Atharv Sheth,Delhi,Andhra Pradesh,2022-12-22
C006508,Upadhriti Palla,Firozabad,Manipur,2024-08-13
C006509,Radha Mannan,Khandwa,Gujarat,2026-03-01
C006510,Harita Buch,Chittoor,West Bengal,2022-11-12
C006511,Charles Hans,Guna,Goa,2022-06-05
C006512,Parth Rama,Kulti,West Bengal,2021-11-29
C006513,Aarna Arya,Vijayawada,Bihar,2023-01-29
C006514,Yadavi Bail,Avadi,Tamil Nadu,2023-08-20
C006515,Mitali Nagar,Karawal Nagar,Chhattisgarh,2022-06-15
C006516,Kiaan Saxena,Machilipatnam,Mizoram,2022-07-25
C006517,Girish Setty,Haldia,Haryana,2024-10-15
C006518,Frederick Nath,Gurgaon,Meghalaya,2023-05-20
C006519,Ishwar Bora,Bidhannagar,Tripura,2021-09-20
C006520,Nirja Vora,Panipat,Maharashtra,2024-04-11
C006521,Bina Solanki,Etawah,West Bengal,2024-04-22
C006522,Gautami Handa,Jalna,Goa,2024-07-31
C006523,Eesha Sharaf,Nadiad,Nagaland,2026-08-16
C006524,Vasatika Kant,Hubli–Dharwad,Madhya Pradesh,2024-12-11
C006525,Udarsh Dyal,Nangloi Jat,Telangana,2021-12-02
C006526,Alka Badal,Ghaziabad,Sikkim,2025-05-28
C006527,Indali Chatterjee,Korba,Chhattisgarh,2023-07-26
C006528,Damyanti Sura,Saharanpur,Karnataka,2025-03-23
C006529,Gavin Pathak,Berhampur,Haryana,2025-12-17
C006530,Gavin Ramaswamy,Adoni,Sikkim,2021-10-23
C006531,Qasim Upadhyay,Pondicherry,Telangana,2025-02-20
C006532,Chatresh Hans,Ramgarh,Nagaland,2022-02-27
C006533,Fiyaz Vig,Firozabad,Gujarat,2023-12-30
C006534,Nikita Krish,Raebareli,Mizoram,2022-03-09
C006535,Saanvi Kothari,Morbi,Chhattisgarh,2024-03-03
C006536,Girindra Samra,Munger,Chhattisgarh,2022-06-20
C006537,Bina Khurana,Tadipatri,Maharashtra,2024-02-05
C006538,Charvi De,Kolhapur,Madhya Pradesh,2026-02-27
C006539,Chasmum Virk,Nagpur,Punjab,2023-02-17
C006540,Hemang Salvi,Karaikudi,Tamil Nadu,2022-01-03
C006541,Ijaya Lanka,Burhanpur,Chhattisgarh,2025-05-23
C006542,Samesh Kapoor,Gaya,Karnataka,2026-02-05
C006543,Kalpit Shroff,Sambhal,Haryana,2023-12-05
C006544,Aahana Chawla,Nizamabad,Himachal Pradesh,2025-08-22
C006545,Harita Gopal,Avadi,Madhya Pradesh,2025-01-28
C006546,Ishwar Sachar,Jabalpur,Meghalaya,2024-10-25
C006547,Triya Chawla,Serampore,Tamil Nadu,2022-11-20
C006548,Falak Lad,Bhopal,Tamil Nadu,2024-06-12
C006549,Arin Pandya,Bhilwara,Sikkim,2024-06-29
C006550,Vedhika Sagar,Bijapur,Nagaland,2025-07-29
C006551,Ishwar Kara,Kochi,Goa,2025-07-18
C006552,Chakradhar Tandon,Thiruvananthapuram,Kerala,2024-02-06
C006553,Joshua Kunda,Cuttack,Jharkhand,2026-04-08
C006554,Lila Aurora,Bharatpur,Uttar Pradesh,2023-10-11
C006555,Hritik Sur,Nagercoil,Jharkhand,2025-02-16
C006556,Adweta Chaudhary,Adoni,Rajasthan,2022-08-05
C006557,Harish Master,Korba,Odisha,2022-05-04
C006558,Yashawini Keer,Saharsa,Himachal Pradesh,2024-01-23
C006559,Hardik Desai,Fatehpur,Assam,2022-10-25
C006560,Vrishti Cheema,Kharagpur,Rajasthan,2025-12-07
C006561,Robert Agrawal,Hospet,Jharkhand,2023-12-22
C006562,Zayyan Atwal,Nellore,Andhra Pradesh,2026-03-29
C006563,Ojas Basu,Bhilwara,Uttarakhand,2022-06-28
C006564,Eshana Merchant,Bhatpara,Tamil Nadu,2026-06-21
C006565,Ucchal Salvi,Pondicherry,Chhattisgarh,2025-03-15
C006566,Sneha Dayal,Gulbarga,Haryana,2026-05-06
C006567,Ekaja Saini,Haridwar,Arunachal Pradesh,2021-10-11
C006568,Janya Bal,Hajipur,Tripura,2026-05-11
C006569,Abhimanyu Kota,Mumbai,Karnataka,2023-04-29
C006570,Mitesh Ranganathan,Nanded,Uttar Pradesh,2022-12-24
C006571,Rayaan Anne,Madurai,Arunachal Pradesh,2026-04-12
C006572,Panini Garde,Kurnool,West Bengal,2025-08-22
C006573,Mahika Ganesh,Ambarnath,Himachal Pradesh,2022-04-02
C006574,Ekansh Bhargava,Delhi,Uttarakhand,2022-09-29
C006575,Krish Ganesan,Bhatpara,Sikkim,2026-06-01
C006576,Tarak Natarajan,Farrukhabad,Odisha,2023-02-02
C006577,Sai Zachariah,Agartala,Punjab,2024-06-02
C006578,Gaurang Bera,Berhampur,Haryana,2024-09-20
C006579,Yamini Pall,Jalgaon,Mizoram,2023-07-18
C006580,Mugdha Kale,Raebareli,Assam,2021-11-22
C006581,Ekani Sura,Dhule,Andhra Pradesh,2022-12-08
C006582,Gabriel Magar,Phagwara,Jharkhand,2022-03-19
C006583,Upadhriti Narang,Kalyan-Dombivli,Goa,2025-08-12
C006584,Anvi Narasimhan,Hosur,Assam,2022-04-08
C006585,Urvashi Edwin,Naihati,Uttar Pradesh,2026-01-20
C006586,Veda Madan,Kalyan-Dombivli,Uttarakhand,2022-01-15
C006587,Osha Gour,Sri Ganganagar,Telangana,2026-04-04
C006588,Wakeeta Goyal,Pimpri-Chinchwad,Nagaland,2021-11-08
C006589,Tanmayi Bail,Jehanabad,Meghalaya,2024-02-03
C006590,Ekanta Sekhon,Siliguri,Sikkim,2022-10-05
C006591,Hemangini Prakash,Orai,Andhra Pradesh,2026-04-27
C006592,Panini Arya,Vasai-Virar,Karnataka,2026-06-12
C006593,Joshua Kakar,Jamnagar,Himachal Pradesh,2023-04-04
C006594,Bhavika Sule,Kolkata,Chhattisgarh,2024-08-06
C006595,Balveer Ramaswamy,Kolhapur,Jharkhand,2023-12-15
C006596,Chandresh Parsa,Shivpuri,Goa,2024-02-09
C006597,Vedhika Mani,Kharagpur,Haryana,2022-02-15
C006598,Gauri Sarraf,Jorhat,Punjab,2021-12-01
C006599,Dakshesh Bansal,Kulti,Himachal Pradesh,2025-07-30
C006600,Faris Tiwari,Bilaspur,Tripura,2022-10-23
C006601,Mitesh Dugar,Kanpur,Karnataka,2026-06-17
C006602,Hemangini Shan,Kakinada,Tripura,2025-05-06
C006603,Yachana Srinivasan,Hapur,Manipur,2024-09-22
C006604,Idika Dewan,Danapur,Maharashtra,2026-05-28
C006605,Leena Zachariah,Nagpur,Telangana,2025-04-16
C006606,Amara Tella,Loni,Goa,2025-01-27
C006607,Yashvi Solanki,Rajahmundry,Arunachal Pradesh,2022-02-06
C006608,Parth Oza,Bhilwara,Madhya Pradesh,2023-12-02
C006609,Zaid Khare,Raiganj,Punjab,2025-12-31
C006610,Laban Lanka,Tumkur,Manipur,2021-09-18
C006611,Jagat Mukhopadhyay,Vadodara,Karnataka,2024-12-11
C006612,Rohan Subramaniam,Purnia,Punjab,2024-07-06
C006613,Dominic Virk,Gudivada,Madhya Pradesh,2022-09-09
C006614,Ridhi Patla,Anantapur,Odisha,2024-01-16
C006615,Pranav Vohra,Jhansi,Haryana,2022-12-15
C006616,Faraj Sharma,Chandigarh,Assam,2026-01-31
C006617,Hritik Purohit,Jaunpur,Jharkhand,2023-04-24
C006618,Charan Lalla,Guntakal,Mizoram,2024-06-26
C006619,Reva Chaudhary,Rajahmundry,Sikkim,2025-03-14
C006620,Upma Krishnan,Farrukhabad,Tripura,2025-09-30
C006621,Zansi Walla,Dibrugarh,Maharashtra,2022-05-11
C006622,Gautam Vyas,Jaunpur,Madhya Pradesh,2024-04-11
C006623,Daksh Zacharia,Maheshtala,Assam,2025-03-10
C006624,Nicholas Bhavsar,Phusro,Telangana,2021-12-21
C006625,Ekani Hari,Guntur,Maharashtra,2021-10-31
C006626,Eiravati Suri,Ghaziabad,Chhattisgarh,2026-03-09
C006627,Gayathri Pillai,Bhusawal,Odisha,2024-05-24
C006628,Girindra Garde,Hazaribagh,Assam,2023-08-06
C006629,Warhi Vasa,Hospet,West Bengal,2023-06-13
C006630,Zinal Khurana,Amaravati,Jharkhand,2022-08-05
C006631,Warinder Lal,Ballia,Tamil Nadu,2023-02-17
C006632,Patrick Pingle,Bokaro,Jharkhand,2024-08-14
C006633,Xalak Brahmbhatt,Yamunanagar,Goa,2025-08-15
C006634,Sarthak Natarajan,Ichalkaranji,Punjab,2022-09-25
C006635,Sai Desai,Pimpri-Chinchwad,Chhattisgarh,2023-05-31
C006636,Ucchal Kunda,Bikaner,Mizoram,2022-04-18
C006637,Lajita Agate,Munger,Haryana,2024-03-09
C006638,Sarthak Johal,Vijayanagaram,Andhra Pradesh,2023-03-17
C006639,Sathvik Korpal,Sikar,Himachal Pradesh,2022-04-17
C006640,Praneel Tandon,Tirunelveli,Karnataka,2022-12-12
C006641,Jagvi Chakrabarti,Ambattur,Kerala,2022-06-23
C006642,Kalpit Hora,Guna,Kerala,2022-01-13
C006643,Devika Wason,Gulbarga,Madhya Pradesh,2022-02-06
C006644,Yatan Nath,Nandyal,Chhattisgarh,2023-02-05
C006645,Balendra Nagarajan,Patiala,Arunachal Pradesh,2025-02-11
C006646,Jack Kara,Kolkata,Himachal Pradesh,2024-10-09
C006647,Urvashi Patla,Thiruvananthapuram,Himachal Pradesh,2022-02-07
C006648,Balendra Prasad,Kishanganj,Uttar Pradesh,2023-08-01
C006649,Gaurika Pau,Rewa,Haryana,2025-12-29
C006650,Dev Vora,Miryalaguda,Himachal Pradesh,2023-06-14
C006651,Chameli Wagle,Adoni,Nagaland,2022-01-09
C006652,Hemani Parsa,Dhule,Uttarakhand,2023-05-21
C006653,Triveni Dass,Munger,Andhra Pradesh,2026-07-31
C006654,Advaith Modi,Sirsa,Kerala,2021-11-20
C006655,Suhani Murty,Thoothukudi,Maharashtra,2024-12-29
C006656,Ekantika Varty,Sikar,Karnataka,2026-03-19
C006657,Watika Deol,Panihati,Goa,2024-02-16
C006658,Brijesh Krishnan,Surat,Arunachal Pradesh,2025-01-22
C006659,Devansh Cheema,Haldia,West Bengal,2026-06-17
C006660,Harrison Koshy,New Delhi,Karnataka,2022-05-01
C006661,Charvi Din,Jamnagar,Nagaland,2025-01-18
C006662,Kiaan Dhawan,Sangli-Miraj & Kupwad,Nagaland,2025-02-28
C006663,Anamika Agate,Tumkur,Karnataka,2024-03-13
C006664,Madhav Lal,Tirunelveli,Jharkhand,2023-09-15
C006665,Manthan Kashyap,Pimpri-Chinchwad,Andhra Pradesh,2021-11-23
C006666,Rayaan Dayal,Hajipur,Punjab,2023-02-14
C006667,Alka Keer,Ghaziabad,Rajasthan,2026-08-25
C006668,Gopal Kaul,Berhampur,Tripura,2023-01-15
C006669,Lajita Dada,Bulandshahr,Goa,2024-01-20
C006670,Nikita Sura,Baranagar,Arunachal Pradesh,2026-03-27
C006671,Tara Patil,Gandhinagar,Assam,2024-01-02
C006672,Ranbir Acharya,Thane,Punjab,2022-02-14
C006673,Yatan Khanna,Pimpri-Chinchwad,Chhattisgarh,2025-10-16
C006674,Jairaj Natt,Nandyal,Uttarakhand,2023-01-22
C006675,Ekapad Suri,Haldia,Goa,2026-08-30
C006676,Bishakha Nagi,Hospet,West Bengal,2025-07-14
C006677,Qabil Mital,Ambala,Chhattisgarh,2022-03-17
C006678,Rachana Ganesan,Dehradun,Goa,2023-01-12
C006679,Ronith Vig,Thiruvananthapuram,Mizoram,2024-06-07
C006680,Nihal Kalla,Ghaziabad,Andhra Pradesh,2024-12-08
C006681,Vedhika Bala,Kalyan-Dombivli,Telangana,2022-06-24
C006682,Chandani Borde,Bijapur,Karnataka,2023-01-11
C006683,Mohammed Krishnamurthy,Munger,Manipur,2021-11-20
C006684,Utkarsh Pall,Parbhani,Maharashtra,2022-12-29
C006685,Ronith Sharaf,Gorakhpur,Kerala,2023-05-04
C006686,Vivaan Johal,Danapur,Rajasthan,2026-08-14
C006687,Fariq Bains,Latur,Tripura,2021-12-09
C006688,Harini Subramaniam,Aurangabad,Kerala,2022-03-02
C006689,Hemani Sood,Kamarhati,Goa,2023-04-16
C006690,Abdul Subramaniam,Karaikudi,Maharashtra,2022-04-05
C006691,Chavvi Thakur,Singrauli,Sikkim,2025-07-18
C006692,Unnati Palla,Udupi,Bihar,2023-12-14
C006693,Jeevika Rai,Kalyan-Dombivli,Nagaland,2024-11-26
C006694,Liam Shanker,Malegaon,Karnataka,2022-10-09
C006695,Aishani Chauhan,Ghaziabad,Tripura,2024-10-17
C006696,Nirja Gokhale,Madurai,Chhattisgarh,2025-04-05
C006697,Sanaya Salvi,Jehanabad,Uttarakhand,2023-12-03
C006698,Dhriti Ratti,Karawal Nagar,Arunachal Pradesh,2023-10-11
C006699,Panini Loke,Tumkur,Uttarakhand,2024-06-05
C006700,Nachiket Bajwa,Imphal,Himachal Pradesh,2023-07-30
C006701,Nikita Bhavsar,Muzaffarnagar,Jharkhand,2022-03-01
C006702,Vanya Bobal,Jalgaon,Uttarakhand,2023-12-06
C006703,Jagdish Bassi,Thanjavur,Sikkim,2025-02-28
C006704,Ayushman Patla,Solapur,Telangana,2023-04-01
C006705,Januja Gade,Bally,Odisha,2025-06-11
C006706,Raksha Sheth,Raebareli,Manipur,2024-11-27
C006707,Baghyawati Gade,Muzaffarpur,Arunachal Pradesh,2025-08-19
C006708,Triveni Viswanathan,Thane,Telangana,2022-04-02
C006709,Ikbal Deshmukh,Ramagundam,Mizoram,2021-09-28
C006710,Manya Mishra,Vasai-Virar,Bihar,2025-12-30
C006711,Damyanti Bahri,Parbhani,Himachal Pradesh,2026-08-19
C006712,Chatura Bhatia,Gulbarga,Tamil Nadu,2023-04-20
C006713,Chaaya Ghose,Anantapuram,Odisha,2023-06-08
C006714,Oeshi Mann,Bilaspur,Assam,2022-10-09
C006715,Daniel Shanker,Panipat,Sikkim,2023-06-04
C006716,Ayush Pall,Bangalore,Gujarat,2022-05-31
C006717,Yochana Shah,Agra,Madhya Pradesh,2025-03-13
C006718,Qushi Saxena,Bhiwandi,Himachal Pradesh,2022-08-26
C006719,Vedant Pai,Thoothukudi,Madhya Pradesh,2021-11-04
C006720,Jai Lata,Berhampore,Meghalaya,2022-02-07
C006721,Dhruv Oommen,Panvel,Madhya Pradesh,2022-08-22
C006722,Gaurika Das,Vijayawada,Tamil Nadu,2025-05-11
C006723,Urishilla Char,Dhule,Tripura,2024-10-22
C006724,Adya Choudhury,Singrauli,Bihar,2025-04-02
C006725,Advaith Kumar,Gaya,Karnataka,2024-08-15
C006726,Jairaj Banik,Kollam,Meghalaya,2022-04-19
C006727,Madhav Amble,Ulhasnagar,Karnataka,2021-12-07
C006728,Ekani Goel,Jaipur,Nagaland,2026-01-25
C006729,Bakhshi Sangha,Ratlam,Tripura,2023-08-16
C006730,Nikita Barad,Kanpur,Odisha,2026-07-22
C006731,Falan Chaudhari,Allahabad,Andhra Pradesh,2025-12-17
C006732,Nitesh Seth,Dharmavaram,Chhattisgarh,2023-03-27
C006733,Damini Bose,Gudivada,West Bengal,2023-11-07
C006734,Ishani Lanka,Bihar Sharif,Tamil Nadu,2024-06-23
C006735,Manthan Ravel,Bhilwara,Rajasthan,2023-02-21
C006736,Xavier Walia,Hindupur,West Bengal,2025-01-05
C006737,Arya Bhatnagar,Agra,Karnataka,2022-04-05
C006738,Krishna Sidhu,Gopalpur,Gujarat,2021-10-29
C006739,Waida Sinha,Tadipatri,Mizoram,2023-08-26
C006740,Tamanna Shanker,Hyderabad,Meghalaya,2021-09-09
C006741,Zayan Bhagat,Secunderabad,Assam,2023-07-12
C006742,Gunbir Pant,Gangtok,Goa,2022-02-17
C006743,Yuvraj Sankaran,Gwalior,Uttarakhand,2024-12-16
C006744,Amol Butala,Saharanpur,Odisha,2024-06-06
C006745,Logan Raj,Howrah,Sikkim,2026-06-12
C006746,Pallavi Choudhry,Jaipur,Nagaland,2023-12-20
C006747,Wriddhish Bala,Morena,Madhya Pradesh,2025-10-10
C006748,Nisha Bail,Berhampur,Uttar Pradesh,2023-06-04
C006749,Hiral Basu,Katni,Tamil Nadu,2025-02-07
C006750,Priya Anand,Raichur,Andhra Pradesh,2026-02-20
C006751,Balhaar Nori,Narasaraopet,Arunachal Pradesh,2026-04-30
C006752,Caleb Saha,Karimnagar,Arunachal Pradesh,2025-12-17
C006753,Indali Prabhakar,Sagar,Jharkhand,2022-04-29
C006754,Ekansh Date,Rajpur Sonarpur,Maharashtra,2022-03-23
C006755,Chanakya Prabhu,Bokaro,Punjab,2026-08-20
C006756,Ria Rastogi,Amaravati,Bihar,2025-12-16
C006757,Dayita Yadav,Haridwar,Meghalaya,2026-02-07
C006758,Akshay Khalsa,Tiruchirappalli,Manipur,2025-06-05
C006759,Girik Dani,Raebareli,Manipur,2024-06-30
C006760,Arin Baria,Maheshtala,Uttarakhand,2025-11-11
C006761,Rushil Cheema,Amroha,Kerala,2022-10-15
C006762,Ekanta Ben,Karaikudi,Madhya Pradesh,2021-12-20
C006763,Daniel Kala,Shimla,Jharkhand,2026-05-21
C006764,Riya Parsa,Chittoor,Kerala,2023-05-24
C006765,Falan Mutti,Rampur,Sikkim,2025-11-12
C006766,Saksham Deshpande,Mumbai,Mizoram,2022-07-22
C006767,Dakshesh Shanker,Indore,Gujarat,2025-11-08
C006768,Aarnav D’Alia,Kulti,Rajasthan,2022-11-19
C006769,Yadavi Doshi,Bardhaman,Bihar,2025-02-09
C006770,Aryan Shetty,Unnao,Tamil Nadu,2026-02-02
C006771,Ishaan Rattan,Guwahati,Odisha,2021-10-27
C006772,Meghana Lad,Shimoga,Punjab,2022-01-27
C006773,Udant Mani,Aurangabad,Maharashtra,2022-11-13
C006774,Om Shukla,Mira-Bhayandar,Maharashtra,2022-07-22
C006775,Harini Luthra,Gulbarga,Telangana,2024-11-28
C006776,Pranit Virk,Haridwar,Kerala,2024-06-24
C006777,Gavin Wali,Yamunanagar,Nagaland,2025-12-23
C006778,Zashil Kalla,Bhimavaram,Manipur,2023-12-31
C006779,Ranveer Bhatnagar,Belgaum,Haryana,2026-04-08
C006780,Ridhi Roy,Avadi,Jharkhand,2023-11-01
C006781,Udarsh Sastry,Burhanpur,Tripura,2021-12-23
C006782,Yauvani Narayan,Sonipat,Haryana,2025-08-23
C006783,Saanvi Ramanathan,Vasai-Virar,Mizoram,2023-07-08
C006784,Pranit Babu,Kozhikode,Jharkhand,2023-01-28
C006785,Hema Dugar,Sagar,Madhya Pradesh,2022-05-01
C006786,Ekaraj Dutta,Purnia,Meghalaya,2025-02-03
C006787,Nilima Basu,Jaipur,Madhya Pradesh,2025-04-19
C006788,Yashasvi Sehgal,Tirupati,Chhattisgarh,2024-10-22
C006789,Jalsa De,Proddatur,Uttarakhand,2024-06-20
C006790,Benjamin Mital,Naihati,Andhra Pradesh,2023-08-23
C006791,Rishi Vyas,Nizamabad,Madhya Pradesh,2024-12-24
C006792,Jagdish Kurian,Medininagar,Mizoram,2024-12-28
C006793,Laksh Ravel,Kamarhati,Goa,2026-05-24
C006794,Faraj Padmanabhan,Lucknow,Meghalaya,2021-10-21
C006795,Hemang Basak,Hajipur,Tamil Nadu,2025-11-19
C006796,Arin Borra,Ghaziabad,Mizoram,2023-08-02
C006797,Aradhana Nagar,Mangalore,Punjab,2026-02-25
C006798,Zayan Palan,Chandigarh,Mizoram,2023-06-10
C006799,Watika Verma,Avadi,Rajasthan,2025-11-04
C006800,Maanav Palla,Berhampore,Uttar Pradesh,2024-04-15
C006801,Kiaan Bath,Hindupur,Kerala,2022-03-04
C006802,Saanvi Trivedi,Amroha,Manipur,2024-06-30
C006803,Aadi Banerjee,Jhansi,Telangana,2024-05-17
C006804,Leela Bhasin,Katni,West Bengal,2025-07-06
C006805,Teerth Ramachandran,Agartala,Goa,2023-10-26
C006806,Avni Chad,Tiruchirappalli,Uttarakhand,2025-05-12
C006807,Mason Mutti,Vijayanagaram,Tamil Nadu,2022-03-19
C006808,Yashoda Dugar,New Delhi,Maharashtra,2024-03-25
C006809,Falan Sawhney,Hospet,Sikkim,2024-09-27
C006810,Urvi Jain,Munger,Assam,2023-11-18
C006811,Ayushman Buch,Rohtak,Tripura,2022-05-25
C006812,Damini Bal,Ghaziabad,Uttarakhand,2022-12-25
C006813,Nitara Vaidya,Ozhukarai,Punjab,2025-04-17
C006814,Sanaya Venkatesh,Proddatur,Meghalaya,2025-09-22
C006815,Lavanya Narasimhan,Mumbai,Chhattisgarh,2023-07-29
C006816,Urishilla Dara,Hapur,Bihar,2023-04-23
C006817,Anjali Ahuja,Katihar,Rajasthan,2023-01-20
C006818,Ishani Sankar,Bokaro,Odisha,2023-07-24
C006819,Varenya Pathak,Mangalore,Manipur,2024-10-23
C006820,Harita Kuruvilla,Muzaffarpur,Tripura,2024-04-04
C006821,Saumya Patel,Ozhukarai,Haryana,2025-01-22
C006822,Omkaar Golla,Adoni,Himachal Pradesh,2025-05-22
C006823,Garima Kurian,Shimla,West Bengal,2025-01-17
C006824,Yamini Iyer,Jabalpur,Nagaland,2025-08-25
C006825,Nitesh Sehgal,Darbhanga,West Bengal,2023-09-15
C006826,Manan Venkataraman,Rajkot,West Bengal,2024-09-01
C006827,Anika Lata,Nagpur,Chhattisgarh,2026-08-16
C006828,Wriddhish Nadkarni,Gopalpur,West Bengal,2023-03-03
C006829,Darsh Dugal,Jorhat,Tripura,2021-09-23
C006830,Panini Varma,Udupi,Tamil Nadu,2026-05-30
C006831,Siya Rattan,Rohtak,Sikkim,2023-02-22
C006832,Noah Mohanty,Kirari Suleman Nagar,Bihar,2022-08-12
C006833,Sanaya Shan,Nangloi Jat,Uttar Pradesh,2026-03-26
C006834,Harita Ray,Sambhal,Goa,2022-03-20
C006835,Siddharth Radhakrishnan,Guwahati,Haryana,2026-02-25
C006836,Rudra Bhatnagar,Jaipur,Tamil Nadu,2023-07-01
C006837,Jacob Rao,Vijayanagaram,West Bengal,2022-09-08
C006838,Omkaar Mukhopadhyay,Tadipatri,Telangana,2026-04-21
C006839,Varsha Ramaswamy,Aurangabad,Mizoram,2022-11-04
C006840,Devika Shetty,Cuttack,Himachal Pradesh,2025-11-12
C006841,Pallavi Sarraf,Sirsa,Bihar,2025-01-01
C006842,George Loyal,Jaunpur,Punjab,2022-11-11
C006843,Tanmayi Yadav,Malegaon,Gujarat,2024-05-07
C006844,Yadavi Bhakta,Udupi,Gujarat,2024-02-25
C006845,Udant Sathe,Chandrapur,Karnataka,2023-12-15
C006846,Bhavika Sridhar,Amritsar,Kerala,2024-05-04
C006847,Pratyush Bhatti,Buxar,Karnataka,2022-05-19
C006848,George Agarwal,Indore,Maharashtra,2025-07-18
C006849,Prisha Hora,Bhagalpur,Bihar,2024-12-28
C006850,Dhriti Kohli,Nellore,Madhya Pradesh,2024-03-07
C006851,Ikshita Naidu,Rajahmundry,Kerala,2023-09-30
C006852,Parth Chakrabarti,Salem,Goa,2024-07-13
C006853,Netra Seshadri,Kavali,Assam,2024-02-24
C006854,Saumya Sinha,Muzaffarpur,Bihar,2025-09-30
C006855,Jalsa Sangha,Uluberia,Nagaland,2023-05-02
C006856,Benjamin Bhavsar,Thrissur,Karnataka,2024-04-09
C006857,Lipika Hans,Chittoor,Punjab,2026-01-02
C006858,Rajeshri Tella,Noida,Maharashtra,2024-03-20
C006859,Dayamai Tripathi,Ludhiana,Sikkim,2025-02-05
C006860,Kevin Sachar,Nellore,Odisha,2022-11-07
C006861,Krishna Bajaj,Kolhapur,West Bengal,2026-08-08
C006862,Manan Dey,Hubli–Dharwad,Punjab,2023-02-25
C006863,Sanya Lala,Mau,Arunachal Pradesh,2025-04-30
C006864,Omkaar Bhasin,Ambala,Meghalaya,2022-10-22
C006865,Girindra Devi,Thrissur,Mizoram,2022-12-13
C006866,Banjeet Cheema,Delhi,Tripura,2024-10-15
C006867,Chanchal Suri,Vijayawada,Maharashtra,2026-06-02
C006868,Lipika Varghese,Patiala,Arunachal Pradesh,2024-04-21
C006869,Abeer Narain,Bidar,Mizoram,2021-10-22
C006870,Sai Dani,Rajpur Sonarpur,Haryana,2025-03-16
C006871,Ishita Tak,Thiruvananthapuram,Goa,2022-07-15
C006872,Jagdish Padmanabhan,Ramgarh,Karnataka,2022-10-09
C006873,Urvi Chokshi,Nashik,Punjab,2022-03-25
C006874,Ladli Master,Unnao,Rajasthan,2025-03-16
C006875,Kabir Badami,Chapra,Jharkhand,2026-04-11
C006876,Mitali Bakshi,Aurangabad,Maharashtra,2026-02-01
C006877,Hredhaan Butala,Thrissur,Telangana,2025-03-16
C006878,Lekha Manne,Narasaraopet,Jharkhand,2024-10-04
C006879,Amara Tailor,Cuttack,Arunachal Pradesh,2021-09-09
C006880,Bahadurjit Dada,Thiruvananthapuram,Karnataka,2023-05-18
C006881,Jagrati Kannan,Hapur,Maharashtra,2023-02-18
C006882,Anay Mital,Varanasi,Himachal Pradesh,2025-03-02
C006883,Ganga Naidu,Jalandhar,Sikkim,2025-02-07
C006884,Nicholas Mandal,Thoothukudi,Tripura,2025-06-30
C006885,Harish Buch,Uluberia,Gujarat,2026-06-27
C006886,Aarav Keer,Tenali,Uttarakhand,2025-01-25
C006887,Ridhi Bala,Bhatpara,Assam,2025-12-24
C006888,Yamini Radhakrishnan,Bhilwara,Tamil Nadu,2023-04-10
C006889,Maanas Atwal,Kottayam,Sikkim,2026-03-08
C006890,Eta Zacharia,Karawal Nagar,Mizoram,2023-05-14
C006891,Rehaan Sridhar,Kakinada,Manipur,2025-09-03
C006892,Fitan Dube,Arrah,Nagaland,2026-05-21
C006893,Damini Venkataraman,Tiruppur,Tamil Nadu,2022-03-10
C006894,Zayyan Venkatesh,Suryapet,Assam,2023-04-09
C006895,Anthony Palla,Panipat,Andhra Pradesh,2024-05-19
C006896,Ekbal Chaudhuri,Kharagpur,Assam,2025-11-13
C006897,Aarnav Barad,Kottayam,Uttarakhand,2024-09-15
C006898,Ikbal Deshmukh,Chandrapur,Mizoram,2022-07-18
C006899,Bhavani Nanda,Ratlam,Karnataka,2023-10-13
C006900,Madhav Naidu,Chinsurah,Assam,2023-12-22
C006901,Harrison Dugal,Ghaziabad,Assam,2022-02-28
C006902,Kai Dara,Ulhasnagar,Odisha,2023-11-03
C006903,Watika Sankar,Bhubaneswar,Bihar,2024-04-13
C006904,Nakul Krishna,Khora ,Madhya Pradesh,2024-07-31
C006905,Nisha Bose,Amravati,Madhya Pradesh,2025-03-05
C006906,Zaitra Chakrabarti,Mumbai,Assam,2022-03-18
C006907,Sarthak Kanda,Bhilai,Maharashtra,2025-07-13
C006908,Geetika Pillay,Madhyamgram,Haryana,2023-04-03
C006909,Rehaan Rama,Navi Mumbai,Jharkhand,2023-09-18
C006910,Baghyawati Ramaswamy,Akola,Uttar Pradesh,2025-12-17
C006911,Vidhi Lalla,Satara,Gujarat,2026-01-09
C006912,Hema Pillai,Srikakulam,Tripura,2023-12-18
C006913,Ekapad Sarin,Sikar,Chhattisgarh,2024-06-25
C006914,Vyanjana Gola,Indore,Tamil Nadu,2025-12-07
C006915,Qasim Sibal,Bhilai,Arunachal Pradesh,2024-10-31
C006916,Inaya Sharma,Dindigul,Karnataka,2024-07-10
C006917,Devika Parikh,Rourkela,Punjab,2025-04-09
C006918,Yatin Nadkarni,Durgapur,Bihar,2025-10-12
C006919,Kabir Mody,Bilaspur,Tripura,2026-02-15
C006920,Onveer Warrior,Nanded,Andhra Pradesh,2022-12-25
C006921,Tara Gera,Satara,Tripura,2022-07-27
C006922,Adya Dhingra,Bijapur,Rajasthan,2024-07-08
C006923,Zaitra Choudhry,Aligarh,Jharkhand,2024-10-01
C006924,Laksh Pradhan,Ghaziabad,Gujarat,2022-03-06
C006925,Avni Bhattacharyya,Pune,Andhra Pradesh,2022-08-25
C006926,Shivansh Bhatti,Khandwa,Jharkhand,2024-04-12
C006927,Fiyaz Manda,Kirari Suleman Nagar,Rajasthan,2025-09-24
C006928,Kamya Nayak,Guntur,Meghalaya,2025-09-12
C006929,Jonathan Sane,Farrukhabad,Odisha,2025-08-18
C006930,Urvashi Vasa,Udaipur,Kerala,2025-02-02
C006931,Damini Brahmbhatt,Rajpur Sonarpur,Kerala,2021-10-17
C006932,Radha Mann,Bidhannagar,Goa,2025-06-20
C006933,Ranveer Kalla,Guna,Andhra Pradesh,2022-01-02
C006934,Isaiah Cherian,Panchkula,Karnataka,2022-01-26
C006935,Qarin Dave,Bareilly,Assam,2022-11-21
C006936,Abhiram Manda,Warangal,Tamil Nadu,2024-10-21
C006937,Warinder Devi,Suryapet,Assam,2024-04-03
C006938,Simon Choudhury,Aurangabad,Maharashtra,2025-02-12
C006939,Damyanti Mohanty,Ballia,Meghalaya,2022-01-01
C006940,Ishwar Choudhury,Jabalpur,Uttar Pradesh,2022-08-07
C006941,Kala Tak,Warangal,Haryana,2026-08-15
C006942,Ronith Talwar,Pondicherry,Rajasthan,2024-10-20
C006943,Advaith Gopal,Barasat,Chhattisgarh,2023-06-15
C006944,Pranav Mittal,Danapur,Nagaland,2024-02-04
C006945,Samuel Sehgal,Parbhani,Manipur,2026-05-10
C006946,Hiral Bal,Raurkela Industrial Township,Rajasthan,2025-07-28
C006947,Ekansh Tank,Aizawl,Himachal Pradesh,2022-01-30
C006948,Nachiket Sura,Danapur,Punjab,2023-11-02
C006949,Anya Mohanty,Mango,Punjab,2023-05-29
C006950,Madhavi Sangha,Baranagar,Jharkhand,2026-03-31
C006951,Tara Dada,Siwan,Mizoram,2022-04-24
C006952,Ekansh Vora,Unnao,Tamil Nadu,2025-05-30
C006953,Chakrika Sehgal,Tumkur,Odisha,2025-03-20
C006954,Zarna Manne,Cuttack,Manipur,2023-08-31
C006955,Harsh Varty,Ratlam,Maharashtra,2025-11-17
C006956,Bhavani Dara,Thanjavur,Himachal Pradesh,2024-08-28
C006957,Raksha Shan,Jaunpur,Punjab,2022-03-08
C006958,Riya Bhakta,Dindigul,Karnataka,2023-06-15
C006959,Anmol Bobal,Thiruvananthapuram,Bihar,2023-11-23
C006960,Matthew Sinha,Etawah,Odisha,2023-02-26
C006961,Qadim Parikh,Sultan Pur Majra,Tamil Nadu,2022-09-30
C006962,Charles Peri,Tiruvottiyur,Uttar Pradesh,2023-01-18
C006963,Henry Tara,Tumkur,Rajasthan,2026-03-10
C006964,Raagini Nagi,Sambhal,Jharkhand,2022-12-27
C006965,Tarak Sarma,Bhatpara,Mizoram,2022-10-25
C006966,Arjun Goyal,Faridabad,Himachal Pradesh,2022-04-14
C006967,Omya Master,Kalyan-Dombivli,Manipur,2023-01-16
C006968,Harini Dugar,Aligarh,Telangana,2024-01-13
C006969,Oni Batta,Bidhannagar,Haryana,2025-05-26
C006970,Kashvi Bandi,Chapra,Haryana,2023-01-12
C006971,Hema Ramakrishnan,Mangalore,Arunachal Pradesh,2024-11-06
C006972,Pahal Palan,Sikar,Odisha,2024-12-19
C006973,Gautami Zachariah,Darbhanga,Sikkim,2024-08-26
C006974,Teerth Ranganathan,Amaravati,Himachal Pradesh,2022-04-12
C006975,Avi Bandi,Patna,Nagaland,2026-07-06
C006976,Vyanjana Raval,Bihar Sharif,Arunachal Pradesh,2025-03-02
C006977,Yash Grewal,Mirzapur,Bihar,2025-08-18
C006978,Jeet Puri,Gudivada,Uttar Pradesh,2023-03-09
C006979,Ayaan Nazareth,Raichur,Haryana,2022-05-08
C006980,Siddharth Madan,Mangalore,Arunachal Pradesh,2025-11-16
C006981,Bhavini Kalla,Ranchi,Manipur,2025-07-22
C006982,Noah Dhar,Nizamabad,Punjab,2024-06-28
C006983,Mugdha Sur,Dehradun,Nagaland,2025-01-17
C006984,Fitan Sunder,Chittoor,Sikkim,2026-03-03
C006985,Tanay Thakkar,Kochi,Bihar,2022-03-17
C006986,Bachittar Palla,Amaravati,Chhattisgarh,2023-06-07
C006987,Januja Gala,Bhagalpur,Manipur,2025-11-12
C006988,Chaitanya Madan,Loni,Uttar Pradesh,2021-12-02
C006989,Wyatt Grover,Alwar,Nagaland,2025-01-22
C006990,Nimrat Banerjee,Bhubaneswar,Tamil Nadu,2023-02-08
C006991,Henry Randhawa,Anantapur,Rajasthan,2024-04-23
C006992,Unni Kota,Giridih,Odisha,2025-08-26
C006993,Kevin Dara,Eluru,Assam,2024-12-10
C006994,Devika Solanki,Srinagar,Arunachal Pradesh,2022-12-06
C006995,Jeevika Lall,Gwalior,Odisha,2022-01-16
C006996,Rushil Suri,Patna,Goa,2025-03-10
C006997,Bachittar Narayanan,Tiruppur,Karnataka,2025-03-07
C006998,Wazir Seshadri,Panipat,Madhya Pradesh,2023-12-13
C006999,Mekhala Andra,Siwan,Tripura,2024-09-14
C007000,Frederick Balay,Imphal,Tripura,2025-01-02
C007001,Patrick Grewal,Shivpuri,Punjab,2022-04-09
C007002,Faraj Swamy,Raipur,Goa,2024-08-15
C007003,Suhani Gokhale,Machilipatnam,Punjab,2024-02-21
C007004,Madhav De,Karnal,Haryana,2026-04-24
C007005,Ekavir Savant,Morena,Madhya Pradesh,2022-05-27
C007006,Nidhi Prasad,Nanded,Goa,2023-11-11
C007007,Zinal Keer,Bhiwani,Andhra Pradesh,2025-11-30
C007008,Wahab Mandal,Kottayam,Gujarat,2023-04-27
C007009,Yasti Kamdar,Gorakhpur,Kerala,2026-07-26
C007010,Lopa Sachdeva,Eluru,Rajasthan,2026-01-25
C007011,Anthony Srivastava,Erode,Karnataka,2023-09-11
C007012,Aryan Bawa,Asansol,Meghalaya,2024-10-06
C007013,Saksham Rege,Parbhani,Meghalaya,2021-09-17
C007014,Balendra Keer,Bidhannagar,Uttar Pradesh,2022-05-28
C007015,Lucky Choudhury,Chittoor,Jharkhand,2025-06-27
C007016,Wishi Kari,Asansol,Sikkim,2025-02-17
C007017,Falak Lad,Panchkula,Uttarakhand,2025-03-17
C007018,Yatin Koshy,Chapra,West Bengal,2026-01-03
C007019,Lohit More,Chittoor,Goa,2026-01-17
C007020,Hemani Thakkar,Erode,Assam,2025-12-05
C007021,Yashawini Balasubramanian,Firozabad,Andhra Pradesh,2023-06-07
C007022,Meera Goel,Siliguri,Himachal Pradesh,2024-03-26
C007023,Joshua Grewal,Karimnagar,Punjab,2023-11-13
C007024,Madhavi Suresh,Guntur,Tamil Nadu,2025-10-13
C007025,Qasim Divan,Satna,Kerala,2023-09-09
C007026,Ekaja Bedi,Katni,Punjab,2026-08-02
C007027,Quincy Savant,Mirzapur,Bihar,2022-05-23
C007028,Hamsini Biswas,Kolkata,Nagaland,2025-01-21
C007029,Chaman Nair,Kamarhati,Gujarat,2026-08-10
C007030,Pooja Agrawal,Madhyamgram,Karnataka,2022-12-06
C007031,Megha Mody,Amritsar,Sikkim,2022-06-17
C007032,Simon Desai,Malda,Chhattisgarh,2023-04-23
C007033,Gagan Yogi,Silchar,Karnataka,2024-10-07
C007034,Nirja Kalla,Amaravati,Tamil Nadu,2025-12-28
C007035,Dev Radhakrishnan,Bidar,Rajasthan,2024-09-24
C007036,Faqid Raghavan,Bhimavaram,Manipur,2025-02-12
C007037,Qarin Devi,Burhanpur,Himachal Pradesh,2024-04-08
C007038,Hemang Mann,Hospet,Sikkim,2021-09-14
C007039,Ronith Krishnamurthy,Sagar,Punjab,2022-07-18
C007040,Nachiket Sani,Jamshedpur,Meghalaya,2025-08-23
C007041,Anita Mahajan,Bokaro,Chhattisgarh,2022-07-03
C007042,Charvi Deep,Gudivada,Uttarakhand,2025-09-28
C007043,Yochana Chanda,Muzaffarpur,Himachal Pradesh,2025-06-09
C007044,Hemang Setty,Salem,Arunachal Pradesh,2023-03-02
C007045,Warjas Narain,Guna,Telangana,2023-06-01
C007046,Om Som,Nagpur,Jharkhand,2024-05-02
C007047,Ekantika Chahal,Ratlam,Rajasthan,2025-04-17
C007048,Chaitaly Kar,Gandhidham,Assam,2022-03-19
C007049,Victor Hayre,Bhilwara,Manipur,2022-05-22
C007050,Abha Kakar,Guna,Goa,2024-06-01
C007051,Hritik Sundaram,Tinsukia,Odisha,2022-11-11
C007052,Bachittar Rao,Jehanabad,Rajasthan,2023-10-31
C007053,Benjamin Ghose,Sri Ganganagar,Manipur,2022-09-03
C007054,Harish Varkey,Purnia,Telangana,2023-02-28
C007055,Chaaya Hayre,Barasat,Karnataka,2023-10-13
C007056,Hamsini Chaudhry,Bellary,Mizoram,2025-05-09
C007057,Udant Sachdeva,Ramagundam,West Bengal,2024-12-12
C007058,Raagini Chaudhry,Hyderabad,Karnataka,2023-12-26
C007059,Upkaar Sethi,Karawal Nagar,Tripura,2023-09-06
C007060,Upasna Brar,Panchkula,Tamil Nadu,2023-11-15
C007061,Aayush Sahni,Mathura,Uttar Pradesh,2022-04-30
C007062,Hritik Setty,Mumbai,Sikkim,2024-12-18
C007063,Logan Sandhu,Ajmer,West Bengal,2022-02-10
C007064,Gaurav Sani,Pudukkottai,Gujarat,2022-03-21
C007065,Krishna Sawhney,Satara,Telangana,2026-05-31
C007066,Aarna Swamy,Kanpur,Tripura,2022-08-29
C007067,Januja Padmanabhan,Jamshedpur,Manipur,2024-07-06
C007068,Aarav Lad,Kota,Maharashtra,2022-08-14
C007069,Vivaan Magar,Ambattur,Punjab,2025-08-17
C007070,Kritika Sood,Ichalkaranji,Kerala,2025-05-29
C007071,Dakshesh Menon,Rampur,Chhattisgarh,2024-09-09
C007072,Ira Ramanathan,Alappuzha,Sikkim,2022-02-21
C007073,Yashodhara Narayanan,Nanded,Mizoram,2026-02-10
C007074,Ranveer D’Alia,Jalgaon,Punjab,2025-04-20
C007075,Yauvani Kalita,Panihati,Kerala,2026-03-22
C007076,Hritik Sheth,Alappuzha,Haryana,2026-01-08
C007077,Yauvani Ramanathan,Ajmer,Karnataka,2023-12-17
C007078,Vinaya Ray,Bidar,Madhya Pradesh,2023-03-02
C007079,Gunbir Bose,Bhiwandi,Uttar Pradesh,2025-05-20
C007080,Simon Oommen,Sri Ganganagar,Gujarat,2023-12-15
C007081,Champak Sandal,Ambala,Tripura,2022-10-04
C007082,Nitara Keer,Medininagar,Odisha,2025-08-04
C007083,Gauri Nanda,Bhilai,Manipur,2026-08-08
C007084,Chandani Kanda,Bijapur,Odisha,2022-09-03
C007085,Nathan Bobal,Nizamabad,Jharkhand,2021-12-12
C007086,Turvi Ramachandran,Bijapur,Chhattisgarh,2026-05-06
C007087,Warda Lal,Tirupati,Andhra Pradesh,2024-10-23
C007088,Vedhika Shroff,Kollam,Kerala,2023-10-21
C007089,Raagini Rai,Dhanbad,Manipur,2025-06-02
C007090,Ekani Bose,Ballia,Andhra Pradesh,2025-01-09
C007091,Guneet Mandal,Morbi,Goa,2023-08-10
C007092,Nikita Chauhan,Kalyan-Dombivli,Himachal Pradesh,2022-09-02
C007093,Xalak Bedi,Phusro,Chhattisgarh,2022-11-06
C007094,Luke Nadkarni,Bhagalpur,Punjab,2021-11-27
C007095,Praneel Parekh,Rajkot,Uttar Pradesh,2022-06-18
C007096,Ridhi Kunda,Belgaum,Punjab,2026-07-13
C007097,Idika Prabhakar,Cuttack,Haryana,2025-10-05
C007098,Ayaan Krishnan,Hapur,Meghalaya,2024-02-27
C007099,Krisha Mandal,Bhavnagar,Uttarakhand,2024-11-30
C007100,Rohan Kade,Proddatur,Nagaland,2024-04-12
C007101,Hema Bhatti,Dhule,Tamil Nadu,2024-02-20
C007102,Chatresh Devi,Hubli–Dharwad,Gujarat,2022-01-05
C007103,Pahal Bawa,Rohtak,Sikkim,2023-11-25
C007104,Saksham Pau,Ramagundam,Bihar,2025-10-16
C007105,Robert Jani,Muzaffarpur,Tripura,2022-01-09
C007106,Indrajit Doshi,Katihar,Goa,2022-06-12
C007107,Anay Saraf,Jehanabad,Goa,2023-07-14
C007108,Krisha Shenoy,Guwahati,Sikkim,2021-11-23
C007109,Mitesh Keer,Silchar,Odisha,2025-09-29
C007110,Logan Parekh,Narasaraopet,Karnataka,2023-09-14
C007111,Pallavi Mukherjee,Rajkot,Assam,2023-04-10
C007112,Bishakha Seth,Nagaon,Madhya Pradesh,2023-10-13
C007113,Nicholas Mohan,Sangli-Miraj & Kupwad,Haryana,2025-12-08
C007114,Maanas Bhandari,Madurai,Meghalaya,2024-08-06
C007115,Advika Nagi,Medininagar,Arunachal Pradesh,2021-11-12
C007116,Janya Srinivas,Saharsa,Madhya Pradesh,2023-09-20
C007117,Warinder Chakraborty,Yamunanagar,West Bengal,2025-10-02
C007118,Thomas Kala,Raiganj,Madhya Pradesh,2024-05-21
C007119,Chakrika Zachariah,Mangalore,Tamil Nadu,2024-03-19
C007120,Mahika Verma,Noida,Nagaland,2024-09-29
C007121,Garima Gopal,Srinagar,Andhra Pradesh,2022-08-13
C007122,Dayita Mitter,Jamalpur,West Bengal,2024-04-20
C007123,Lohit Agrawal,Gopalpur,Arunachal Pradesh,2024-10-12
C007124,Unnati Atwal,Guntur,Goa,2022-07-16
C007125,Tanmayi Narasimhan,Guntur,Kerala,2023-10-20
C007126,Falan Bal,Belgaum,Andhra Pradesh,2023-12-31
C007127,Charles Karpe,Mira-Bhayandar,Mizoram,2022-03-28
C007128,Mason Setty,Hindupur,Karnataka,2025-06-23
C007129,Ishanvi Contractor,Chinsurah,Gujarat,2025-08-09
C007130,Daksh Tak,Rajpur Sonarpur,Gujarat,2021-11-10
C007131,Nathan Palla,Bhind,Madhya Pradesh,2025-04-26
C007132,Owen Dalal,Unnao,Jharkhand,2025-03-21
C007133,Hardik Johal,Avadi,Kerala,2026-07-28
C007134,Peter Pillai,Etawah,Madhya Pradesh,2023-01-08
C007135,Onveer Nanda,Ballia,Telangana,2026-06-27
C007136,Chameli Borde,Panchkula,Kerala,2023-06-08
C007137,Prisha Hayre,Miryalaguda,Tamil Nadu,2023-02-26
C007138,Omisha Master,Tinsukia,Maharashtra,2024-04-25
C007139,Rajeshri Sahni,North Dumdum,Sikkim,2025-11-21
C007140,Aayush Nagy,Kishanganj,Maharashtra,2024-10-09
C007141,Meghana Shetty,Parbhani,West Bengal,2024-07-13
C007142,Hardik Prasad,Satara,Punjab,2022-10-31
C007143,Nitara Thakur,Delhi,Jharkhand,2023-01-27
C007144,Adweta Purohit,Tadipatri,Kerala,2022-01-22
C007145,Chandani Ranganathan,Chennai,Tamil Nadu,2024-12-23
C007146,Yashica Goswami,Patna,Tamil Nadu,2024-03-06
C007147,Omisha Dhar,Bathinda,Andhra Pradesh,2023-01-18
C007148,Nakul Gole,Akola,Bihar,2023-03-27
C007149,Advik Ghosh,Bilaspur,Tamil Nadu,2024-11-30
C007150,Waida Radhakrishnan,North Dumdum,Telangana,2022-06-25
C007151,Yasti Shetty,Gudivada,West Bengal,2025-09-03
C007152,Divya Chatterjee,Kavali,Karnataka,2024-01-04
C007153,Wridesh Munshi,Ambattur,Karnataka,2025-12-02
C007154,Ekalinga Sant,Rajahmundry,Kerala,2024-07-21
C007155,Kiaan Solanki,Vijayawada,Chhattisgarh,2021-09-21
C007156,Dominic Chakraborty,Barasat,Tripura,2026-07-22
C007157,Zaid Bhatnagar,Vijayawada,Jharkhand,2025-04-07
C007158,Shaurya Sampath,Buxar,Nagaland,2022-06-26
C007159,Divya Agate,Pondicherry,Punjab,2024-12-23
C007160,Sneha Luthra,Bhopal,West Bengal,2024-09-29
C007161,Jeevika Venkatesh,Firozabad,Sikkim,2024-02-20
C007162,Anjali Ganguly,Pune,Tamil Nadu,2024-03-19
C007163,Anay Upadhyay,Hubli–Dharwad,Mizoram,2023-04-03
C007164,Ekani Madan,Kirari Suleman Nagar,Nagaland,2025-06-07
C007165,Ekta Narasimhan,Dindigul,Jharkhand,2022-09-06
C007166,Jai Bava,Berhampore,Kerala,2025-06-22
C007167,Aarnav Savant,Ludhiana,West Bengal,2025-01-30
C007168,Pallavi Majumdar,Rajpur Sonarpur,Tripura,2024-10-08
C007169,Onveer Lala,Nadiad,West Bengal,2024-04-29
C007170,Janya Yohannan,Shivpuri,Manipur,2022-03-10
C007171,Karan Deshpande,Khora ,Uttarakhand,2022-08-09
C007172,Lipika Krishnamurthy,Raebareli,Andhra Pradesh,2026-02-13
C007173,Widisha Samra,Surat,Andhra Pradesh,2023-02-09
C007174,Irya Bose,Indore,Punjab,2023-11-13
C007175,Leela Choudhary,Nandyal,Gujarat,2023-11-19
C007176,Robert Pal,Kollam,Gujarat,2025-09-19
C007177,Yauvani Luthra,Latur,Telangana,2026-04-06
C007178,Widisha Agate,Kishanganj,Mizoram,2022-06-02
C007179,Jagdish Kashyap,Bhalswa Jahangir Pur,Punjab,2024-06-08
C007180,Sathvik Jaggi,Shimoga,Haryana,2023-01-30
C007181,Finn Sathe,Kirari Suleman Nagar,Tripura,2022-07-02
C007182,Vrishti Thakur,Madanapalle,Maharashtra,2023-09-15
C007183,Yashvi Sundaram,Anand,Telangana,2022-04-01
C007184,Orinder Gera,Guna,Chhattisgarh,2023-03-16
C007185,Dalaja Manda,Mathura,West Bengal,2024-05-15
C007186,Vritti Varma,Vijayanagaram,Himachal Pradesh,2026-08-26
C007187,Vamakshi Choudhury,Ramagundam,Chhattisgarh,2024-07-24
C007188,Alexander Grewal,Dehradun,Chhattisgarh,2024-01-02
C007189,Wishi Bassi,Panvel,Uttar Pradesh,2023-07-25
C007190,William Talwar,Bally,Gujarat,2023-11-08
C007191,Udarsh Bhargava,Bhalswa Jahangir Pur,Odisha,2023-02-11
C007192,Gavin Tank,Rajahmundry,Haryana,2024-08-14
C007193,Viraj Rege,Ujjain,Arunachal Pradesh,2022-05-11
C007194,Nachiket Sur,Begusarai,Kerala,2024-02-11
C007195,Parth Bumb,Kharagpur,Manipur,2021-09-27
C007196,Omisha Gala,Kottayam,Chhattisgarh,2022-07-25
C007197,Amrita Anne,Burhanpur,Maharashtra,2024-01-31
C007198,Tanay Ramachandran,Ramgarh,Chhattisgarh,2022-08-27
C007199,Gaurangi Bassi,Vasai-Virar,Haryana,2023-12-20
C007200,Krishna Narain,Gudivada,Chhattisgarh,2026-06-16
C007201,Bhavika Trivedi,Raurkela Industrial Township,Himachal Pradesh,2026-08-19
C007202,Reva Dhaliwal,Durg,Manipur,2022-11-29
C007203,Bhavya Suri,Farrukhabad,Chhattisgarh,2022-07-31
C007204,Jalsa Sabharwal,Jehanabad,Himachal Pradesh,2026-08-28
C007205,Adya Rajagopalan,Salem,West Bengal,2024-01-28
C007206,Aarna Mody,Mirzapur,Meghalaya,2024-04-18
C007207,Brinda Nadkarni,Ratlam,Chhattisgarh,2026-01-06
C007208,Chanchal Raghavan,Pune,Nagaland,2023-08-13
C007209,Zashil Khanna,Fatehpur,Nagaland,2024-02-29
C007210,Faraj Khanna,Rajahmundry,Tripura,2025-05-19
C007211,Harini Lad,Tadepalligudem,Gujarat,2025-10-24
C007212,Veda Deo,Bhilai,Kerala,2023-10-20
C007213,Nihal Kurian,Dehradun,Karnataka,2021-09-04
C007214,Shivansh Maharaj,Gaya,Jharkhand,2025-09-14
C007215,Pranit Karpe,Ulhasnagar,Arunachal Pradesh,2025-06-12
C007216,Ekapad Subramanian,Thrissur,Uttarakhand,2025-09-22
C007217,Charles Sanghvi,Nanded,Haryana,2026-05-27
C007218,Tamanna Kadakia,Serampore,Goa,2022-06-28
C007219,Harita Wagle,Jaunpur,Kerala,2024-09-11
C007220,Ojasvi Kara,Chandigarh,Mizoram,2024-01-21
C007221,Harish Bhat,Guna,Odisha,2026-08-02
C007222,Jason Chaudhry,Bokaro,Nagaland,2022-09-08
C007223,Wahab Mangal,Delhi,Maharashtra,2023-11-01
C007224,Sai Nagar,Maheshtala,Uttar Pradesh,2024-04-16
C007225,Raghav Mander,Navi Mumbai,Tripura,2025-06-12
C007226,Advik Madan,Buxar,Sikkim,2023-07-02
C007227,Bishakha Divan,Thiruvananthapuram,Uttarakhand,2021-12-08
C007228,Faris Sharaf,Gorakhpur,Madhya Pradesh,2023-04-21
C007229,Kiaan Memon,Delhi,Sikkim,2026-01-19
C007230,Onkar Mohan,Nangloi Jat,Mizoram,2023-09-12
C007231,Vedika Dani,Gwalior,Goa,2024-10-10
C007232,Rachana Brahmbhatt,Siliguri,Jharkhand,2022-08-12
C007233,Urishilla Gaba,Ramagundam,Rajasthan,2024-09-22
C007234,Baljiwan Sastry,Aurangabad,Odisha,2022-04-27
C007235,Luke Zachariah,Guwahati,Assam,2026-06-22
C007236,Waida Toor,Aligarh,Maharashtra,2025-02-11
C007237,Daksh Chhabra,Faridabad,Kerala,2024-01-05
C007238,Ansh Dhawan,Bahraich,Madhya Pradesh,2022-03-02
C007239,Jonathan Kapadia,Pali,Chhattisgarh,2024-07-20
C007240,Jhalak Chanda,Visakhapatnam,Andhra Pradesh,2023-07-01
C007241,Nirja Yogi,Chittoor,West Bengal,2024-04-27
C007242,Vaishnavi Khalsa,Hospet,Rajasthan,2022-06-09
C007243,Jasmit Thakkar,Munger,Haryana,2022-01-25
C007244,Hredhaan Ghosh,Jorhat,Goa,2023-04-19
C007245,Rishi Som,Bathinda,Uttarakhand,2022-08-17
C007246,Liam Verma,Tiruppur,Tripura,2022-05-26
C007247,Mitesh Rai,Muzaffarpur,Manipur,2021-11-15
C007248,Balhaar Rajagopal,Durg,Nagaland,2023-02-23
C007249,Nathaniel Dua,Anantapur,Jharkhand,2025-01-03
C007250,Arya Talwar,Korba,Uttar Pradesh,2022-04-26
C007251,George Mishra,Raichur,Punjab,2022-02-13
C007252,Lekha Nigam,Raichur,Telangana,2024-01-24
C007253,Samar Sastry,Rohtak,Maharashtra,2025-04-09
C007254,Leena Dass,Alappuzha,Tamil Nadu,2025-10-06
C007255,Ethan Tailor,Gandhidham,Odisha,2021-10-06
C007256,Ishani Nayak,Asansol,Jharkhand,2023-02-12
C007257,Jagvi Sane,Siliguri,Kerala,2024-02-14
C007258,Charles Prashad,Berhampur,Meghalaya,2022-05-16
C007259,Balveer Gulati,Sasaram,Punjab,2025-10-18
C007260,Ekapad Chopra,Ranchi,Bihar,2024-08-16
C007261,Hemal Keer,Udaipur,Assam,2022-06-24
C007262,Ati Goswami,Kolkata,Assam,2024-08-13
C007263,Advika Kala,Phagwara,Uttar Pradesh,2022-03-07
C007264,Avi Wali,Sonipat,Mizoram,2024-10-21
C007265,Yadavi Kapur,Bhilwara,Karnataka,2023-11-25
C007266,Kashvi Sen,Bhilwara,Chhattisgarh,2024-08-20
C007267,Neel Bhardwaj,Kakinada,Madhya Pradesh,2026-03-05
C007268,Vansha Narain,Kottayam,Himachal Pradesh,2026-08-23
C007269,Falak Bhatia,Nagaon,West Bengal,2025-05-01
C007270,Pratyush Nadkarni,Howrah,Tripura,2026-01-06
C007271,Gauri Wagle,Tinsukia,West Bengal,2025-02-06
C007272,Advika Prakash,Moradabad,West Bengal,2023-07-23
C007273,Bhanumati Sachar,Madurai,Rajasthan,2026-06-14
C007274,Ucchal Nayar,Thrissur,Manipur,2022-07-24
C007275,Abhiram Din,Pudukkottai,Rajasthan,2024-12-11
C007276,Eesha Borah,Etawah,Manipur,2022-02-19
C007277,Samar Golla,Phusro,Tamil Nadu,2023-10-03
C007278,Faraj Kant,Amritsar,Jharkhand,2024-04-25
C007279,Anusha Chokshi,Sangli-Miraj & Kupwad,Tamil Nadu,2026-06-19
C007280,Ekavir Bhandari,Purnia,Meghalaya,2024-06-15
C007281,Lila Kapadia,Loni,Odisha,2023-12-05
C007282,Ekavir Chand,Solapur,Uttarakhand,2023-04-12
C007283,Yuvraj Sundaram,Tadipatri,Manipur,2022-07-11
C007284,Nisha Shanker,Suryapet,Manipur,2025-09-18
C007285,Vamakshi Kalita,Erode,Uttar Pradesh,2026-07-10
C007286,Sara Pai,Pallavaram,Jharkhand,2025-03-08
C007287,Frado Bassi,Silchar,Rajasthan,2025-06-05
C007288,Brinda Behl,Hindupur,Tamil Nadu,2025-08-05
C007289,Dev Varghese,Mira-Bhayandar,Kerala,2025-01-19
C007290,Ekbal Anand,Bareilly,Andhra Pradesh,2026-02-22
C007291,Yagnesh Setty,Chennai,Meghalaya,2022-03-12
C007292,Harish Ahuja,Kolhapur,Chhattisgarh,2022-08-28
C007293,Meghana Kamdar,Imphal,Bihar,2021-12-20
C007294,Faraj Bir,Buxar,Gujarat,2023-12-13
C007295,Abdul Raja,Junagadh,Punjab,2026-01-26
C007296,Dhruv Baral,Ichalkaranji,Punjab,2024-04-04
C007297,Finn Sandal,Mangalore,Nagaland,2022-12-09
C007298,Janani Choudhury,Bardhaman,Tripura,2022-10-24
C007299,Yashica Raju,Bhiwani,Manipur,2022-11-27
C007300,Dev Sundaram,Bhatpara,Uttarakhand,2024-06-11
C007301,Charvi Ramakrishnan,Khammam,Arunachal Pradesh,2022-12-31
C007302,Naksh Chacko,Anantapur,Uttarakhand,2023-11-27
C007303,Garima Shukla,Tadipatri,Uttarakhand,2024-06-17
C007304,Onkar Menon,Chandrapur,Rajasthan,2022-11-03
C007305,Tanveer Konda,Mangalore,Haryana,2022-08-24
C007306,Ekani Mani,Mehsana,Bihar,2023-04-26
C007307,Aarnav Dubey,Rewa,Assam,2023-06-03
C007308,Akshay Keer,Loni,Maharashtra,2025-06-27
C007309,Turvi Mammen,Kadapa,Goa,2023-03-06
C007310,Advay Tara,Srikakulam,Arunachal Pradesh,2022-01-14
C007311,Rachana Karpe,Adoni,Madhya Pradesh,2025-03-19
C007312,Saumya Sarkar,Tezpur,Madhya Pradesh,2021-12-07
C007313,Radha Muni,Kalyan-Dombivli,Himachal Pradesh,2025-11-08
C007314,Oeshi Mishra,Bardhaman,Uttarakhand,2024-05-23
C007315,Daksha Ray,Bhind,Manipur,2022-09-01
C007316,Shravya Choudhry,Davanagere,Himachal Pradesh,2023-02-01
C007317,Yadavi Kakar,Saharsa,West Bengal,2025-08-12
C007318,Madhav Ghose,Burhanpur,Maharashtra,2024-05-22
C007319,Bimala Dave,Farrukhabad,Tripura,2024-02-16
C007320,Dalaja Oommen,Allahabad,Gujarat,2021-12-02
C007321,Nachiket Chaudhry,Muzaffarpur,Madhya Pradesh,2025-03-14
C007322,Chaaya Parmer,Begusarai,Nagaland,2023-02-17
C007323,Laban Kothari,Thoothukudi,Telangana,2023-09-30
C007324,Ikshita Ram,Kottayam,Uttar Pradesh,2023-01-16
C007325,Ojasvi Patla,Arrah,Jharkhand,2022-12-06
C007326,Timothy Acharya,Panihati,Haryana,2025-08-20
C007327,Elijah Brahmbhatt,Sirsa,Meghalaya,2021-09-24
C007328,Deepa Chakraborty,Vijayawada,Kerala,2026-02-27
C007329,Lajita Dube,Coimbatore,Kerala,2023-09-26
C007330,Naveen Borah,Secunderabad,Nagaland,2025-08-07
C007331,Geetika Barad,Gandhinagar,Gujarat,2025-06-24
C007332,Arin Pillay,Medininagar,Tripura,2022-10-30
C007333,Kamala Bhatt,Mahbubnagar,Nagaland,2022-06-14
C007334,Azaan Lanka,Korba,Andhra Pradesh,2021-12-19
C007335,Tripti Sura,Durgapur,Tripura,2021-10-13
C007336,Gautami Ranganathan,Ulhasnagar,Manipur,2025-03-06
C007337,Abhiram Vora,Eluru,West Bengal,2023-05-07
C007338,Meera Saxena,Kamarhati,Tamil Nadu,2022-07-09
C007339,Dayamai Koshy,Ghaziabad,Manipur,2024-07-21
C007340,Yahvi Soni,Bally,Bihar,2023-12-05
C007341,Rachana Manne,Guntakal,Haryana,2021-12-04
C007342,Aarini Raj,Ichalkaranji,Gujarat,2025-12-20
C007343,Yashawini Bhatnagar,Mehsana,Jharkhand,2022-10-22
C007344,Deepa Behl,Katihar,Jharkhand,2025-09-13
C007345,Yatin Master,Naihati,Chhattisgarh,2025-12-27
C007346,Neel Mody,Medininagar,Manipur,2026-06-18
C007347,Rachit Mani,Hapur,Tamil Nadu,2024-03-04
C007348,Ati Doshi,Jaipur,Andhra Pradesh,2022-08-16
C007349,Mugdha Dani,Bhalswa Jahangir Pur,Manipur,2026-02-22
C007350,Ati Prabhu,Buxar,Telangana,2021-12-06
C007351,Ria Rai,Warangal,Telangana,2025-05-01
C007352,Tanveer Khalsa,New Delhi,Telangana,2021-09-26
C007353,Joshua Pal,Thiruvananthapuram,Punjab,2024-07-05
C007354,Kala Ratta,Malda,Uttarakhand,2025-10-23
C007355,Hitesh Gill,Sangli-Miraj & Kupwad,Jharkhand,2024-09-29
C007356,Azad Das,Bareilly,Telangana,2022-08-29
C007357,Sai Panchal,Pallavaram,Haryana,2023-06-02
C007358,Rohan Sabharwal,Durg,Uttarakhand,2026-06-15
C007359,Jeet Nayar,Sonipat,Maharashtra,2026-08-04
C007360,Deepa Kannan,Motihari,Meghalaya,2022-04-05
C007361,Ekapad Kashyap,Narasaraopet,Gujarat,2024-08-17
C007362,Daksh Palla,Siwan,Tripura,2023-02-22
C007363,Rachita Dutt,Kakinada,Punjab,2025-04-10
C007364,Rushil Jaggi,Chinsurah,Assam,2022-12-23
C007365,Lohit Salvi,Proddatur,Jharkhand,2022-12-19
C007366,Vasana Narayanan,Satna,Haryana,2025-01-15
C007367,Laksh Batta,Raichur,Arunachal Pradesh,2024-12-05
C007368,Hemang Dave,Tenali,Mizoram,2024-06-20
C007369,Bishakha Brar,Baranagar,Uttarakhand,2026-07-12
C007370,Samesh Chaudhary,Chandigarh,Karnataka,2024-11-28
C007371,Devika Balakrishnan,Munger,Telangana,2022-09-23
C007372,Zarna Barman,Hyderabad,Tamil Nadu,2023-10-02
C007373,Zaid Gara,Uluberia,Telangana,2022-09-15
C007374,Onveer Dhillon,Purnia,Uttarakhand,2024-09-04
C007375,Girik Iyengar,Gandhidham,Telangana,2023-09-17
C007376,Farhan Mannan,Pondicherry,Himachal Pradesh,2024-04-13
C007377,Ayushman Agrawal,Jalna,Uttar Pradesh,2024-07-12
C007378,Vrinda Singh,Bhilai,Rajasthan,2024-02-28
C007379,Hiral Chaudhry,Jalandhar,Madhya Pradesh,2023-09-29
C007380,Parth Peri,Latur,Tamil Nadu,2025-05-08
C007381,Balveer Natarajan,Nagercoil,Manipur,2025-12-18
C007382,Netra Bhalla,Howrah,Goa,2024-07-11
C007383,Tanmayi Raj,Purnia,Arunachal Pradesh,2024-12-13
C007384,Anirudh Varma,Siliguri,Maharashtra,2022-05-12
C007385,Osha Varghese,Serampore,Kerala,2023-06-11
C007386,Lekha Kumar,Gopalpur,West Bengal,2022-07-30
C007387,Devansh Gole,Kanpur,Sikkim,2023-11-16
C007388,Rajata Venkatesh,Kottayam,West Bengal,2023-06-15
C007389,Lipika Bedi,Kolkata,Assam,2026-05-12
C007390,Abhimanyu Varghese,Aligarh,Madhya Pradesh,2023-07-05
C007391,Tanveer Dhillon,Jodhpur,Odisha,2022-06-22
C007392,Hitesh Warrior,Mahbubnagar,Chhattisgarh,2022-06-26
C007393,Gaurangi Agate,Loni,Assam,2025-08-15
C007394,Tanmayi Sama,Kota,Mizoram,2021-12-08
C007395,Ria Nagarajan,Cuttack,Maharashtra,2022-10-12
C007396,Gabriel Nath,Kadapa,Punjab,2023-07-30
C007397,Yashvi Chhabra,Junagadh,Karnataka,2022-05-07
C007398,Vrinda Iyer,Tiruppur,Assam,2025-08-01
C007399,Yatan D’Alia,Anantapur,Chhattisgarh,2025-10-27
C007400,Qabil Padmanabhan,Tadepalligudem,Haryana,2025-11-06
C007401,Kala Bhatnagar,Kadapa,Chhattisgarh,2024-05-22
C007402,Panini Nazareth,Yamunanagar,Gujarat,2022-08-06
C007403,Omkaar Singh,Ozhukarai,Himachal Pradesh,2026-03-19
C007404,Odika Gera,Jammu,Jharkhand,2022-09-12
C007405,Gauri Bajwa,Panihati,Jharkhand,2025-01-31
C007406,Urvashi Mukhopadhyay,Dibrugarh,Manipur,2024-06-08
C007407,Charvi Merchant,Satna,Jharkhand,2023-10-25
C007408,Ishwar Varma,Bellary,Punjab,2026-05-29
C007409,Hitesh Datta,Anantapur,Mizoram,2026-04-14
C007410,Urishilla Mammen,Etawah,Arunachal Pradesh,2023-07-09
C007411,Harini Bhatti,Tirupati,Tripura,2024-11-21
C007412,Chatura Sagar,Gurgaon,Punjab,2026-06-14
C007413,Theodore Swaminathan,Durg,Meghalaya,2025-11-06
C007414,Vedant Morar,Dehradun,Karnataka,2023-09-10
C007415,Adya Chahal,Khandwa,Kerala,2025-07-26
C007416,Sanaya Sama,Ambarnath,Maharashtra,2022-12-31
C007417,Oviya Tara,Noida,Punjab,2023-08-25
C007418,Keya Sastry,Malda,Himachal Pradesh,2024-04-24
C007419,Bahadurjit Krishnamurthy,Bhimavaram,Meghalaya,2022-09-14
C007420,Zinal Grewal,Ahmedabad,Gujarat,2024-01-03
C007421,Yatan Nayak,Morena,Telangana,2022-08-18
C007422,Rudra Deshmukh,Rajpur Sonarpur,Assam,2021-10-03
C007423,Mekhala Rana,Junagadh,Tamil Nadu,2024-09-21
C007424,Yachana Loke,Danapur,Uttar Pradesh,2025-12-26
C007425,Unni Vora,Etawah,West Bengal,2025-12-03
C007426,Ishani Shroff,Guwahati,Bihar,2024-02-25
C007427,Tara Memon,Jabalpur,Rajasthan,2022-02-15
C007428,Peter Kar,Jalandhar,Andhra Pradesh,2026-04-01
C007429,Kiaan Tak,Katni,Mizoram,2025-04-14
C007430,Madhav Badami,Berhampur,Goa,2024-12-09
C007431,Darpan Kari,Ratlam,Chhattisgarh,2023-11-21
C007432,Gopal Mahajan,Thane,Telangana,2025-06-07
C007433,Kashvi Chandran,Thrissur,Karnataka,2023-03-06
C007434,Kashvi Soni,Meerut,Haryana,2026-07-06
C007435,Ekavir Balasubramanian,Tezpur,Goa,2025-09-23
C007436,Charvi Nadig,Nagaon,Maharashtra,2026-04-13
C007437,Mitali Boase,Tezpur,Manipur,2025-02-28
C007438,Krisha Doshi,Thiruvananthapuram,Karnataka,2024-03-20
C007439,Netra Bir,Ambattur,West Bengal,2022-09-09
C007440,Rudra Vala,Avadi,Nagaland,2026-07-26
C007441,Yash Bhatti,Dhanbad,Arunachal Pradesh,2026-01-31
C007442,Brijesh Muni,Ludhiana,West Bengal,2023-02-26
C007443,Hemang Seshadri,Thrissur,Madhya Pradesh,2023-10-21
C007444,Yagnesh Swaminathan,Bellary,Assam,2023-05-28
C007445,Manthan Mukhopadhyay,Jalna,Rajasthan,2025-05-28
C007446,Yauvani Subramaniam,Ujjain,West Bengal,2022-04-20
C007447,Upasna Menon,Phagwara,Goa,2022-07-03
C007448,Hemang Talwar,Shimla,Himachal Pradesh,2026-04-10
C007449,Faris Oak,Nangloi Jat,Tripura,2024-07-13
C007450,Vritti Sama,Jodhpur,Haryana,2022-11-20
C007451,Darpan Maharaj,Jodhpur,Punjab,2025-03-27
C007452,George Randhawa,Tirunelveli,Meghalaya,2022-06-12
C007453,Indali Sule,Khandwa,Karnataka,2026-03-08
C007454,Yashica Sarin,Kakinada,Manipur,2026-01-06
C007455,Saumya Shere,Madhyamgram,Bihar,2023-03-06
C007456,Robert Chadha,Nadiad,Telangana,2025-09-24
C007457,Vrishti Apte,Warangal,Goa,2025-05-24
C007458,Naveen Malhotra,Naihati,Goa,2025-06-05
C007459,Rohan Acharya,Muzaffarnagar,Punjab,2026-04-20
C007460,Xiti Baral,Baranagar,Maharashtra,2024-07-23
C007461,Gagan Zachariah,Hosur,Rajasthan,2024-04-01
C007462,Anita Hari,Chennai,Gujarat,2026-08-11
C007463,Ojas Radhakrishnan,Orai,Meghalaya,2021-11-18
C007464,Upma Peri,Pallavaram,Nagaland,2024-10-17
C007465,Falak Sule,Anantapur,Gujarat,2021-09-13
C007466,Abha Sahota,Tiruppur,Andhra Pradesh,2025-12-17
C007467,Tristan Dayal,Malegaon,Kerala,2025-07-31
C007468,Anirudh Kuruvilla,Durgapur,Goa,2025-04-01
C007469,Damini Khare,Delhi,Odisha,2024-01-21
C007470,Kala Sawhney,Navi Mumbai,Jharkhand,2026-07-07
C007471,Panini Sami,Ulhasnagar,Uttar Pradesh,2023-10-26
C007472,Raksha Sangha,Panihati,Nagaland,2022-12-16
C007473,Vasana Boase,Dhanbad,Chhattisgarh,2023-11-01
C007474,Priya Mahajan,Jaunpur,Rajasthan,2026-08-30
C007475,Lopa Sridhar,Rajahmundry,Tripura,2023-05-23
C007476,Yashasvi Hayre,Hajipur,Manipur,2025-04-26
C007477,Mohini Vig,Hapur,Mizoram,2022-09-16
C007478,Shivansh Saraf,Burhanpur,Kerala,2023-03-14
C007479,Zaid Natarajan,Pallavaram,Uttar Pradesh,2023-09-02
C007480,Vritti Kaul,Guntur,Bihar,2026-08-06
C007481,Krisha Varty,Kavali,Madhya Pradesh,2021-12-03
C007482,Sathvik Mann,Hindupur,Uttarakhand,2024-08-25
C007483,Megha Sheth,Jamnagar,Maharashtra,2025-05-10
C007484,Gaurang Bhalla,Sambhal,Manipur,2025-07-20
C007485,Odika Savant,Madanapalle,Meghalaya,2022-04-21
C007486,Chakradev Parmer,Bilaspur,Maharashtra,2025-12-05
C007487,Teerth Bali,Thrissur,Tamil Nadu,2025-10-18
C007488,Brijesh Samra,Bardhaman,Chhattisgarh,2024-12-18
C007489,Christopher Keer,Saharanpur,Himachal Pradesh,2026-05-24
C007490,Wishi Guha,Etawah,Bihar,2026-02-26
C007491,Indrajit Yadav,Singrauli,Assam,2023-06-19
C007492,Charvi Bail,Patiala,Kerala,2025-09-07
C007493,Aishani Sibal,Kurnool,Punjab,2026-05-08
C007494,Vamakshi Din,Nagaon,Karnataka,2021-12-16
C007495,Udyati Dey,Ambattur,Mizoram,2024-09-06
C007496,Avi Vaidya,Raebareli,Sikkim,2026-07-02
C007497,Amrita Munshi,Khammam,Assam,2023-12-09
C007498,Dayita Thakur,Rajahmundry,Kerala,2025-10-24
C007499,Anjali Kara,Pondicherry,Haryana,2024-11-28
C007500,Manya Chaudhry,Morbi,Meghalaya,2026-07-18
C007501,Tanmayi Dhar,Nanded,Chhattisgarh,2025-04-25
C007502,Kritika Chad,New Delhi,Haryana,2021-12-15
C007503,Manbir Taneja,Bhavnagar,Manipur,2024-10-02
C007504,Vamakshi Saini,Junagadh,Tamil Nadu,2026-06-15
C007505,Balvan Nagar,Nizamabad,Kerala,2023-09-16
C007506,Advaith Dada,Hazaribagh,West Bengal,2022-04-06
C007507,Baljiwan Tank,Chennai,Arunachal Pradesh,2021-11-17
C007508,Faris Pall,Bettiah,Kerala,2026-07-01
C007509,Naksh Dhawan,Bardhaman,Karnataka,2024-09-09
C007510,Hamsini Goswami,Bokaro,Chhattisgarh,2022-06-25
C007511,Dayamai Mammen,Jhansi,Punjab,2026-07-12
C007512,Frederick Sekhon,Phusro,Punjab,2023-05-11
C007513,Charles Khare,Ratlam,Maharashtra,2026-08-18
C007514,Benjamin Subramaniam,Karnal,Telangana,2025-05-14
C007515,Dhruv Arya,Dhule,Maharashtra,2022-08-13
C007516,Logan Venkataraman,Jalna,Arunachal Pradesh,2025-12-09
C007517,Devansh Setty,Nagpur,Sikkim,2024-11-10
C007518,Maanav Biswas,Satara,Chhattisgarh,2026-04-20
C007519,Zilmil Ranganathan,Dibrugarh,Odisha,2023-08-29
C007520,Rachit Mangat,Karimnagar,Chhattisgarh,2022-04-20
C007521,Champak Nagi,Faridabad,Nagaland,2023-04-12
C007522,Gopal Doctor,Meerut,Himachal Pradesh,2026-04-24
C007523,Oviya Nanda,Pudukkottai,Nagaland,2022-03-30
C007524,Anita Aurora,Tinsukia,Uttarakhand,2025-04-21
C007525,Darika Sharaf,Gaya,Meghalaya,2022-02-06
C007526,Zehaan Uppal,Farrukhabad,Mizoram,2025-09-05
C007527,Gayathri Rastogi,Jamnagar,Haryana,2021-11-24
C007528,Kamya Ramanathan,Bhimavaram,Rajasthan,2024-04-16
C007529,Mahika Chokshi,Hyderabad,West Bengal,2022-06-29
C007530,Timothy Natt,Erode,Madhya Pradesh,2024-11-08
C007531,Rachita Bhakta,Bhopal,Kerala,2021-11-03
C007532,Kashish Shankar,Ozhukarai,Meghalaya,2026-03-28
C007533,Vamakshi Kothari,Madanapalle,Jharkhand,2025-10-23
C007534,Upkaar Shenoy,Tezpur,Uttarakhand,2022-01-07
C007535,Eshana Dua,Tezpur,Telangana,2024-12-17
C007536,Jeet Bala,Sirsa,Maharashtra,2023-12-24
C007537,Ekavir Morar,Chandrapur,Sikkim,2023-08-08
C007538,Faris Chaudhuri,Amaravati,Arunachal Pradesh,2022-10-11
C007539,Omaja Deol,Shivpuri,Manipur,2023-04-19
C007540,Theodore Krish,Pudukkottai,Nagaland,2023-09-26
C007541,Adya Pingle,Kulti,Meghalaya,2026-03-17
C007542,Sarthak More,Bellary,Uttar Pradesh,2023-05-02
C007543,Yutika Savant,Jamnagar,Uttar Pradesh,2024-10-06
C007544,Ekaja Raval,Haridwar,Tripura,2026-03-09
C007545,Gauri Baria,Dhanbad,Tamil Nadu,2024-09-23
C007546,Tanveer D’Alia,Nandyal,Uttarakhand,2024-10-31
C007547,George Murthy,Korba,Sikkim,2026-04-15
C007548,Sudiksha Zachariah,Karaikudi,Rajasthan,2022-01-31
C007549,Sudiksha Mahal,Ichalkaranji,Mizoram,2026-01-31
C007550,Idika Comar,Gopalpur,Maharashtra,2025-02-13
C007551,Harita Krishnan,Malda,Assam,2021-12-19
C007552,Niharika Patla,Ajmer,Madhya Pradesh,2024-12-27
C007553,Janaki Mannan,Thoothukudi,Haryana,2025-01-21
C007554,Widisha Taneja,Bhiwani,Kerala,2024-08-29
C007555,Om Karnik,Ichalkaranji,Tripura,2022-10-17
C007556,Harsh Sangha,Udaipur,Madhya Pradesh,2025-04-24
C007557,Yashvi Mukherjee,Hajipur,Rajasthan,2024-12-31
C007558,Devika Rajan,Motihari,Mizoram,2023-08-27
C007559,Tejas Nayak,Dindigul,Tripura,2023-06-03
C007560,Gabriel Patel,Kollam,Assam,2023-05-04
C007561,Raagini Comar,Raiganj,Andhra Pradesh,2023-01-22
C007562,Yashawini Mann,Maheshtala,Jharkhand,2024-04-09
C007563,Rehaan Sehgal,Akola,Haryana,2022-08-08
C007564,Lajita Borra,Proddatur,Goa,2023-02-10
C007565,Harita Virk,Thiruvananthapuram,Bihar,2023-07-01
C007566,Warhi Modi,Dehri,Manipur,2024-04-12
C007567,Anusha Bala,Jammu,Punjab,2025-09-19
C007568,Oni Chawla,Sri Ganganagar,Maharashtra,2024-07-27
C007569,Vedhika Bhakta,Amravati,Mizoram,2023-09-24
C007570,Adweta Dixit,Amravati,Assam,2025-12-20
C007571,Diya Lad,Satara,Assam,2026-08-22
C007572,Bimala Chawla,Bikaner,Mizoram,2025-05-04
C007573,Deepa Krishnamurthy,Jabalpur,Maharashtra,2022-05-28
C007574,Chanakya Rai,Medininagar,Bihar,2024-04-02
C007575,Eshana Kala,Kumbakonam,Tamil Nadu,2024-08-21
C007576,Anmol Char,Eluru,Punjab,2022-06-24
C007577,Radhika Chopra,Bihar Sharif,Assam,2024-08-24
C007578,Vedant Guha,Khandwa,Mizoram,2023-12-18
C007579,Gaurang Jaggi,Madurai,Rajasthan,2025-11-04
C007580,Alexander Ahluwalia,Bhubaneswar,Odisha,2024-11-06
C007581,Harsh Mistry,Kota,Jharkhand,2026-08-15
C007582,Hardik Mammen,Khammam,Nagaland,2023-04-11
C007583,Simon Rajagopal,Bhind,Goa,2025-01-06
C007584,Faras Varughese,Deoghar,Himachal Pradesh,2023-09-19
C007585,Lavanya Zachariah,Bettiah,Chhattisgarh,2025-08-25
C007586,Rohan Bajaj,Sirsa,Andhra Pradesh,2024-04-25
C007587,Anya Krishna,Delhi,Haryana,2021-11-07
C007588,Krishna Agate,Secunderabad,Tamil Nadu,2022-09-21
C007589,Yasti Chacko,Ahmednagar,Gujarat,2022-02-10
C007590,Peter Tailor,Mathura,Tamil Nadu,2022-11-04
C007591,Qadim Ganesan,Mehsana,Haryana,2025-04-17
C007592,Daniel Lala,Ulhasnagar,Rajasthan,2024-12-11
C007593,Garima Bava,Madhyamgram,Haryana,2024-09-12
C007594,Falak Dhaliwal,Gurgaon,Tripura,2024-10-11
C007595,Samesh Ben,Bhagalpur,Odisha,2025-08-24
C007596,Dalaja Pingle,Jammu,Sikkim,2024-08-12
C007597,Chaman Dhillon,Allahabad,Rajasthan,2024-11-23
C007598,Atharv Shanker,Bhind,Himachal Pradesh,2021-10-04
C007599,Gaurav Kuruvilla,Raipur,West Bengal,2024-12-14
C007600,Gavin Biswas,Kollam,Maharashtra,2024-10-14
C007601,Dayita Bawa,Karimnagar,Jharkhand,2023-02-20
C007602,Banjeet Basak,Warangal,Nagaland,2026-07-23
C007603,Oliver Gulati,Kurnool,Kerala,2025-08-06
C007604,Eiravati Mital,Kishanganj,Odisha,2023-02-01
C007605,Eshana Bhatt,Alwar,West Bengal,2025-10-19
C007606,Patrick Madan,Berhampore,Kerala,2025-01-19
C007607,Divya Chaudry,Kottayam,West Bengal,2026-01-11
C007608,Rajata Jaggi,Haldia,Meghalaya,2025-02-18
C007609,Idika Setty,Bhagalpur,Assam,2021-09-10
C007610,Oliver Datta,Sambalpur,Haryana,2026-01-19
C007611,Ishani Kade,Mangalore,Assam,2024-03-24
C007612,Yasti Kala,Tumkur,Sikkim,2024-06-26
C007613,Bhavya Toor,Tadipatri,Maharashtra,2026-02-02
C007614,Joshua Pathak,Serampore,West Bengal,2024-02-06
C007615,Balendra Handa,Kulti,Tripura,2024-07-21
C007616,Devansh Pandey,Unnao,Gujarat,2024-02-07
C007617,Osha Bail,Katihar,Telangana,2026-07-19
C007618,Aadhya Singhal,Secunderabad,Meghalaya,2024-05-23
C007619,Henry Badal,Solapur,Arunachal Pradesh,2023-06-24
C007620,Nicholas Gola,Kolhapur,Gujarat,2026-08-13
C007621,Januja Chhabra,Jalandhar,West Bengal,2025-03-20
C007622,Laban Halder,Miryalaguda,Kerala,2023-11-14
C007623,Adweta Date,Alappuzha,Uttarakhand,2023-08-17
C007624,Nitara Datta,Sagar,Himachal Pradesh,2024-05-19
C007625,Vaishnavi Cherian,Vadodara,Himachal Pradesh,2024-05-26
C007626,Maya Suresh,Kumbakonam,Nagaland,2025-12-01
C007627,Farhan Dash,Medininagar,Bihar,2023-06-08
C007628,Pahal Yadav,Gaya,Gujarat,2023-02-25
C007629,Ranveer Nazareth,Agartala,Maharashtra,2022-01-04
C007630,Rehaan Ram,Chandigarh,Arunachal Pradesh,2024-07-26
C007631,Fitan Sha,Belgaum,Gujarat,2026-04-30
C007632,Irya Memon,Sonipat,Chhattisgarh,2025-07-11
C007633,Rajeshri Edwin,Chennai,Goa,2023-06-30
C007634,Pushti Mane,Ballia,Haryana,2021-10-15
C007635,Yashodhara Brar,Ahmedabad,Meghalaya,2026-06-07
C007636,Warhi Ramanathan,Loni,Bihar,2026-07-05
C007637,Bina Sharma,Pali,Bihar,2023-02-20
C007638,Fiyaz Anand,Ajmer,Jharkhand,2022-06-09
C007639,Gayathri Chowdhury,Khammam,Mizoram,2025-01-13
C007640,Sneha Kade,Kurnool,Gujarat,2023-01-28
C007641,Bakhshi De,Alappuzha,Maharashtra,2025-12-06
C007642,Jyoti Zacharia,Rajpur Sonarpur,Assam,2022-06-03
C007643,Neel Bhavsar,Machilipatnam,Kerala,2022-05-19
C007644,Zehaan Shenoy,Srikakulam,Madhya Pradesh,2024-10-03
C007645,Sai Brar,Mau,Kerala,2025-05-25
C007646,Dominic Bath,Pimpri-Chinchwad,Sikkim,2022-11-21
C007647,Ganga Sachdeva,Proddatur,Rajasthan,2026-04-22
C007648,Leela Seth,Bathinda,West Bengal,2026-02-05
C007649,Samar Kumer,Maheshtala,Bihar,2023-11-22
C007650,Gauri Ganesh,Gulbarga,Kerala,2026-04-30
C007651,Chakradev Samra,Kolkata,Tripura,2026-01-08
C007652,Chaitanya Mahajan,Ramgarh,West Bengal,2026-08-21
C007653,Edhitha Dash,Vasai-Virar,Jharkhand,2021-09-06
C007654,Darpan Palla,Vijayawada,Tamil Nadu,2023-09-22
C007655,Varenya Mahajan,Ghaziabad,Tamil Nadu,2025-01-29
C007656,Oeshi Kumar,South Dumdum,Goa,2025-03-02
C007657,Sneha Deshmukh,Shimoga,Tamil Nadu,2023-07-13
C007658,Bhavika Oak,Ghaziabad,Telangana,2025-01-18
C007659,Bimala Date,Indore,Nagaland,2022-05-17
C007660,Barkha Malhotra,Arrah,Sikkim,2023-09-07
C007661,Geetika Grewal,Bhiwani,Mizoram,2023-03-03
C007662,Guneet Chaudry,Jamnagar,Jharkhand,2024-12-06
C007663,Jason Lad,Jorhat,Arunachal Pradesh,2025-10-25
C007664,Neel Anand,Dharmavaram,Tamil Nadu,2021-10-17
C007665,Yatin Parmar,Ratlam,Punjab,2022-04-28
C007666,Upasna Om,Noida,Bihar,2025-05-28
C007667,Krishna Palla,Mathura,Meghalaya,2025-09-11
C007668,Lopa Behl,Noida,Manipur,2025-09-25
C007669,Triveni Gole,Davanagere,Manipur,2022-05-26
C007670,Lakshit Banik,North Dumdum,Haryana,2023-09-16
C007671,Aryan Amble,Gaya,Karnataka,2024-12-02
C007672,Anita Saxena,Jabalpur,Gujarat,2023-09-02
C007673,Harish Parikh,Hindupur,Maharashtra,2025-12-11
C007674,Bina Zacharia,Sangli-Miraj & Kupwad,Chhattisgarh,2025-03-03
C007675,Rudra Chadha,Barasat,Gujarat,2021-10-24
C007676,Samuel Mukhopadhyay,Shahjahanpur,Assam,2024-09-09
C007677,Hema Hayre,Bhiwani,Meghalaya,2022-05-31
C007678,Nandini Mohan,Thiruvananthapuram,Karnataka,2022-05-17
C007679,Ekta Ganguly,Kottayam,Tripura,2022-10-26
C007680,Liam Nair,Tirupati,Mizoram,2024-05-24
C007681,Sanya Kakar,Kavali,West Bengal,2025-02-13
C007682,Raksha Shan,Jamalpur,Haryana,2023-07-19
C007683,Patrick Dar,Mumbai,Sikkim,2024-12-17
C007684,Abeer Sant,Hubli–Dharwad,Chhattisgarh,2023-05-02
C007685,Ekiya Mand,Bhatpara,Jharkhand,2023-11-20
C007686,Yahvi Jayaraman,Bidhannagar,Karnataka,2021-10-15
C007687,Mugdha Hegde,Mehsana,Rajasthan,2021-11-04
C007688,Amruta Contractor,Kota,West Bengal,2021-10-21
C007689,Jeremiah Rai,Kollam,Uttarakhand,2025-03-07
C007690,Oliver Shetty,Srinagar,Goa,2025-02-13
C007691,Dhriti Mane,Munger,Meghalaya,2025-03-22
C007692,Rachita Srinivas,Pali,Meghalaya,2023-03-31
C007693,Yoshita Rege,Kolkata,Uttar Pradesh,2022-06-03
C007694,Samuel Kannan,Morbi,Punjab,2026-06-08
C007695,Girindra Sethi,Tirunelveli,Rajasthan,2025-03-18
C007696,Jai Rajan,Sagar,West Bengal,2024-01-27
C007697,Indira Dar,Jaunpur,Kerala,2025-04-04
C007698,Ojasvi Barman,Tinsukia,Jharkhand,2026-08-16
C007699,Mason Rao,Gurgaon,Mizoram,2023-03-25
C007700,Yachana Shanker,Sambhal,Assam,2024-04-10
C007701,Advay Rai,Coimbatore,Sikkim,2024-10-19
C007702,Ranveer Dugar,Bidhannagar,Mizoram,2022-01-20
C007703,Caleb Sampath,Jhansi,Arunachal Pradesh,2023-07-23
C007704,Vasudha Bobal,Udaipur,Arunachal Pradesh,2022-10-31
C007705,Simon Bakshi,Muzaffarpur,West Bengal,2026-02-26
C007706,Ganga Chatterjee,Guntakal,Rajasthan,2022-12-22
C007707,Ucchal Dua,Thiruvananthapuram,Arunachal Pradesh,2023-05-28
C007708,Kamya Doctor,Rajahmundry,Odisha,2026-04-07
C007709,Ekansh Cherian,New Delhi,Rajasthan,2026-08-14
C007710,Upasna Kohli,Madanapalle,Goa,2025-05-25
C007711,Madhavi Sarma,Sambalpur,Madhya Pradesh,2021-09-23
C007712,Qabil De,Vellore,Karnataka,2022-07-20
C007713,Aadhya Lad,Sonipat,Manipur,2023-12-20
C007714,Arjun Rau,Lucknow,Madhya Pradesh,2026-02-25
C007715,Dayamai Misra,Dharmavaram,Mizoram,2025-05-26
C007716,Chandresh Ghose,Rajkot,Gujarat,2021-10-01
C007717,Zarna Magar,Bellary,Odisha,2022-09-06
C007718,Frado D’Alia,Bahraich,Odisha,2025-02-25
C007719,Robert Bail,Mumbai,Manipur,2024-01-16
C007720,Chatresh Mandal,Mathura,West Bengal,2023-02-12
C007721,Gunbir Ganesan,Ajmer,Tamil Nadu,2026-02-01
C007722,Aishani Choudhury,Chandigarh,Sikkim,2024-11-16
C007723,Nilima Gola,Howrah,Mizoram,2026-02-20
C007724,Ishwar Sangha,Mira-Bhayandar,Haryana,2025-12-19
C007725,Rohan Suri,Imphal,Meghalaya,2024-03-02
C007726,Baljiwan Kibe,Bulandshahr,Goa,2023-02-26
C007727,Gaurika Loyal,Khammam,Chhattisgarh,2024-09-22
C007728,Inaya Chacko,Muzaffarpur,Karnataka,2025-11-09
C007729,Jagat Sabharwal,Alwar,Tamil Nadu,2025-05-09
C007730,Xiti Maharaj,Aligarh,Uttarakhand,2023-04-13
C007731,Daniel Chaudhry,Mangalore,Uttarakhand,2022-07-10
C007732,Harita Dara,Suryapet,Kerala,2026-02-19
C007733,Jai Bera,Baranagar,Madhya Pradesh,2022-01-19
C007734,Rayaan Prabhakar,Naihati,Rajasthan,2025-01-16
C007735,Yashvi Aurora,Gopalpur,Arunachal Pradesh,2026-03-29
C007736,Logan Kibe,Haldia,Haryana,2022-05-11
C007737,Warhi Raja,Dhanbad,Chhattisgarh,2025-07-08
C007738,Mekhala Gole,Dehri,Rajasthan,2026-05-20
C007739,Upadhriti Vala,Hubli–Dharwad,Nagaland,2022-04-26
C007740,Victor Mohanty,Raiganj,Telangana,2022-01-19
C007741,Gaurang Arora,Bhalswa Jahangir Pur,Haryana,2021-09-05
C007742,Qasim Varughese,Bareilly,Gujarat,2022-08-19
C007743,Chanchal Vaidya,Bijapur,Rajasthan,2022-06-13
C007744,Vivaan Bail,Sagar,Jharkhand,2024-11-29
C007745,Chaman Din,Phusro,Maharashtra,2023-07-18
C007746,Amol Bail,Gudivada,Manipur,2025-03-27
C007747,Yatin Malhotra,Chennai,Arunachal Pradesh,2023-11-11
C007748,Januja Chakraborty,Davanagere,Rajasthan,2022-01-14
C007749,Atharv Savant,Pali,Assam,2025-09-20
C007750,Lila Cherian,Rewa,Nagaland,2023-12-10
C007751,Deepa Yohannan,Ludhiana,Punjab,2026-02-08
C007752,Jonathan Wali,Nagaon,Uttarakhand,2022-04-08
C007753,Lopa Ramaswamy,Kamarhati,Tripura,2024-01-20
C007754,Aahana Bhalla,Uluberia,Manipur,2022-11-15
C007755,Wishi Shenoy,Gwalior,Uttar Pradesh,2023-07-23
C007756,Rohan Raval,Indore,Tamil Nadu,2026-08-16
C007757,Nikita Amble,Bhimavaram,Sikkim,2024-03-03
C007758,Vansha Dugar,Jabalpur,Punjab,2021-11-27
C007759,Reva Bhalla,Bhusawal,Uttarakhand,2026-02-23
C007760,Xavier Sarma,Salem,Tamil Nadu,2026-04-21
C007761,Tanveer Pal,Faridabad,Uttar Pradesh,2024-04-03
C007762,Balveer Pau,Hubli–Dharwad,Uttarakhand,2023-01-06
C007763,Eesha Rama,Yamunanagar,West Bengal,2024-01-12
C007764,Priya Mutti,Pali,Maharashtra,2025-07-22
C007765,Gautami Shanker,Gwalior,Uttarakhand,2022-09-04
C007766,Balvan Talwar,Vasai-Virar,Mizoram,2021-10-24
C007767,Rehaan Pillai,Pallavaram,Rajasthan,2023-03-31
C007768,Qabil Pathak,Durgapur,Kerala,2025-07-31
C007769,Farhan Palla,Patiala,Gujarat,2024-08-13
C007770,Champak Varty,Amritsar,Mizoram,2025-05-01
C007771,Advaith Krishnan,Parbhani,Chhattisgarh,2023-01-13
C007772,Kashvi Kalla,Amravati,Tamil Nadu,2021-09-10
C007773,Wridesh Kanda,Bangalore,Odisha,2021-10-12
C007774,Abhimanyu Batta,Unnao,Uttarakhand,2025-03-29
C007775,Dayamai Babu,Avadi,Arunachal Pradesh,2024-07-19
C007776,Gaurangi Acharya,Nagercoil,Manipur,2026-04-30
C007777,Baljiwan Batra,Phagwara,Arunachal Pradesh,2022-11-18
C007778,Abhimanyu Madan,Nellore,Madhya Pradesh,2022-03-30
C007779,Zaitra Hans,Shimoga,Mizoram,2026-04-07
C007780,Lajita Deol,Dharmavaram,Maharashtra,2022-05-05
C007781,Rishi Ramachandran,Fatehpur,Assam,2025-07-15
C007782,Eesha Goyal,Aurangabad,Tamil Nadu,2024-03-17
C007783,Leena Chaudhary,Darbhanga,Tamil Nadu,2026-04-05
C007784,Gaurang Lanka,Durgapur,Himachal Pradesh,2024-06-14
C007785,Sai Sodhi,Mirzapur,Arunachal Pradesh,2026-03-14
C007786,Geetika Nigam,Pondicherry,Maharashtra,2023-01-19
C007787,Chakrika Warrior,Tinsukia,Telangana,2026-03-25
C007788,Riya Varty,Nagpur,Bihar,2023-08-02
C007789,Sai Vora,Ghaziabad,Manipur,2024-01-12
C007790,Chanchal Ganguly,Salem,Haryana,2024-01-07
C007791,Siddharth Ghosh,Bijapur,Andhra Pradesh,2024-02-27
C007792,Peter Muni,Katihar,Maharashtra,2023-05-02
C007793,Ria Goyal,Bulandshahr,Sikkim,2023-01-18
C007794,Utkarsh Kaul,Orai,Sikkim,2026-07-08
C007795,Wyatt Mohan,Sagar,Jharkhand,2025-01-14
C007796,Yuvraj Gokhale,Kalyan-Dombivli,West Bengal,2024-05-27
C007797,Lila Sahota,Morbi,Manipur,2023-04-07
C007798,Urmi Aggarwal,Aurangabad,Punjab,2025-12-04
C007799,Mekhala Sehgal,Jabalpur,Manipur,2021-10-29
C007800,Jacob Chanda,Thrissur,Tamil Nadu,2024-08-25
C007801,Nicholas Nagar,Sikar,Chhattisgarh,2022-04-02
C007802,Bahadurjit Dhar,Sri Ganganagar,Manipur,2024-08-02
C007803,Arin Bajwa,Bardhaman,Jharkhand,2023-12-30
C007804,Hemangini Sandhu,Patiala,Arunachal Pradesh,2024-11-06
C007805,Naksh Taneja,Raebareli,Chhattisgarh,2023-04-05
C007806,Nihal Comar,Imphal,Nagaland,2026-07-01
C007807,Simon Bains,Jammu,Manipur,2021-11-29
C007808,Utkarsh Sridhar,Bhopal,Sikkim,2025-07-18
C007809,Aayush Kalita,Alwar,Mizoram,2023-04-23
C007810,Utkarsh Shroff,Ambarnath,Maharashtra,2025-11-05
C007811,Anika Prashad,Bongaigaon,Karnataka,2023-05-28
C007812,Aradhana Dada,Dibrugarh,Jharkhand,2022-12-29
C007813,Yashoda Banik,Gandhidham,Kerala,2025-09-18
C007814,Rajeshri Padmanabhan,Bahraich,Nagaland,2024-10-28
C007815,Chandani Peri,Amaravati,Goa,2024-01-08
C007816,Saumya Khurana,Kharagpur,Nagaland,2022-09-30
C007817,Gavin Rastogi,Asansol,Goa,2026-02-05
C007818,Sarthak Narain,Chandigarh,Nagaland,2025-08-20
C007819,Maya Khosla,Jabalpur,Himachal Pradesh,2024-02-01
C007820,Vedhika Sastry,Raiganj,Maharashtra,2023-05-04
C007821,Faras Badami,Jabalpur,Mizoram,2026-03-26
C007822,Praneel Tank,Jehanabad,Maharashtra,2022-02-17
C007823,Yashasvi Vig,Bahraich,Sikkim,2024-01-26
C007824,Aditya Narayanan,Anantapur,Meghalaya,2026-03-20
C007825,Netra Gill,Coimbatore,Madhya Pradesh,2023-06-12
C007826,Niharika Narayanan,Katihar,Telangana,2025-02-08
C007827,Ishaan Pal,Guwahati,Chhattisgarh,2022-03-16
C007828,Ekbal Kaur,Tadepalligudem,Mizoram,2025-10-13
C007829,Qushi Upadhyay,Satna,Uttar Pradesh,2022-08-01
C007830,Rajeshri Rout,Kota,Meghalaya,2021-10-13
C007831,Warjas Sachdeva,Vadodara,Bihar,2024-07-06
C007832,Nitesh Gour,Aizawl,Assam,2022-10-20
C007833,Libni Prasad,Jamnagar,Tamil Nadu,2024-09-26
C007834,Sneha Hayre,Raipur,Madhya Pradesh,2026-04-14
C007835,Liam Ahluwalia,Kozhikode,Uttar Pradesh,2025-08-08
C007836,Fitan Kala,Orai,Arunachal Pradesh,2022-03-04
C007837,Fitan Mall,Patna,Telangana,2026-03-15
C007838,Saanvi Murty,Karimnagar,Manipur,2025-10-18
C007839,Bina Kalita,Karaikudi,Goa,2023-08-12
C007840,Raghav Datta,Jamalpur,Uttar Pradesh,2023-09-18
C007841,Madhavi Lala,Secunderabad,Odisha,2026-01-10
C007842,Anita Ramakrishnan,Tiruppur,Chhattisgarh,2026-07-30
C007843,Diya Uppal,Thanjavur,Maharashtra,2022-11-14
C007844,Hredhaan Gupta,Meerut,Rajasthan,2022-11-20
C007845,Chandani Ramanathan,Karnal,Odisha,2026-04-10
C007846,Darsh Raghavan,Bhopal,Odisha,2024-03-10
C007847,Rushil Bhagat,Siliguri,West Bengal,2025-04-14
C007848,Nidra Narula,Belgaum,Himachal Pradesh,2023-12-11
C007849,Lopa Kibe,Ajmer,Telangana,2026-03-04
C007850,Logan Basak,Berhampore,Jharkhand,2026-08-25
C007851,Chaitanya Varty,Vijayawada,Chhattisgarh,2022-11-03
C007852,Qabil Borah,Jalandhar,Chhattisgarh,2025-12-25
C007853,Farhan Kade,Danapur,Himachal Pradesh,2021-12-08
C007854,Bina Chokshi,Bathinda,Goa,2023-08-15
C007855,Abhiram Agarwal,Panchkula,Meghalaya,2024-10-29
C007856,Chatura Batra,Belgaum,Goa,2025-04-30
C007857,Vamakshi Khurana,Madhyamgram,Mizoram,2024-02-08
C007858,Naveen Sandhu,Bardhaman,Nagaland,2024-04-18
C007859,Anita Kanda,Ghaziabad,Uttarakhand,2023-06-10
C007860,Tejas Kata,Bardhaman,Haryana,2025-06-18
C007861,Vasana Keer,Raurkela Industrial Township,Nagaland,2024-07-31
C007862,Faras Sami,Mau,Punjab,2025-03-26
C007863,Lakshit Madan,Tiruchirappalli,Chhattisgarh,2022-05-06
C007864,Ishani Pau,Tadepalligudem,Goa,2023-06-02
C007865,Vansha Dar,Bhubaneswar,Chhattisgarh,2024-06-20
C007866,Ansh Sachar,Howrah,Manipur,2025-11-25
C007867,Charita Kulkarni,Dewas,Telangana,2025-08-26
C007868,Raksha Boase,Ahmednagar,Uttarakhand,2022-08-08
C007869,Ojasvi Vyas,Bhagalpur,Bihar,2022-01-06
C007870,Chanchal Dugar,Sagar,Karnataka,2025-04-25
C007871,Ati Sane,Serampore,Mizoram,2023-06-26
C007872,Advik Atwal,Sri Ganganagar,Nagaland,2024-08-06
C007873,Krishna Radhakrishnan,Gaya,Tamil Nadu,2025-09-10
C007874,Bakhshi Grover,Madurai,Punjab,2022-12-24
C007875,Damini Gour,Chennai,Goa,2023-09-01
C007876,Nicholas Varty,Unnao,Haryana,2025-05-12
C007877,Damyanti Tak,Burhanpur,Rajasthan,2024-04-29
C007878,Jackson Ravel,Muzaffarnagar,Telangana,2023-09-14
C007879,Odika Dhar,Amaravati,Karnataka,2021-11-21
C007880,Elijah Brahmbhatt,Danapur,Meghalaya,2021-09-16
C007881,Aayush Baria,Mangalore,Chhattisgarh,2022-02-18
C007882,Warinder Deep,Kalyan-Dombivli,Nagaland,2026-08-26
C007883,Jagrati Rajagopal,Dehri,Odisha,2026-02-27
C007884,Bishakha Samra,Madurai,West Bengal,2025-06-19
C007885,Alexander Chanda,Nandyal,West Bengal,2026-03-24
C007886,Adya Shroff,Buxar,Punjab,2022-07-06
C007887,Vidhi Handa,Katni,Maharashtra,2024-06-03
C007888,Neha Varma,Surendranagar Dudhrej,Tamil Nadu,2025-04-26
C007889,Qadim Shroff,Bhilai,Maharashtra,2021-10-31
C007890,Ijaya Bera,Farrukhabad,West Bengal,2024-07-23
C007891,Meera Iyengar,Madhyamgram,Uttar Pradesh,2022-03-07
C007892,Mohammed Maharaj,Purnia,Punjab,2023-11-07
C007893,Raagini Mistry,Jorhat,Maharashtra,2024-11-20
C007894,Mekhala Kumar,Srikakulam,West Bengal,2022-09-08
C007895,Noah Tiwari,Bangalore,Andhra Pradesh,2021-09-15
C007896,Imaran Kakar,Firozabad,Gujarat,2025-06-20
C007897,Vrinda Chatterjee,Fatehpur,Haryana,2025-12-25
C007898,Rayaan Gole,Anantapur,West Bengal,2026-04-11
C007899,Udant Srivastava,Dehradun,Rajasthan,2022-11-12
C007900,Wahab Luthra,Varanasi,Bihar,2024-07-29
C007901,Jagat Sinha,Machilipatnam,Kerala,2025-08-04
C007902,Rajeshri Brar,Dhanbad,Arunachal Pradesh,2021-10-29
C007903,Gabriel Das,Ujjain,Rajasthan,2023-12-12
C007904,William Kale,Barasat,Mizoram,2026-07-31
C007905,Bhavika Bhalla,Tenali,Odisha,2024-12-21
C007906,Gabriel Nagarajan,Etawah,Sikkim,2026-02-19
C007907,Anirudh Thakur,Uluberia,Meghalaya,2024-07-17
C007908,Falguni Chaudhari,Bhubaneswar,Mizoram,2023-07-25
C007909,Reyansh Swaminathan,Siwan,Himachal Pradesh,2024-01-01
C007910,Lipika Wason,Pune,Bihar,2023-05-08
C007911,Yash Toor,Bihar Sharif,West Bengal,2022-08-05
C007912,Peter Kara,Sambhal,Telangana,2024-01-17
C007913,Sudiksha Batra,Nandyal,West Bengal,2025-06-25
C007914,Veer Sur,Jabalpur,Arunachal Pradesh,2025-04-03
C007915,Reyansh Ratti,Sri Ganganagar,Jharkhand,2026-06-21
C007916,Fitan Gour,Gangtok,Haryana,2022-05-03
C007917,Nachiket Rama,Ongole,Manipur,2024-05-01
C007918,Aadi Saraf,Dewas,Bihar,2025-12-18
C007919,Lipika Anne,Yamunanagar,Madhya Pradesh,2022-07-08
C007920,Rachit Dayal,Pune,Meghalaya,2024-04-30
C007921,Daksha Kanda,Kishanganj,Uttar Pradesh,2023-09-07
C007922,Waida Nagy,Davanagere,Tamil Nadu,2024-11-15
C007923,Isaiah Lala,Orai,Rajasthan,2025-02-18
C007924,Zaitra Raval,Fatehpur,Karnataka,2025-01-08
C007925,Tejas Krishna,Panipat,Uttar Pradesh,2024-11-29
C007926,Omkaar Gera,Erode,Uttar Pradesh,2026-06-30
C007927,Hamsini Oza,Meerut,Andhra Pradesh,2023-05-08
C007928,Daniel Sharma,Machilipatnam,Rajasthan,2023-10-03
C007929,Bimala Chatterjee,Guna,Mizoram,2024-08-16
C007930,Bina Khatri,Narasaraopet,Uttarakhand,2023-04-02
C007931,Nihal Sethi,Guna,Uttar Pradesh,2023-06-13
C007932,Champak Taneja,Durgapur,Mizoram,2022-05-03
C007933,Libni Som,Pallavaram,Manipur,2022-06-18
C007934,Abeer Kara,Varanasi,Goa,2022-02-12
C007935,Theodore Sarkar,Panchkula,Jharkhand,2024-05-19
C007936,Advika Cherian,Srikakulam,Assam,2025-12-07
C007937,Abdul Badami,Bhopal,Tripura,2021-10-17
C007938,Vedant Khare,Gulbarga,Telangana,2022-08-30
C007939,Andrew Kumer,Vijayawada,Assam,2023-10-08
C007940,Ikbal Pant,Amaravati,Chhattisgarh,2025-08-18
C007941,Manan Lata,Kulti,Rajasthan,2025-06-23
C007942,Bhavya Naidu,Aurangabad,Mizoram,2024-04-20
C007943,Hardik Prakash,Tiruppur,Madhya Pradesh,2024-06-15
C007944,Dayamai Sura,Gudivada,Bihar,2024-02-22
C007945,Jagat Goyal,Sasaram,Uttar Pradesh,2023-07-28
C007946,Karan Prashad,Bhusawal,Bihar,2026-06-26
C007947,Kritika Bobal,Burhanpur,Madhya Pradesh,2025-03-01
C007948,Lekha Dugar,Bidhannagar,Sikkim,2021-11-22
C007949,Krisha Pant,Sagar,Nagaland,2025-04-10
C007950,Shivani Sathe,Ghaziabad,Manipur,2025-11-01
C007951,Vasatika Kala,Thane,Manipur,2024-05-15
C007952,Nisha Vohra,Nellore,Rajasthan,2023-10-11
C007953,Wahab Kapur,Alwar,Manipur,2024-01-25
C007954,Parth Saraf,Kishanganj,Mizoram,2025-02-07
C007955,Saumya Ben,Sambalpur,Rajasthan,2026-04-19
C007956,Advika Rau,Karimnagar,Chhattisgarh,2022-05-10
C007957,Shivansh Deshmukh,Kulti,Gujarat,2021-09-09
C007958,Yoshita Sarna,Danapur,Mizoram,2021-10-16
C007959,Naksh Pal,Panchkula,Madhya Pradesh,2023-07-09
C007960,Yauvani Virk,Panchkula,Uttarakhand,2021-12-08
C007961,Ekapad Anne,Warangal,Gujarat,2022-05-16
C007962,Baghyawati Kar,Durg,Punjab,2022-05-02
C007963,Dayita Sha,Bongaigaon,Jharkhand,2026-04-08
C007964,Vinaya Dash,Gandhidham,Tripura,2023-01-04
C007965,Diya Purohit,Bardhaman,Gujarat,2025-04-04
C007966,Champak Krishna,Erode,Chhattisgarh,2024-12-30
C007967,Pranav Lata,Dibrugarh,Punjab,2024-11-21
C007968,Waida Bhandari,Shahjahanpur,Chhattisgarh,2022-07-10
C007969,Mitali Samra,Ghaziabad,Assam,2022-04-26
C007970,Jagat Shetty,Chennai,Himachal Pradesh,2024-07-02
C007971,Chakradev Soni,Hazaribagh,West Bengal,2026-05-06
C007972,Mason Gera,Latur,Bihar,2026-05-22
C007973,Bachittar Munshi,Jhansi,Jharkhand,2024-12-08
C007974,Gautam Som,Sagar,Assam,2025-10-07
C007975,Gaurang Mallick,Hapur,Kerala,2024-03-20
C007976,Frederick Goswami,Tiruppur,Karnataka,2024-10-05
C007977,Oeshi Mitra,Karnal,Rajasthan,2025-02-26
C007978,Rishi Bajwa,Eluru,Gujarat,2023-08-23
C007979,Darika Upadhyay,Thoothukudi,Andhra Pradesh,2022-02-16
C007980,Chaitaly Lala,Anantapur,Goa,2024-05-12
C007981,Devansh Chahal,Ambarnath,Haryana,2025-01-17
C007982,Triya Bahri,Raebareli,Punjab,2025-04-18
C007983,Vedika Tripathi,Dhule,Himachal Pradesh,2022-03-19
C007984,Hema Doctor,Bally,Nagaland,2025-05-07
C007985,Dhruv Mutti,Sri Ganganagar,Andhra Pradesh,2026-07-09
C007986,Alka Hegde,Aurangabad,Uttarakhand,2026-02-03
C007987,Balveer Radhakrishnan,Khora ,Chhattisgarh,2023-11-09
C007988,Januja Chaudhari,Ulhasnagar,Manipur,2022-05-24
C007989,Bakhshi Mistry,Malegaon,Maharashtra,2024-01-18
C007990,Zaitra Lanka,Indore,Telangana,2026-06-08
C007991,Nathan Badal,Nashik,Punjab,2022-06-22
C007992,Siddharth Khare,Latur,Uttarakhand,2024-12-27
C007993,Eesha Kannan,Suryapet,Maharashtra,2024-09-26
C007994,Jagdish Choudhry,Durg,Odisha,2022-08-01
C007995,Yasti Kakar,Indore,Maharashtra,2023-02-20
C007996,Isaiah Vala,Tirunelveli,Himachal Pradesh,2024-10-05
C007997,Oeshi Tak,Kumbakonam,Manipur,2025-01-24
C007998,Rajeshri Anand,Udupi,Uttar Pradesh,2022-05-23
C007999,Urmi Dhaliwal,Patiala,Haryana,2024-06-09
C008000,Yuvraj Kadakia,Tiruppur,Assam,2024-11-02
C008001,Indira Sankaran,Tinsukia,West Bengal,2025-07-31
C008002,Deepa Pandya,Darbhanga,Tamil Nadu,2021-11-26
C008003,Hemang Lata,Mehsana,Assam,2025-04-25
C008004,Oscar Brahmbhatt,Ramagundam,Jharkhand,2024-12-12
C008005,Gunbir Ratta,Gandhinagar,Chhattisgarh,2025-10-25
C008006,Simon Virk,Anantapuram,Rajasthan,2025-05-26
C008007,Lohit Gaba,Kolhapur,Chhattisgarh,2023-10-23
C008008,Rachita Iyengar,Miryalaguda,Telangana,2023-06-29
C008009,Yauvani Brar,Mau,Himachal Pradesh,2022-07-20
C008010,Hema Deshpande,Hosur,Himachal Pradesh,2025-09-20
C008011,Abhimanyu Mall,Kirari Suleman Nagar,Jharkhand,2022-06-07
C008012,Panini Muni,Darbhanga,Himachal Pradesh,2022-04-30
C008013,Hemangini Shanker,Visakhapatnam,Madhya Pradesh,2024-05-26
C008014,Inaya Kalla,Adoni,Haryana,2022-10-03
C008015,Chandani Luthra,Alwar,Telangana,2024-11-05
C008016,Jyoti Nagar,Jamalpur,Rajasthan,2025-06-27
C008017,Eesha Lalla,Bhavnagar,Tamil Nadu,2026-04-16
C008018,Ekanta Seshadri,Haldia,Maharashtra,2023-03-06
C008019,Aadi Chawla,Malegaon,Goa,2021-11-20
C008020,Robert Sen,Amravati,Himachal Pradesh,2024-02-03
C008021,Nitesh Manda,Bhimavaram,Chhattisgarh,2025-04-26
C008022,Ijaya Gera,Kolkata,Karnataka,2025-04-12
C008023,Charan Batta,Jaipur,Telangana,2025-09-11
C008024,Yachana Varkey,Tirunelveli,Arunachal Pradesh,2026-08-07
C008025,Ishani Goel,Kolkata,Rajasthan,2023-12-29
C008026,Rohan Pai,Pallavaram,Odisha,2022-05-12
C008027,Chandran Dugar,Amaravati,Chhattisgarh,2026-08-30
C008028,Oliver Murty,Lucknow,Andhra Pradesh,2023-02-03
C008029,Varenya Deshpande,Madhyamgram,Odisha,2026-07-08
C008030,Gaurangi Krishna,Gulbarga,Maharashtra,2021-12-14
C008031,Pranav Garde,Dhanbad,Nagaland,2021-09-13
C008032,Urvashi Balay,Muzaffarpur,Meghalaya,2026-03-17
C008033,Vritti Cherian,Dhanbad,Madhya Pradesh,2026-04-11
C008034,Manbir Memon,Ahmedabad,Mizoram,2026-01-01
C008035,Neel Bedi,Bhiwandi,Kerala,2022-05-19
C008036,Logan Uppal,Yamunanagar,Arunachal Pradesh,2021-11-05
C008037,Bimala Mand,Kota,Tripura,2025-06-04
C008038,Kashvi Bhatia,Machilipatnam,Jharkhand,2025-12-03
C008039,Yuvraj Sinha,Hapur,Punjab,2021-11-05
C008040,Madhav Mutti,Guna,Himachal Pradesh,2026-02-05
C008041,Amruta Karnik,Phusro,Sikkim,2025-06-02
C008042,Vritti Borde,Bijapur,Sikkim,2023-03-26
C008043,Ekiya Sundaram,Amaravati,Jharkhand,2025-05-26
C008044,Charan Basu,Hubli–Dharwad,Punjab,2022-05-17
C008045,Vincent Peri,Muzaffarnagar,Madhya Pradesh,2023-07-24
C008046,Manthan Contractor,Mangalore,Gujarat,2023-12-04
C008047,Hamsini Chadha,Pondicherry,Nagaland,2026-04-14
C008048,Osha Kota,Darbhanga,Sikkim,2023-07-19
C008049,Daksh Prashad,Rajkot,Karnataka,2024-04-01
C008050,Jack Chowdhury,Pudukkottai,Himachal Pradesh,2022-08-22
C008051,Libni Nanda,Kochi,Meghalaya,2023-05-30
C008052,Meera Ramakrishnan,Farrukhabad,Nagaland,2022-09-07
C008053,Udant Chakrabarti,Hospet,Himachal Pradesh,2021-11-11
C008054,Girik Bhardwaj,Moradabad,Andhra Pradesh,2025-02-24
C008055,Nitesh Golla,Gopalpur,Haryana,2023-01-06
C008056,Idika Lanka,Jodhpur,Sikkim,2026-01-13
C008057,Vidhi Tella,Anantapur,Assam,2025-06-29
C008058,Hiral Mane,Rewa,Odisha,2026-05-30
C008059,Tanay Madan,Madanapalle,Tamil Nadu,2023-11-06
C008060,Ayush Mander,Dhanbad,Mizoram,2022-01-23
C008061,Bahadurjit Ahluwalia,Dharmavaram,Karnataka,2025-01-27
C008062,Tarak Guha,Guwahati,Madhya Pradesh,2025-09-01
C008063,Lopa Rajan,Pune,Tripura,2023-09-08
C008064,Sanya Palan,Naihati,Odisha,2026-07-21
C008065,Qushi Mall,Hazaribagh,Bihar,2022-03-05
C008066,Sara Choudhary,Ramgarh,Bihar,2025-06-03
C008067,Kala Chaudhari,Anantapur,Punjab,2023-01-16
C008068,Lavanya Narasimhan,Panchkula,Jharkhand,2026-08-04
C008069,Irya Parikh,Hindupur,Gujarat,2022-05-22
C008070,Radhika Rajan,Bardhaman,Odisha,2023-10-03
C008071,Turvi Uppal,Siliguri,Tripura,2025-02-25
C008072,Abhimanyu Singh,Mathura,Goa,2022-03-02
C008073,Ucchal Baral,Lucknow,Meghalaya,2026-02-17
C008074,Ucchal Sampath,Kulti,Tamil Nadu,2023-02-18
C008075,Gautami Wali,Guwahati,Rajasthan,2022-08-27
C008076,Ria Sheth,Navi Mumbai,Kerala,2022-06-23
C008077,Shivani Thakkar,Bijapur,Chhattisgarh,2023-11-26
C008078,Upadhriti Saran,Ghaziabad,Himachal Pradesh,2022-11-05
C008079,Sachi Sabharwal,Mehsana,Assam,2023-03-24
C008080,Aahana Misra,Bongaigaon,Jharkhand,2025-05-30
C008081,Gagan Raman,Rohtak,Odisha,2021-10-25
C008082,Aishani Bala,Thanjavur,Jharkhand,2024-03-22
C008083,Pahal Garde,Ulhasnagar,Uttarakhand,2022-08-06
C008084,Ikshita Koshy,Bellary,Uttar Pradesh,2026-08-13
C008085,Tanvi Raval,Rewa,Meghalaya,2024-09-11
C008086,Aahana Mishra,Kanpur,Uttarakhand,2023-09-17
C008087,Ekani Srivastava,Bangalore,Madhya Pradesh,2024-08-13
C008088,Harsh Deep,Arrah,Tripura,2022-02-28
C008089,Raksha Kaur,Rajahmundry,Karnataka,2022-01-10
C008090,Yasti Bava,Jehanabad,Chhattisgarh,2022-11-28
C008091,Jagdish Sahota,Tirunelveli,Gujarat,2023-08-12
C008092,Pranit Saini,Guwahati,Manipur,2025-06-21
C008093,Omaja Oza,Dibrugarh,Assam,2023-05-26
C008094,Radhika Chaudhari,Thanjavur,Rajasthan,2023-11-16
C008095,Sneha Ahluwalia,Suryapet,Chhattisgarh,2023-06-26
C008096,Kevin Bhandari,Rourkela,Karnataka,2023-07-24
C008097,Anya Rastogi,Tirupati,Andhra Pradesh,2025-07-08
C008098,Kashish Kannan,Gorakhpur,Tripura,2022-04-28
C008099,Netra Merchant,North Dumdum,West Bengal,2025-03-11
C008100,Triveni Nori,Aligarh,Tripura,2025-12-29
C008101,Warjas Khanna,Tumkur,Odisha,2022-12-12
C008102,Hemangini Doctor,Nizamabad,Kerala,2026-02-04
C008103,Dev Radhakrishnan,Jammu,Rajasthan,2023-06-12
C008104,Sarthak Deo,Jalandhar,Maharashtra,2026-05-12
C008105,Unnati Aggarwal,Anand,Chhattisgarh,2022-05-17
C008106,Gayathri Suri,Chandigarh,Chhattisgarh,2024-10-16
C008107,Pranav Chawla,Jammu,Jharkhand,2021-10-17
C008108,Upasna Bora,Shimoga,Tamil Nadu,2024-07-28
C008109,Urvashi Sarkar,Amaravati,Tripura,2024-11-13
C008110,Hemangini Jaggi,Bidhannagar,Uttarakhand,2022-07-17
C008111,Vedika Das,Varanasi,Haryana,2024-04-04
C008112,Varsha Loyal,Raiganj,Karnataka,2024-11-25
C008113,Orinder Joshi,Nashik,Chhattisgarh,2023-03-28
C008114,Pranav Dayal,Hospet,Assam,2025-02-01
C008115,Deepa Kari,Nellore,Telangana,2024-09-08
C008116,Siya Dutta,Amritsar,Assam,2024-05-11
C008117,Neel Sathe,Tadepalligudem,Sikkim,2026-08-02
C008118,Christopher Sama,Haldia,Rajasthan,2023-11-06
C008119,Champak Dada,Panchkula,Tripura,2023-10-03
C008120,Banjeet Brahmbhatt,Pudukkottai,West Bengal,2022-08-22
C008121,Adweta Ramanathan,Nashik,Uttarakhand,2024-06-26
C008122,Chakradhar Mukhopadhyay,Munger,Maharashtra,2026-03-19
C008123,Hiral Chakraborty,Kollam,Nagaland,2024-09-17
C008124,Urmi Golla,Jaunpur,Tripura,2026-03-02
C008125,Qadim Anand,Mau,Uttar Pradesh,2023-06-28
C008126,Damyanti Loyal,Pallavaram,Tripura,2025-02-22
C008127,Ishanvi Shere,Silchar,Karnataka,2024-04-25
C008128,Indira Gala,Bardhaman,Maharashtra,2023-09-03
C008129,Ojas Merchant,Patiala,Himachal Pradesh,2025-07-10
C008130,Dominic Bose,Visakhapatnam,Telangana,2025-12-30
C008131,Udyati Dara,Ulhasnagar,Goa,2023-06-25
C008132,Anika Mann,Malda,Uttar Pradesh,2024-03-26
C008133,Isha Rana,Barasat,Karnataka,2022-05-07
C008134,Peter Dalal,Madhyamgram,Chhattisgarh,2026-08-26
C008135,Aahana Deo,Pimpri-Chinchwad,Meghalaya,2022-03-18
C008136,Samaksh Chada,Muzaffarpur,Nagaland,2022-10-07
C008137,Neha Manda,Bhiwandi,Tripura,2022-10-16
C008138,Indira Naidu,Ambarnath,Telangana,2022-12-01
C008139,Isaac Johal,Malegaon,Uttarakhand,2021-10-02
C008140,Upadhriti Sastry,Allahabad,Punjab,2025-08-01
C008141,Wridesh Kala,Silchar,Nagaland,2025-01-09
C008142,Charan Srinivas,Rajpur Sonarpur,Odisha,2022-08-25
C008143,Ranveer Dugar,Sasaram,Uttarakhand,2023-06-16
C008144,Agastya Savant,Orai,Jharkhand,2026-03-11
C008145,Harinakshi Apte,Vadodara,Madhya Pradesh,2025-12-30
C008146,Hiral Chandra,Bilaspur,Maharashtra,2022-10-18
C008147,Yadavi Nath,Vellore,Goa,2022-04-09
C008148,Maya Edwin,Belgaum,Jharkhand,2023-08-15
C008149,Dalaja Luthra,Alappuzha,West Bengal,2024-08-25
C008150,Amrita Sethi,Kurnool,Rajasthan,2021-12-17
C008151,Chaman Lad,Rajpur Sonarpur,Haryana,2026-04-17
C008152,Ekanta Nair,Thoothukudi,Uttar Pradesh,2021-09-10
C008153,Jeremiah Dhar,Srinagar,Punjab,2026-02-05
C008154,Harish Jayaraman,Warangal,Arunachal Pradesh,2024-09-15
C008155,Daksh Venkatesh,Nagpur,Odisha,2022-12-16
C008156,Max Baral,Tirupati,Assam,2025-11-30
C008157,Nikita Sarna,Sambhal,West Bengal,2026-03-06
C008158,Nathan Gala,Alappuzha,Manipur,2024-02-16
C008159,Andrew Amble,Morbi,Haryana,2024-06-14
C008160,Nimrat Goyal,Khora ,Kerala,2021-10-26
C008161,Lohit Chana,Bharatpur,Karnataka,2023-04-09
C008162,Jagat Edwin,Korba,Himachal Pradesh,2023-05-09
C008163,Aarna Ramachandran,Amaravati,Haryana,2025-08-14
C008164,Pooja Soman,Raebareli,Jharkhand,2024-02-19
C008165,Shivansh Chadha,Kottayam,Goa,2023-03-24
C008166,Ethan Lad,Kumbakonam,Goa,2021-10-28
C008167,Kavya Nagarajan,Ujjain,Bihar,2025-01-14
C008168,Indira Nadig,Jamnagar,Madhya Pradesh,2024-02-02
C008169,Akshay Pandit,Katni,Arunachal Pradesh,2025-08-07
C008170,Manthan Thakkar,Adoni,Odisha,2023-05-12
C008171,Niharika Rama,Navi Mumbai,Andhra Pradesh,2025-01-24
C008172,Pranit Wagle,Anantapuram,Jharkhand,2023-04-30
C008173,Dipta Ghosh,Khandwa,Bihar,2023-10-30
C008174,Rachana Kaur,Surat,Manipur,2023-01-15
C008175,Abha Dewan,Ranchi,West Bengal,2024-08-20
C008176,Qadim Memon,Mango,Odisha,2023-08-05
C008177,Urvi Vala,Nashik,Himachal Pradesh,2025-12-25
C008178,Harish Pall,Secunderabad,West Bengal,2023-12-03
C008179,Chaman Sekhon,Varanasi,Jharkhand,2022-07-22
C008180,Xalak Chawla,Chennai,Sikkim,2026-01-08
C008181,Vinaya Palla,North Dumdum,Tamil Nadu,2025-01-26
C008182,Krish Contractor,Sirsa,Rajasthan,2026-08-14
C008183,Dev Rao,Kanpur,Jharkhand,2025-09-23
C008184,Warinder Karpe,Amaravati,Jharkhand,2025-09-02
C008185,Dalaja Chaudry,Gangtok,Goa,2025-12-05
C008186,Lakshit Sibal,Pallavaram,Uttarakhand,2025-07-19
C008187,Harsh Sant,New Delhi,Tripura,2025-06-12
C008188,Nikita Prashad,Miryalaguda,Karnataka,2025-03-25
C008189,Saanvi Chaudhuri,Sagar,Haryana,2025-01-15
C008190,Ishaan Chandra,Kadapa,Kerala,2026-08-30
C008191,Lakshit Mukhopadhyay,Shimla,Bihar,2025-04-28
C008192,Charvi Swaminathan,Satna,Maharashtra,2023-10-10
C008193,Samar Ghose,Chandigarh,Andhra Pradesh,2022-09-15
C008194,Avi Gandhi,Kochi,Uttar Pradesh,2023-12-11
C008195,Anamika Bose,Guwahati,Assam,2022-10-06
C008196,Finn Setty,Bhind,Himachal Pradesh,2026-06-06
C008197,Dhriti Soman,Jalandhar,Odisha,2023-12-30
C008198,Ranbir Tella,Gaya,Telangana,2022-03-29
C008199,Aarini Nagy,Firozabad,West Bengal,2025-09-23
C008200,Yashodhara Bakshi,Varanasi,Odisha,2023-03-14
C008201,Zansi Patil,Agartala,Telangana,2023-04-22
C008202,Bhavya Gade,Panipat,Goa,2024-04-18
C008203,Darsh Gera,Moradabad,Rajasthan,2024-05-16
C008204,Mohini Ravi,Medininagar,Rajasthan,2022-10-13
C008205,Veda Ghosh,Jalgaon,Chhattisgarh,2023-09-01
C008206,Raksha Bal,New Delhi,Gujarat,2024-03-28
C008207,Inaya Kashyap,Karimnagar,West Bengal,2022-01-23
C008208,Anmol Iyer,Pali,Tamil Nadu,2025-12-06
C008209,Lakshit Mitter,Mumbai,Chhattisgarh,2025-07-01
C008210,Oni Deo,Suryapet,Tamil Nadu,2024-01-05
C008211,Ikbal Memon,Khora ,Arunachal Pradesh,2023-11-29
C008212,Tamanna Narain,Sri Ganganagar,Haryana,2025-11-02
C008213,Nandini Badami,Jaipur,Nagaland,2022-10-06
C008214,Zansi Din,Pune,Andhra Pradesh,2023-02-17
C008215,Abhiram Sama,Suryapet,Chhattisgarh,2023-12-11
C008216,Dipta Murthy,Kolkata,Punjab,2022-12-02
C008217,Pratyush Garde,Warangal,Mizoram,2026-04-28
C008218,Mohini Bail,Imphal,Uttarakhand,2026-03-24
C008219,Owen Doctor,Rourkela,Meghalaya,2022-11-20
C008220,Dalaja Lad,Agartala,Assam,2024-12-30
C008221,Zaitra Kala,Rohtak,Tripura,2026-04-14
C008222,Ojas Gala,Nellore,Chhattisgarh,2023-03-02
C008223,Pavani Rana,Madanapalle,Odisha,2026-06-27
C008224,Finn Bath,Danapur,Madhya Pradesh,2023-05-04
C008225,Indrajit Khatri,Amroha,Tripura,2024-05-15
C008226,Faris Lad,Raurkela Industrial Township,Uttarakhand,2024-03-26
C008227,Sanya Deep,Morena,Andhra Pradesh,2022-02-06
C008228,Zaitra Tailor,Rohtak,Goa,2023-02-26
C008229,Sneha Iyer,Bellary,Meghalaya,2023-10-26
C008230,Charles Vohra,Bahraich,Uttarakhand,2023-12-14
C008231,Maanav Bedi,Silchar,Sikkim,2021-09-13
C008232,Aarnav Sha,Latur,Maharashtra,2024-11-29
C008233,Januja Tripathi,Amaravati,Mizoram,2025-06-03
C008234,Girik Nadig,Muzaffarpur,Haryana,2023-08-23
C008235,Tristan Thaker,Panchkula,Tripura,2021-12-24
C008236,Yatin Walla,Pimpri-Chinchwad,Karnataka,2025-05-19
C008237,Tara Raghavan,Pudukkottai,Goa,2025-08-09
C008238,Mitesh Bassi,Medininagar,Rajasthan,2025-01-27
C008239,Ati Zachariah,Ramgarh,Uttar Pradesh,2024-09-01
C008240,Nathaniel Lala,Malda,Karnataka,2025-04-17
C008241,Shivani Korpal,Saharanpur,Arunachal Pradesh,2022-05-03
C008242,Arin Bhatt,Amroha,Karnataka,2024-06-21
C008243,Mahika Sha,Durg,Meghalaya,2023-10-09
C008244,Isaac Bassi,Malda,Tamil Nadu,2024-03-31
C008245,Abha Trivedi,Pallavaram,Bihar,2025-01-20
C008246,Vyanjana Venkataraman,Noida,Andhra Pradesh,2023-01-27
C008247,Krishna Kanda,Bangalore,Nagaland,2023-06-28
C008248,Chasmum Dara,Jamshedpur,Tripura,2024-05-21
C008249,Andrew Hayre,Pimpri-Chinchwad,Tripura,2023-08-14
C008250,Ranveer Pingle,Tiruppur,Bihar,2023-10-14
C008251,Thomas Chopra,Aurangabad,Kerala,2021-11-28
C008252,Yutika Chokshi,Bharatpur,Odisha,2026-06-24
C008253,Vedant Devi,Ballia,Chhattisgarh,2025-10-03
C008254,Luke Vig,Ramgarh,West Bengal,2026-04-03
C008255,Shivansh Chandra,Gurgaon,Goa,2021-12-06
C008256,Pushti Sharma,Thiruvananthapuram,Arunachal Pradesh,2023-07-23
C008257,Lila Bir,Bongaigaon,Madhya Pradesh,2025-09-29
C008258,Unni Raghavan,Bardhaman,Himachal Pradesh,2023-12-30
C008259,Jagdish Panchal,Kalyan-Dombivli,Bihar,2024-07-31
C008260,Ojas Sarraf,North Dumdum,Karnataka,2025-07-28
C008261,Alexander Chaudry,Hajipur,Meghalaya,2022-10-26
C008262,Yahvi Mitra,Rajahmundry,Andhra Pradesh,2022-10-12
C008263,Vaishnavi Gole,Serampore,Goa,2022-08-22
C008264,Om Sur,New Delhi,Assam,2022-09-09
C008265,Timothy Mani,Kharagpur,Madhya Pradesh,2023-08-27
C008266,Omisha Shere,Ambarnath,Uttar Pradesh,2026-08-15
C008267,Kevin Shroff,Kirari Suleman Nagar,Bihar,2026-07-12
C008268,Nikita Bala,Maheshtala,Tamil Nadu,2024-03-23
C008269,Garima Sarraf,Ghaziabad,Punjab,2024-11-26
C008270,Aashi Walla,Hindupur,Mizoram,2025-10-30
C008271,Prisha Mannan,Kozhikode,Punjab,2022-09-25
C008272,Widisha Srinivasan,Pali,Tripura,2021-10-30
C008273,Wyatt Agate,Guwahati,Uttar Pradesh,2021-10-09
C008274,Azad Subramaniam,Panvel,Haryana,2022-08-29
C008275,Nilima Jani,Chandrapur,Assam,2026-08-28
C008276,Champak Johal,Gaya,Karnataka,2022-02-22
C008277,Rushil Kashyap,Nanded,Meghalaya,2023-11-11
C008278,Kala Lanka,Anantapuram,Tripura,2024-01-27
C008279,Naveen Sawhney,Ghaziabad,Uttarakhand,2023-02-24
C008280,Barkha Sarma,Aurangabad,Manipur,2024-04-25
C008281,Nikita Ramanathan,Hospet,Odisha,2026-07-31
C008282,Jeremiah Ahluwalia,Jamshedpur,Gujarat,2025-09-06
C008283,Noah Halder,Gandhinagar,Assam,2026-06-08
C008284,Edhitha Jayaraman,Tinsukia,Meghalaya,2026-01-25
C008285,Ayush Boase,Orai,Assam,2023-03-01
C008286,Neel Ravi,Satna,Uttar Pradesh,2026-05-22
C008287,Jasmit Saraf,Aurangabad,Arunachal Pradesh,2023-02-19
C008288,Onveer Garde,Kota,Punjab,2023-05-13
C008289,Edhitha Saini,Guna,West Bengal,2024-02-12
C008290,Victor Sur,Hosur,Goa,2025-12-01
C008291,Ayaan Chaudhary,Raichur,Tamil Nadu,2022-10-17
C008292,Caleb Lanka,Gaya,Arunachal Pradesh,2026-06-13
C008293,Naksh Tella,Jamnagar,Jharkhand,2025-10-04
C008294,Omya Sankar,Anand,Gujarat,2021-11-19
C008295,Gunbir Suri,Kavali,Telangana,2023-12-06
C008296,Tarak Soman,Jodhpur,Gujarat,2025-10-21
C008297,Aarna Wali,Avadi,Telangana,2022-07-12
C008298,Warda Chaudhry,Khammam,Assam,2022-12-20
C008299,Yashoda Magar,Etawah,Haryana,2026-01-10
C008300,Gavin Lala,Dindigul,Madhya Pradesh,2026-04-03
C008301,Idika Kala,Meerut,Bihar,2022-01-24
C008302,Januja Ghosh,Narasaraopet,Punjab,2025-09-11
C008303,Liam Nori,Pondicherry,Arunachal Pradesh,2022-10-05
C008304,Gayathri Kothari,Sangli-Miraj & Kupwad,Tripura,2023-03-27
C008305,Om Pradhan,Baranagar,Sikkim,2026-07-07
C008306,Divya Arora,Ahmedabad,Manipur,2026-07-27
C008307,Kevin Narayanan,Haldia,Meghalaya,2025-05-29
C008308,Wazir Prashad,Shivpuri,Mizoram,2023-04-17
C008309,Sachi Nagarajan,Vellore,Gujarat,2026-04-15
C008310,Nandini Sandhu,Machilipatnam,Tripura,2025-10-09
C008311,Agastya Barad,Dhule,Manipur,2022-10-28
C008312,Isaac Tata,Panipat,Nagaland,2021-10-16
C008313,Mugdha Biswas,Raurkela Industrial Township,Jharkhand,2023-10-19
C008314,Qabil Buch,Eluru,Karnataka,2021-10-30
C008315,Avni Mital,Gopalpur,Odisha,2023-03-12
C008316,Udarsh Narang,Visakhapatnam,Tamil Nadu,2022-10-20
C008317,Vivaan Parikh,Jodhpur,Sikkim,2025-10-23
C008318,Yasti Ravi,Vijayanagaram,Punjab,2023-09-23
C008319,Inaya Yohannan,Katni,Arunachal Pradesh,2025-09-13
C008320,Adya Karnik,Vasai-Virar,Meghalaya,2024-11-06
C008321,Faris Sarma,Bhusawal,West Bengal,2022-03-22
C008322,Adya Narain,Kollam,Rajasthan,2022-04-25
C008323,Sanya Ranganathan,Mangalore,Maharashtra,2024-07-09
C008324,Vidhi Parsa,Dibrugarh,Uttarakhand,2024-05-21
C008325,Urvashi Sood,Purnia,Tamil Nadu,2025-03-25
C008326,Nidhi Narayan,Vasai-Virar,Odisha,2026-05-03
C008327,Bhavika Mitter,Jammu,Uttar Pradesh,2023-03-15
C008328,Vaishnavi Sethi,Durg,Karnataka,2025-08-03
C008329,Vansha Shere,Sikar,Arunachal Pradesh,2026-02-04
C008330,Harinakshi Tripathi,Bijapur,Nagaland,2024-11-02
C008331,Bhanumati Kata,Kirari Suleman Nagar,Tamil Nadu,2024-10-08
C008332,Fitan Bobal,Purnia,Kerala,2022-12-11
C008333,Sudiksha Behl,Hapur,Uttarakhand,2024-12-02
C008334,Madhavi Rattan,Panvel,Arunachal Pradesh,2024-10-15
C008335,Shravya Doctor,Ranchi,Nagaland,2024-06-08
C008336,Mitali Khanna,Bhusawal,Telangana,2024-01-10
C008337,Balveer Ratta,Tirupati,Odisha,2023-05-17
C008338,William Sundaram,Ozhukarai,Tamil Nadu,2026-03-31
C008339,Yutika Verma,Kamarhati,Haryana,2022-06-03
C008340,Yuvraj Dubey,Baranagar,Mizoram,2024-06-04
C008341,Yachana Ghosh,Singrauli,Maharashtra,2025-05-12
C008342,Sarthak Kuruvilla,Phagwara,Manipur,2022-05-30
C008343,Ansh Bail,Jorhat,Assam,2021-08-31
C008344,Anmol Jha,Gurgaon,Madhya Pradesh,2025-02-22
C008345,Unnati Arya,Bardhaman,Jharkhand,2026-08-08
C008346,Mahika Dhawan,Shivpuri,Tripura,2025-03-09
C008347,Aarush Divan,Nanded,Kerala,2022-03-12
C008348,Mitesh Deol,Mirzapur,Gujarat,2024-10-18
C008349,Tanmayi Narang,Ongole,Assam,2025-08-11
C008350,Meera Dada,Rourkela,Jharkhand,2022-10-28
C008351,Simon Wali,Bhubaneswar,Uttarakhand,2022-01-28
C008352,Chaitanya D’Alia,Surendranagar Dudhrej,Tripura,2024-02-29
C008353,Meghana Bahri,Sagar,Nagaland,2024-11-08
C008354,Jackson Sura,Bangalore,Manipur,2026-04-28
C008355,Girish Deo,Korba,Bihar,2024-05-17
C008356,Anjali Tara,Malegaon,Bihar,2025-10-31
C008357,Ekbal Balan,Bidhannagar,Kerala,2022-07-21
C008358,Hredhaan Raghavan,Kishanganj,Telangana,2025-02-19
C008359,Rachit Gupta,Nellore,Rajasthan,2022-10-10
C008360,Maya Balay,Hajipur,Jharkhand,2025-03-06
C008361,Jagvi Peri,Pune,Assam,2022-11-12
C008362,Faris Lala,Bikaner,Karnataka,2023-04-17
C008363,Jasmit Khalsa,Gwalior,Tripura,2026-07-14
C008364,Janya Magar,Howrah,Karnataka,2024-02-17
C008365,Jalsa Chaudhry,Satara,Chhattisgarh,2022-04-06
C008366,Laksh Barad,Dibrugarh,Nagaland,2025-09-18
C008367,Siya Bora,Haldia,Andhra Pradesh,2024-02-11
C008368,Ekalinga Dhaliwal,Chennai,Arunachal Pradesh,2024-02-06
C008369,Vedhika Sinha,Asansol,Assam,2022-01-03
C008370,Bhavani Sankar,Dewas,Goa,2024-08-13
C008371,Rachita Varughese,Ajmer,Goa,2023-01-26
C008372,Ekanta Lata,Bareilly,Manipur,2022-06-01
C008373,Idika Raja,Kakinada,Punjab,2022-11-20
C008374,Nisha Bali,Bangalore,Uttarakhand,2024-11-23
C008375,Zaitra Tailor,New Delhi,Karnataka,2026-02-15
C008376,Gauri Butala,Bharatpur,Rajasthan,2022-11-05
C008377,Daksha Shetty,Lucknow,Arunachal Pradesh,2024-04-08
C008378,Abhimanyu Sekhon,Bikaner,Manipur,2023-10-12
C008379,Janaki Oza,Bongaigaon,Goa,2025-07-30
C008380,Tarak Kaur,Tenali,Tripura,2023-01-14
C008381,Geetika Bhardwaj,Dhule,Jharkhand,2026-03-03
C008382,Tamanna Keer,Ahmednagar,West Bengal,2021-09-08
C008383,Abha Roy,Khandwa,Meghalaya,2024-10-03
C008384,Yuvraj Wagle,Madanapalle,Karnataka,2024-03-04
C008385,Divya Gandhi,Rajpur Sonarpur,Odisha,2025-11-15
C008386,Caleb Dara,Bally,Tripura,2023-12-19
C008387,Tejas Banik,Varanasi,Odisha,2026-04-02
C008388,Wyatt Kumar,Adoni,Uttarakhand,2025-02-21
C008389,Christopher Wadhwa,Sambhal,Mizoram,2024-02-23
C008390,Kashvi Narang,Bhatpara,Goa,2024-08-27
C008391,Ucchal Sarraf,Nagaon,Kerala,2025-08-22
C008392,Jeevika Saran,Bijapur,Chhattisgarh,2026-08-11
C008393,Warda Tak,Lucknow,Assam,2023-06-15
C008394,Jagvi De,Gandhidham,Jharkhand,2024-01-15
C008395,Rachit Ghose,Khandwa,Madhya Pradesh,2022-02-27
C008396,Owen Halder,Panipat,Punjab,2026-04-28
C008397,Faqid Mani,Lucknow,Telangana,2023-07-22
C008398,Tanmayi Tara,Muzaffarnagar,Bihar,2023-03-03
C008399,Chandresh Mann,Hazaribagh,Madhya Pradesh,2023-06-24
C008400,Manan Karnik,Pallavaram,Karnataka,2024-08-26
C008401,Tejas Sibal,Bihar Sharif,Meghalaya,2025-08-23
C008402,Teerth Bhatia,Imphal,Nagaland,2024-09-10
C008403,Sudiksha Sankar,Dewas,Uttar Pradesh,2024-12-19
C008404,Hemani Suri,Bhopal,Rajasthan,2023-09-30
C008405,Yashvi Nagi,Agartala,Sikkim,2024-04-26
C008406,Ryan Rege,Alappuzha,Bihar,2021-11-04
C008407,Dhriti Bajwa,Tenali,Assam,2022-07-05
C008408,Ira Patla,Varanasi,Meghalaya,2024-03-17
C008409,Neelima Raj,Chandigarh,Kerala,2026-05-20
C008410,Devansh Sura,Ambala,Manipur,2022-09-26
C008411,Abhiram Buch,Vijayanagaram,Mizoram,2023-06-26
C008412,Ishani Ravi,Bhilwara,Goa,2022-03-06
C008413,Chanakya Prasad,Jalandhar,Madhya Pradesh,2025-10-04
C008414,Advaith Oza,Shahjahanpur,Karnataka,2022-12-16
C008415,Jeremiah Bhavsar,Sultan Pur Majra,Assam,2026-08-13
C008416,Karan Kota,Mehsana,Tamil Nadu,2022-07-24
C008417,Urvi Koshy,Mau,Manipur,2024-10-09
C008418,Jai Golla,Vadodara,Uttar Pradesh,2023-05-23
C008419,Yashoda Bhat,Alappuzha,Tamil Nadu,2023-10-20
C008420,Finn Savant,Vijayawada,Telangana,2022-02-25
C008421,Megha Kadakia,Madurai,Mizoram,2024-12-13
C008422,Amol Bhavsar,Deoghar,West Bengal,2023-06-12
C008423,Anmol Nagarajan,Sagar,Kerala,2023-04-11
C008424,Hredhaan Kapadia,Jalgaon,Kerala,2024-02-25
C008425,Aarush Tata,Bardhaman,Uttarakhand,2022-07-18
C008426,Ishita Bail,Alwar,Tamil Nadu,2021-09-19
C008427,Nisha Kumar,Bhubaneswar,Rajasthan,2026-05-26
C008428,Kalpit Madan,Alappuzha,Nagaland,2022-08-09
C008429,Gaurang Merchant,Muzaffarpur,Tripura,2024-01-22
C008430,Upadhriti Deol,Gandhidham,Tripura,2026-03-10
C008431,Idika Vasa,Ozhukarai,Nagaland,2024-03-24
C008432,Peter Deo,Raiganj,Telangana,2025-10-11
C008433,Abdul Dayal,Begusarai,Arunachal Pradesh,2025-04-07
C008434,Vedhika Date,Belgaum,Manipur,2023-04-19
C008435,Aachal Madan,Bhilai,Tamil Nadu,2021-12-27
C008436,Ria Suresh,Asansol,Assam,2021-09-24
C008437,Alexander Sagar,Bally,Jharkhand,2023-05-14
C008438,Harshil Bahl,Rourkela,Karnataka,2025-06-11
C008439,Anamika Goyal,Jaunpur,Haryana,2024-07-14
C008440,Aarna Shan,Bijapur,Mizoram,2025-03-26
C008441,Noah Edwin,Korba,Karnataka,2021-11-20
C008442,Qabil Sem,Bhilwara,Rajasthan,2025-01-10
C008443,Reyansh Karpe,Pallavaram,West Bengal,2022-08-09
C008444,Vansha Andra,Dehri,Meghalaya,2025-11-03
C008445,Logan Gaba,Gwalior,West Bengal,2023-01-10
C008446,Bahadurjit Mody,Jalgaon,Gujarat,2024-01-21
C008447,Champak Guha,Bongaigaon,Meghalaya,2023-06-16
C008448,Kashish Kade,Patna,Uttar Pradesh,2022-02-15
C008449,Gunbir Murthy,Mathura,Nagaland,2023-05-08
C008450,Krishna Sagar,Maheshtala,Maharashtra,2024-07-18
C008451,Daksha Bobal,Hosur,Tamil Nadu,2024-05-24
C008452,Thomas Mukherjee,Satna,Telangana,2024-05-23
C008453,Neel Ramakrishnan,Mehsana,Gujarat,2025-11-05
C008454,Devika Dugal,Hubli–Dharwad,Mizoram,2026-04-15
C008455,Ikbal Rao,Silchar,Haryana,2023-09-27
C008456,Qasim Vala,Madanapalle,Assam,2022-06-29
C008457,Aashi Chowdhury,Sasaram,Goa,2024-03-05
C008458,Tanmayi Ahluwalia,Rampur,Sikkim,2026-07-18
C008459,Ekavir Lad,Haldia,Kerala,2023-12-18
C008460,Mekhala Pandit,Bokaro,Maharashtra,2025-10-08
C008461,Anay Shanker,Kamarhati,Kerala,2022-07-11
C008462,Yochana Kothari,Ambarnath,Maharashtra,2023-01-23
C008463,Timothy Mittal,Bhusawal,West Bengal,2024-06-23
C008464,Gaurika Wali,Bhatpara,Tamil Nadu,2023-06-25
C008465,Chandani Sur,Vadodara,Karnataka,2026-06-29
C008466,Sara Rege,Bhiwani,Assam,2023-02-03
C008467,Tejas Karpe,Rampur,Bihar,2024-04-27
C008468,Vedika Rajagopalan,Danapur,Odisha,2022-12-09
C008469,Nitesh Chaudhuri,Hindupur,Haryana,2025-09-09
C008470,Hamsini Dutta,Kadapa,Haryana,2022-05-19
C008471,Mahika Varma,Sultan Pur Majra,Tamil Nadu,2023-11-28
C008472,Sara Viswanathan,Hajipur,Manipur,2023-05-12
C008473,Aarush Shankar,Katihar,Assam,2022-06-28
C008474,Zehaan Krishnamurthy,Motihari,Chhattisgarh,2025-01-05
C008475,Fitan Thaman,Howrah,Tamil Nadu,2022-08-19
C008476,Vedant Shere,Jaipur,Kerala,2023-12-23
C008477,Dhruv Mistry,Bhilai,West Bengal,2022-09-14
C008478,Bhavya Ganguly,Vijayawada,Jharkhand,2022-10-12
C008479,Sachi Mukherjee,Sagar,Kerala,2022-05-12
C008480,Ojas Viswanathan,Orai,Odisha,2023-07-11
C008481,Ayushman D’Alia,Noida,Kerala,2025-07-08
C008482,Udarsh Chahal,Vadodara,Andhra Pradesh,2024-04-24
C008483,Aadhya Ratti,Jamshedpur,West Bengal,2022-12-12
C008484,Aashi Shankar,Silchar,Tripura,2023-08-09
C008485,Gaurika Ben,Bangalore,Nagaland,2025-05-12
C008486,Riya Bera,Bikaner,Telangana,2026-08-01
C008487,Saumya Badami,Pondicherry,Himachal Pradesh,2022-01-21
C008488,Anika Doctor,Korba,West Bengal,2024-09-22
C008489,Yadavi Sundaram,Vijayawada,Nagaland,2025-03-23
C008490,Zarna Mandal,Akola,Assam,2022-12-05
C008491,Baghyawati Raghavan,Etawah,Punjab,2023-05-27
C008492,Brijesh Ramanathan,Madhyamgram,Chhattisgarh,2023-08-02
C008493,Liam Raman,Bhagalpur,Madhya Pradesh,2022-06-04
C008494,Yatan Vasa,Howrah,Tamil Nadu,2024-05-22
C008495,Harshil Sankaran,Udupi,Mizoram,2024-01-18
C008496,Kashvi Mittal,Varanasi,Telangana,2022-02-10
C008497,Aadhya Sabharwal,Shimoga,Madhya Pradesh,2026-07-17
C008498,Yoshita Konda,Machilipatnam,Telangana,2022-01-15
C008499,Radhika Sami,Begusarai,Tripura,2025-03-08
C008500,Ria Vyas,Ahmednagar,Telangana,2022-10-31
C008501,Shravya Nayar,Pudukkottai,Gujarat,2022-01-06
C008502,Mahika Borra,Cuttack,Madhya Pradesh,2021-11-06
C008503,Mekhala Choudhury,Bahraich,Rajasthan,2024-02-03
C008504,Ranbir Ramaswamy,Hospet,Telangana,2026-02-15
C008505,Tejas Seth,Bhind,Assam,2026-05-05
C008506,Ekanta Yohannan,Sirsa,Jharkhand,2025-02-03
C008507,Manan Baral,Haridwar,Karnataka,2024-03-27
C008508,Krishna Nadkarni,Pali,Haryana,2024-12-10
C008509,Mahika Hayer,Dhule,Punjab,2022-11-18
C008510,Patrick Kade,Anantapuram,Tripura,2023-03-22
C008511,Dakshesh Kashyap,Hindupur,Telangana,2026-07-09
C008512,Azaan Mittal,Phusro,Tamil Nadu,2023-06-29
C008513,Chakradhar Chanda,Ahmednagar,Gujarat,2024-07-07
C008514,Teerth Talwar,Sri Ganganagar,Punjab,2021-09-21
C008515,Praneel Dayal,Tadipatri,Chhattisgarh,2021-11-13
C008516,Vivaan Kadakia,Kanpur,Telangana,2024-02-04
C008517,Urvi Loke,Suryapet,Karnataka,2022-01-31
C008518,Chaman Brar,Kamarhati,Punjab,2022-12-26
C008519,Ronith Sabharwal,Bijapur,Punjab,2023-09-14
C008520,Rachita Kapur,Mathura,Nagaland,2021-10-13
C008521,Tejas Krish,Noida,Maharashtra,2025-07-17
C008522,Nidhi Boase,Ghaziabad,Jharkhand,2025-11-28
C008523,Faraj Mani,Bidar,Assam,2024-05-19
C008524,Yashasvi Choudhry,Hyderabad,Madhya Pradesh,2024-02-13
C008525,Qarin Gala,Rajkot,Telangana,2025-11-01
C008526,Shivansh Din,Rajkot,Uttar Pradesh,2021-12-29
C008527,Abhimanyu Srivastava,Berhampur,Chhattisgarh,2022-11-14
C008528,Charita Sarraf,Visakhapatnam,Assam,2024-04-16
C008529,Jatin Ahuja,Aizawl,Tripura,2023-12-16
C008530,Max Nori,Shivpuri,Jharkhand,2022-11-04
C008531,Charita Chanda,Orai,Karnataka,2026-05-02
C008532,Vaishnavi Tata,Bhatpara,Gujarat,2026-08-18
C008533,Yashica Gupta,Pimpri-Chinchwad,Punjab,2022-03-23
C008534,Reva Biswas,Hyderabad,Jharkhand,2023-09-15
C008535,Parth Khatri,Mysore,Andhra Pradesh,2022-12-17
C008536,Maanas Pall,Pondicherry,Punjab,2024-12-24
C008537,Hitesh Bhalla,Sangli-Miraj & Kupwad,Maharashtra,2026-06-06
C008538,Baghyawati Bhatti,Bhind,Uttar Pradesh,2025-05-03
C008539,Gagan Singh,Deoghar,Manipur,2023-04-03
C008540,Jeremiah Bahri,Tirunelveli,Tripura,2026-08-27
C008541,Jeevika Chakrabarti,Tiruchirappalli,Tamil Nadu,2024-04-15
C008542,Champak Balakrishnan,Hapur,Odisha,2023-03-10
C008543,Champak Ram,Jalandhar,Bihar,2025-09-26
C008544,Naveen Nair,Imphal,Chhattisgarh,2025-12-17
C008545,Brijesh Mukherjee,Nagpur,Uttarakhand,2024-10-07
C008546,Omya Bajwa,Varanasi,Mizoram,2024-03-21
C008547,Gagan Soman,Rampur,Chhattisgarh,2022-02-01
C008548,Varenya Kade,Loni,Uttarakhand,2025-05-29
C008549,Garima Date,Rajahmundry,Goa,2023-01-26
C008550,Chakrika D’Alia,Ahmednagar,Sikkim,2023-04-19
C008551,Chatura Gill,Allahabad,Gujarat,2025-10-01
C008552,Alexander Bala,Mathura,Uttarakhand,2023-06-28
C008553,Liam Issac,Nagpur,Maharashtra,2023-02-22
C008554,Dayita Butala,Bhalswa Jahangir Pur,Arunachal Pradesh,2025-12-26
C008555,Oliver Tripathi,Vadodara,Himachal Pradesh,2022-06-24
C008556,Harish Muni,Mau,Uttarakhand,2024-01-16
C008557,Daksha Choudhury,Aizawl,Uttarakhand,2024-08-09
C008558,Sneha Mangat,Sagar,Telangana,2023-08-23
C008559,Vihaan Bhalla,Pune,Gujarat,2022-01-15
C008560,Finn Tella,Karimnagar,Sikkim,2026-01-12
C008561,Warinder Oza,Chinsurah,Chhattisgarh,2022-12-16
C008562,Bahadurjit Majumdar,Jehanabad,Rajasthan,2023-10-21
C008563,Saanvi Hayre,Kakinada,Assam,2023-03-01
C008564,Lakshmi Pandit,Sambhal,Tripura,2026-05-10
C008565,Daniel Dugar,Bangalore,Rajasthan,2026-03-08
C008566,Kavya Gupta,Shimla,Uttarakhand,2026-07-27
C008567,Shivani Pingle,Rajpur Sonarpur,West Bengal,2023-03-26
C008568,Meghana Nanda,Bongaigaon,Gujarat,2024-10-22
C008569,Aadhya Saran,Rourkela,Arunachal Pradesh,2022-08-21
C008570,Banjeet Setty,Panipat,Andhra Pradesh,2021-09-17
C008571,Sai Borra,Allahabad,Bihar,2021-12-05
C008572,Imaran Sastry,Tirupati,Uttarakhand,2026-06-21
C008573,Samaksh Gill,Arrah,Kerala,2023-07-20
C008574,Ucchal Nagi,Kota,Meghalaya,2024-06-13
C008575,Keya Chaudhry,Kozhikode,Himachal Pradesh,2021-11-10
C008576,Bachittar Desai,Chapra,Gujarat,2025-11-12
C008577,Fiyaz Walia,Tiruvottiyur,Arunachal Pradesh,2022-01-18
C008578,Maanav Solanki,Ahmedabad,Sikkim,2026-03-06
C008579,Kamya Sura,Bhavnagar,Haryana,2024-08-11
C008580,Baljiwan Dutta,Bijapur,Goa,2022-08-09
C008581,Liam Walia,Srinagar,Madhya Pradesh,2023-08-23
C008582,Bhavika Swaminathan,Gudivada,Goa,2025-10-15
C008583,Rushil Dora,Sri Ganganagar,Kerala,2022-05-08
C008584,Udyati Ahluwalia,Raichur,West Bengal,2023-04-09
C008585,Advay Mann,Chandrapur,Punjab,2023-12-25
C008586,Janaki Vaidya,Pali,Mizoram,2025-08-31
C008587,Bishakha Kannan,Kumbakonam,Gujarat,2022-08-12
C008588,Advay Dhar,Ambattur,Andhra Pradesh,2022-02-04
C008589,Abhimanyu Kapadia,Coimbatore,Bihar,2024-03-19
C008590,Vyanjana Padmanabhan,Aurangabad,Manipur,2026-03-28
C008591,Om Bora,Thrissur,Himachal Pradesh,2025-12-19
C008592,Bhavna Kaur,Thoothukudi,Gujarat,2024-03-23
C008593,Varenya Nayar,Jaipur,Uttar Pradesh,2026-01-16
C008594,Veer Dhillon,Singrauli,Assam,2023-08-24
C008595,Frederick Narain,Pallavaram,Haryana,2022-11-19
C008596,Jairaj Mohanty,Rajahmundry,Kerala,2024-08-01
C008597,Lucky Walla,Raebareli,Uttarakhand,2026-01-31
C008598,Tanish Sawhney,Faridabad,Gujarat,2023-01-31
C008599,Udant Dubey,Ongole,Arunachal Pradesh,2024-04-26
C008600,William Dey,Jalna,Andhra Pradesh,2023-01-10
C008601,Ira Oza,Tadepalligudem,Goa,2023-11-23
C008602,Chandresh Gandhi,Shahjahanpur,Bihar,2021-11-29
C008603,Yamini Pandya,Jorhat,Telangana,2021-11-13
C008604,Girik Kulkarni,Hazaribagh,Mizoram,2023-02-28
C008605,Umang Sura,Adoni,Arunachal Pradesh,2026-08-26
C008606,Ati Tank,Deoghar,West Bengal,2022-03-24
C008607,Maanas Minhas,Vellore,Chhattisgarh,2022-04-10
C008608,Nilima Chandran,Thrissur,Kerala,2023-11-18
C008609,Ranbir Kota,Allahabad,Goa,2024-05-26
C008610,Idika Raman,Ramagundam,Rajasthan,2026-05-03
C008611,Alka Contractor,Madhyamgram,Manipur,2022-08-10
C008612,Shivani Krishnamurthy,Asansol,Tripura,2023-04-08
C008613,Oeshi Patel,Katihar,Rajasthan,2024-10-10
C008614,Aashi Cherian,Anand,Tripura,2023-03-14
C008615,Arunima Nadig,Panipat,Kerala,2025-03-01
C008616,Mason Prabhu,Morbi,Maharashtra,2023-04-14
C008617,Vaishnavi Kashyap,Tumkur,West Bengal,2023-05-18
C008618,Vihaan Tandon,Bokaro,Bihar,2024-02-24
C008619,Yagnesh Bera,Allahabad,Rajasthan,2022-02-27
C008620,Samuel Bail,Tirunelveli,Tripura,2026-04-02
C008621,Teerth Dixit,Amritsar,Arunachal Pradesh,2023-03-04
C008622,Jagrati Nagarajan,Ichalkaranji,Meghalaya,2023-11-29
C008623,Ryan Randhawa,Pallavaram,Haryana,2024-06-08
C008624,Hardik Ratta,Saharsa,Haryana,2024-03-13
C008625,Ojas Tripathi,Parbhani,Tripura,2021-09-11
C008626,Samar Lata,Parbhani,Meghalaya,2023-05-03
C008627,Theodore Nayar,Ujjain,Uttar Pradesh,2022-07-23
C008628,Bishakha Doctor,Guntur,Uttarakhand,2025-03-08
C008629,Finn Vora,Alappuzha,Telangana,2025-09-22
C008630,Gaurav Joshi,Amritsar,Odisha,2022-06-13
C008631,Lila Sarna,Gaya,Uttar Pradesh,2022-11-16
C008632,Tanvi Sem,Giridih,Himachal Pradesh,2022-03-27
C008633,Alka Sur,Mangalore,Andhra Pradesh,2024-01-18
C008634,Umang Kapur,Munger,Odisha,2025-07-18
C008635,Radhika Devan,Silchar,Chhattisgarh,2023-12-27
C008636,Nimrat Bedi,Korba,Arunachal Pradesh,2021-12-28
C008637,Oscar Johal,Miryalaguda,Odisha,2022-04-24
C008638,Xiti Swaminathan,Bharatpur,West Bengal,2025-03-23
C008639,Qasim Borde,Ambala,Manipur,2026-05-18
C008640,Leena Dhar,Chapra,Mizoram,2025-09-22
C008641,Thomas Narasimhan,Nashik,Kerala,2025-08-06
C008642,Chandani Mital,Nagaon,Karnataka,2021-09-06
C008643,Chaitaly Sen,Sirsa,Tripura,2023-01-21
C008644,Mohini Chaudhary,Bulandshahr,West Bengal,2022-12-23
C008645,Sai Deo,Panvel,Madhya Pradesh,2023-08-22
C008646,Vrishti Sethi,Ahmednagar,Punjab,2024-11-08
C008647,Victor Pradhan,Fatehpur,Haryana,2025-02-03
C008648,Andrew Sethi,Arrah,Andhra Pradesh,2023-11-06
C008649,Anya Comar,Sasaram,Haryana,2025-12-03
C008650,Guneet Bhatti,Ratlam,Chhattisgarh,2026-04-17
C008651,Aayush Singh,Mehsana,Meghalaya,2026-08-09
C008652,Jatin Varty,Dindigul,Maharashtra,2022-04-01
C008653,Pooja Lal,Tirunelveli,Nagaland,2021-09-11
C008654,Atharv Dhillon,Mangalore,Sikkim,2024-03-22
C008655,Lipika Sant,Haridwar,Karnataka,2022-06-14
C008656,Jagvi Sant,Alappuzha,Goa,2025-02-04
C008657,Widisha Ben,Bellary,Nagaland,2026-03-04
C008658,Ronith Gill,Nagaon,Himachal Pradesh,2021-11-17
C008659,Rachit Rana,Sirsa,Madhya Pradesh,2023-10-31
C008660,Sara Saxena,Rourkela,Manipur,2023-06-13
C008661,Adweta Bhakta,Indore,Telangana,2024-05-27
C008662,Upadhriti Dubey,Udupi,Chhattisgarh,2025-05-08
C008663,Lipika Narang,Dharmavaram,Maharashtra,2025-07-28
C008664,Urishilla Choudhry,Haldia,Maharashtra,2026-04-06
C008665,Vrishti Kata,Ranchi,Andhra Pradesh,2022-05-04
C008666,Urishilla Singhal,Yamunanagar,Sikkim,2022-01-22
C008667,Praneel Dutta,Nagpur,Rajasthan,2023-10-16
C008668,Darika De,Sasaram,Goa,2022-10-29
C008669,Hemal Nagarajan,Ajmer,Andhra Pradesh,2024-04-22
C008670,Noah Lad,Rewa,Goa,2022-08-03
C008671,Arin Gara,Rampur,Uttarakhand,2021-11-20
C008672,Hitesh Buch,Jehanabad,Uttar Pradesh,2025-02-02
C008673,Advika Pall,Ozhukarai,Tamil Nadu,2024-04-29
C008674,Sai Ramachandran,Vijayanagaram,Tamil Nadu,2026-06-07
C008675,Oviya Mitter,Indore,Uttarakhand,2023-03-03
C008676,Manbir Vaidya,Uluberia,Sikkim,2025-11-03
C008677,Daniel Handa,Baranagar,Tamil Nadu,2023-05-03
C008678,Nidra Chaudhuri,Patiala,Uttar Pradesh,2023-03-04
C008679,Bimala Sethi,Ghaziabad,Sikkim,2026-08-16
C008680,Oeshi Comar,Rajahmundry,Uttar Pradesh,2025-09-06
C008681,Darpan Kuruvilla,Adoni,Arunachal Pradesh,2025-11-15
C008682,Henry Kapoor,Nizamabad,Maharashtra,2026-04-06
C008683,Lekha Walia,Kottayam,Karnataka,2026-04-01
C008684,Ranbir Chaudhry,Jaunpur,Uttar Pradesh,2025-10-12
C008685,Gayathri Halder,Thoothukudi,Assam,2025-12-23
C008686,Simon Krishnamurthy,Gangtok,Manipur,2022-02-14
C008687,Turvi Tak,Ahmednagar,Mizoram,2021-09-09
C008688,Zayyan Chana,Jammu,Goa,2025-03-21
C008689,Charvi Dasgupta,Bilaspur,Tripura,2022-10-19
C008690,Lohit Atwal,Suryapet,Madhya Pradesh,2024-10-05
C008691,Owen Gupta,Rampur,Nagaland,2025-10-18
C008692,Veer Misra,Tiruchirappalli,Assam,2024-02-01
C008693,Barkha Ranganathan,Satna,West Bengal,2025-10-19
C008694,Omkaar Nadig,Chandrapur,Bihar,2024-07-01
C008695,Ekaraj Shan,Chandigarh,Goa,2024-01-17
C008696,Mason D’Alia,Chapra,Chhattisgarh,2023-10-25
C008697,Mohini Comar,Panipat,Arunachal Pradesh,2023-08-10
C008698,Samarth Barad,Thoothukudi,Madhya Pradesh,2026-02-03
C008699,Jatin Sen,Unnao,Gujarat,2023-12-21
C008700,Mahika Swaminathan,Firozabad,Bihar,2023-08-06
C008701,Leena Hari,Kota,Uttar Pradesh,2024-05-20
C008702,Karan Deep,Varanasi,Odisha,2022-12-15
C008703,Faqid Kapur,Madhyamgram,Andhra Pradesh,2023-10-26
C008704,Benjamin Kalita,Pune,Meghalaya,2023-01-23
C008705,Rishi Banerjee,Kolhapur,Mizoram,2025-07-22
C008706,Anusha Nayak,Durgapur,Odisha,2024-10-20
C008707,Riya Dhingra,Thoothukudi,Nagaland,2024-12-04
C008708,Wyatt Dar,Thane,Rajasthan,2022-12-23
C008709,Yochana Sandal,Sagar,Nagaland,2025-06-01
C008710,Janaki Ramanathan,Guntur,Mizoram,2022-02-18
C008711,Ijaya Nadkarni,Amravati,Bihar,2021-12-19
C008712,Simon Brar,Bhubaneswar,Karnataka,2024-11-30
C008713,Urmi Nazareth,Vasai-Virar,Gujarat,2023-12-12
C008714,Ishaan De,Jorhat,Sikkim,2026-01-31
C008715,Abhiram Madan,Rajpur Sonarpur,Nagaland,2024-06-04
C008716,Zehaan Seshadri,Imphal,Tamil Nadu,2024-09-15
C008717,Isha Bassi,North Dumdum,Himachal Pradesh,2026-04-07
C008718,Yoshita Bassi,Chapra,Arunachal Pradesh,2024-04-07
C008719,Vaishnavi Varma,Tinsukia,West Bengal,2024-04-03
C008720,Aarav Randhawa,Ulhasnagar,Uttar Pradesh,2024-12-18
C008721,Jasmit Mohanty,Hapur,Sikkim,2022-10-17
C008722,Andrew Grover,Mehsana,Manipur,2025-11-27
C008723,Charan Walia,Ozhukarai,Haryana,2021-11-01
C008724,Thomas Jhaveri,Munger,Uttar Pradesh,2025-08-14
C008725,Darsh Pai,Phusro,Meghalaya,2026-08-01
C008726,Ira Kaur,Salem,Tamil Nadu,2022-11-22
C008727,Hemang Kapur,Dindigul,Haryana,2023-10-12
C008728,Ishita Venkatesh,Pune,Jharkhand,2022-05-03
C008729,Orinder Sunder,Belgaum,Chhattisgarh,2022-06-28
C008730,Isaac Chakrabarti,Barasat,Rajasthan,2023-12-22
C008731,Yoshita Palla,Ulhasnagar,Sikkim,2024-03-15
C008732,Elijah Badami,Pali,Uttarakhand,2026-03-17
C008733,Aarush Talwar,Shahjahanpur,Meghalaya,2025-10-14
C008734,Vincent Aurora,Bareilly,Tamil Nadu,2024-03-31
C008735,Advaith Sekhon,Kumbakonam,Goa,2022-02-24
C008736,Balveer Kohli,Bihar Sharif,Andhra Pradesh,2024-01-29
C008737,Anmol Chauhan,Aurangabad,Manipur,2026-05-23
C008738,Panini Jha,Kollam,Madhya Pradesh,2022-04-03
C008739,Geetika Patla,Guwahati,Goa,2021-10-19
C008740,William Butala,Dehri,Maharashtra,2026-03-23
C008741,Priya Shankar,Hapur,Madhya Pradesh,2024-02-28
C008742,Yachana Jaggi,New Delhi,Gujarat,2022-12-12
C008743,Barkha Virk,Vellore,Mizoram,2024-09-05
C008744,Frederick Agarwal,Visakhapatnam,Assam,2024-04-02
C008745,Isaiah Varma,Howrah,Uttar Pradesh,2023-01-21
C008746,Vedant Dayal,Pali,Manipur,2026-03-30
C008747,Gaurav Mody,Parbhani,Goa,2024-07-03
C008748,Yashoda Varughese,Patiala,Chhattisgarh,2023-12-01
C008749,Nirja Sankaran,Sultan Pur Majra,Sikkim,2025-11-02
C008750,Manthan Krish,Sangli-Miraj & Kupwad,Himachal Pradesh,2023-01-24
C008751,Gabriel Koshy,Durgapur,Jharkhand,2021-09-16
C008752,Ekbal Varughese,Srikakulam,Rajasthan,2024-02-13
C008753,Anmol Parmar,Giridih,Uttarakhand,2022-12-08
C008754,Zayyan Prabhakar,Ambarnath,Telangana,2025-02-14
C008755,Oliver Raja,Haldia,Telangana,2026-08-16
C008756,Ryan Malhotra,Nagaon,Sikkim,2022-04-07
C008757,Harinakshi Batta,Imphal,West Bengal,2024-12-30
C008758,Fiyaz Savant,Fatehpur,Maharashtra,2022-01-25
C008759,Chameli Bhardwaj,Siliguri,Himachal Pradesh,2022-08-03
C008760,Madhav Saha,Gandhinagar,Chhattisgarh,2025-04-04
C008761,Megha Bhakta,Sambhal,Jharkhand,2023-10-05
C008762,Avi Sarna,Farrukhabad,Manipur,2025-01-04
C008763,Advaith Parikh,Madurai,Uttarakhand,2023-07-08
C008764,Shaurya Shere,Morena,Madhya Pradesh,2024-11-23
C008765,Waida Sodhi,Udaipur,Jharkhand,2023-03-01
C008766,Om Subramanian,Madurai,Goa,2026-04-01
C008767,Nitara Cherian,Dibrugarh,Chhattisgarh,2025-04-17
C008768,Nathaniel Mammen,Sultan Pur Majra,Punjab,2026-06-28
C008769,Yashasvi Borah,Agra,Maharashtra,2026-05-10
C008770,Peter Shanker,Rewa,Assam,2021-10-03
C008771,Balhaar Sandal,Maheshtala,Chhattisgarh,2024-06-01
C008772,Yahvi Lata,Ludhiana,Madhya Pradesh,2023-01-09
C008773,Triveni Borde,Sri Ganganagar,Madhya Pradesh,2023-04-26
C008774,Edhitha Boase,Indore,Karnataka,2023-11-25
C008775,Isha Dave,Karawal Nagar,Mizoram,2025-03-31
C008776,Ucchal Sule,Raipur,Maharashtra,2026-08-10
C008777,Lakshit Babu,Mathura,Gujarat,2024-11-24
C008778,Vyanjana Balasubramanian,Serampore,Tripura,2023-09-28
C008779,Sathvik Sodhi,Munger,Tamil Nadu,2022-11-01
C008780,Falak Menon,Ambarnath,Rajasthan,2022-03-29
C008781,Anirudh Mukhopadhyay,Bongaigaon,Uttar Pradesh,2026-06-24
C008782,Theodore Pandya,Durgapur,Jharkhand,2022-01-27
C008783,Balveer Bhandari,Satna,Uttar Pradesh,2022-05-30
C008784,Mohini Raj,Ahmedabad,Kerala,2026-05-24
C008785,Diya Dugar,Rajpur Sonarpur,Odisha,2025-12-13
C008786,Gayathri Vyas,Ujjain,Chhattisgarh,2024-11-07
C008787,Daksh Ganguly,Aligarh,Maharashtra,2026-04-13
C008788,Neha Bassi,Siwan,Punjab,2023-03-19
C008789,Aarini Toor,Etawah,Maharashtra,2022-06-20
C008790,Indrajit Pau,Suryapet,Tamil Nadu,2023-04-07
C008791,Gabriel Biswas,New Delhi,Nagaland,2023-07-16
C008792,Krishna Rama,Anantapuram,Odisha,2023-05-04
C008793,Unnati Manda,Faridabad,Haryana,2024-03-02
C008794,Qushi Shroff,Mau,Uttar Pradesh,2025-01-11
C008795,Dhruv Chopra,Etawah,Madhya Pradesh,2026-06-12
C008796,Nilima Aggarwal,Aizawl,Sikkim,2022-02-25
C008797,Reva Vaidya,Haldia,Maharashtra,2021-11-24
C008798,Urishilla Dugar,Jalandhar,West Bengal,2024-01-31
C008799,Utkarsh Badal,Jalna,Nagaland,2021-11-27
C008800,Tanmayi Tank,Mehsana,Gujarat,2021-10-08
C008801,Prisha Mody,Serampore,Uttar Pradesh,2022-12-17
C008802,Vaishnavi Master,Katni,Karnataka,2026-05-24
C008803,Rohan Sampath,Avadi,Uttarakhand,2023-08-04
C008804,Manya Virk,Aligarh,Uttarakhand,2024-03-31
C008805,Unnati Pandya,Malda,Gujarat,2026-05-14
C008806,Hema Samra,Gangtok,Punjab,2025-08-26
C008807,Faris Padmanabhan,Gwalior,Gujarat,2021-11-05
C008808,Utkarsh Edwin,Sambhal,Gujarat,2022-06-07
C008809,Bhanumati Tata,Gangtok,Manipur,2025-01-03
C008810,Leela Peri,Sagar,West Bengal,2025-11-29
C008811,Faris Subramaniam,Ambattur,Himachal Pradesh,2021-12-30
C008812,Hritik Sastry,Raipur,Assam,2025-10-17
C008813,Oni Kamdar,Parbhani,Arunachal Pradesh,2025-03-04
C008814,Michael Dalal,Giridih,Bihar,2024-12-02
C008815,Rachita Sagar,Nangloi Jat,Goa,2025-07-14
C008816,Tanish Gill,Nadiad,Gujarat,2025-11-06
C008817,Dhruv Sachar,Avadi,Gujarat,2025-03-29
C008818,Jonathan Batra,Chinsurah,Meghalaya,2026-05-25
C008819,Nakul Sami,Jamshedpur,Kerala,2025-04-03
C008820,Charvi Sidhu,Srinagar,Goa,2026-04-14
C008821,Aadhya Parikh,Vijayawada,Uttar Pradesh,2024-11-29
C008822,Libni Bala,Moradabad,Kerala,2022-01-09
C008823,Raagini Ramaswamy,Dehradun,Nagaland,2024-06-26
C008824,Chandresh Balay,Khammam,Kerala,2025-08-28
C008825,Gautami Gopal,Saharanpur,West Bengal,2022-09-26
C008826,Andrew Rajan,Morena,Rajasthan,2025-07-04
C008827,Jack Mishra,Bhavnagar,Rajasthan,2022-02-21
C008828,Yashica Agate,Baranagar,Chhattisgarh,2021-09-03
C008829,Unni Ghose,Panchkula,Andhra Pradesh,2024-01-19
C008830,Omisha Vohra,Bhopal,Sikkim,2026-05-30
C008831,Vrinda Rama,Amravati,Assam,2025-05-09
C008832,Ikbal Din,Thane,Himachal Pradesh,2024-12-23
C008833,Yashica Kara,Bharatpur,Punjab,2026-04-02
C008834,Gopal Ray,Secunderabad,Nagaland,2022-07-13
C008835,Pahal Reddy,Rourkela,Tripura,2022-12-19
C008836,Krisha Bhatnagar,Kolhapur,Bihar,2023-09-08
C008837,Januja Bakshi,Noida,Punjab,2026-07-18
C008838,Vedhika Hari,Bettiah,Nagaland,2022-04-11
C008839,Mekhala Ahuja,Bhilwara,Tamil Nadu,2025-06-10
C008840,Alexander Sidhu,Dhule,Jharkhand,2024-04-25
C008841,Isaiah Sibal,Gandhinagar,Maharashtra,2024-12-10
C008842,Mitali Grewal,Korba,Goa,2023-09-02
C008843,Kashvi Anne,Dharmavaram,Meghalaya,2024-12-07
C008844,Balveer Hari,Kota,Madhya Pradesh,2024-07-21
C008845,Tripti Doctor,Fatehpur,Sikkim,2021-12-14
C008846,Faqid Contractor,Loni,Nagaland,2023-06-26
C008847,Andrew Madan,Sasaram,Assam,2025-01-08
C008848,Rachit Butala,Hyderabad,Himachal Pradesh,2022-10-06
C008849,Gagan Pau,Etawah,Goa,2025-09-24
C008850,Indrajit Brar,Singrauli,Kerala,2025-02-28
C008851,Quincy Grewal,Moradabad,Goa,2026-01-03
C008852,Gautami Bajwa,Hazaribagh,Jharkhand,2022-09-22
C008853,Gopal Pandya,Kozhikode,Goa,2023-12-01
C008854,Anika Kumar,Bhopal,Tamil Nadu,2025-01-24
C008855,Frederick Pai,Warangal,Chhattisgarh,2022-02-10
C008856,Lekha Mall,Amritsar,Nagaland,2023-04-07
C008857,Ijaya Nazareth,Durg,Haryana,2023-03-02
C008858,Ishwar Subramanian,Parbhani,Kerala,2024-11-15
C008859,Hemangini Bose,Pimpri-Chinchwad,Mizoram,2021-12-27
C008860,Ishaan Seth,Hajipur,Meghalaya,2022-08-10
C008861,Harini Kapur,Mango,West Bengal,2023-05-02
C008862,Alka Dubey,Secunderabad,Manipur,2022-03-02
C008863,Raagini Patla,Amaravati,Goa,2024-05-08
C008864,Atharv Tailor,Nangloi Jat,Uttarakhand,2026-07-23
C008865,Aarav Lala,Ramgarh,Telangana,2026-03-29
C008866,Ekaraj Sarma,Guwahati,Rajasthan,2023-08-09
C008867,Charan Golla,Madurai,Madhya Pradesh,2025-10-28
C008868,Libni Soman,Mehsana,Arunachal Pradesh,2022-12-13
C008869,Brinda Buch,Dehradun,Maharashtra,2023-01-16
C008870,Amol Warrior,Ahmedabad,Nagaland,2023-06-03
C008871,Anirudh Chadha,Kamarhati,Rajasthan,2022-09-14
C008872,Aadhya Bhavsar,Shahjahanpur,Assam,2022-03-31
C008873,Victor Bera,Ahmednagar,Assam,2023-08-16
C008874,Luke Zachariah,Mangalore,Mizoram,2025-06-30
C008875,Elijah Kade,Barasat,Chhattisgarh,2023-08-23
C008876,Mohini Thaman,Dharmavaram,Andhra Pradesh,2021-10-13
C008877,Tara Sane,Sangli-Miraj & Kupwad,Tamil Nadu,2025-07-31
C008878,Bakhshi Shere,Jalgaon,Kerala,2023-10-03
C008879,Raghav Viswanathan,Aizawl,Assam,2023-08-02
C008880,Triveni Lal,Siwan,Sikkim,2024-07-07
C008881,Jagrati Krishnan,Tirunelveli,Sikkim,2023-07-24
C008882,Abha Kumer,Akola,Kerala,2026-05-25
C008883,Garima Bhatt,Hajipur,Mizoram,2022-12-16
C008884,Sachi Char,Nagaon,Sikkim,2025-07-08
C008885,Ekta Kohli,Sonipat,Punjab,2025-05-08
C008886,Mekhala Apte,Guntur,Uttarakhand,2024-07-18
C008887,Xalak Tandon,Bathinda,Haryana,2026-01-05
C008888,Shivani Saran,Arrah,Gujarat,2022-10-06
C008889,Urishilla Viswanathan,Gorakhpur,Andhra Pradesh,2022-09-02
C008890,Matthew Comar,Rohtak,Tripura,2024-02-02
C008891,Saksham Chana,Karaikudi,Tamil Nadu,2022-06-03
C008892,Ethan Rama,Tadepalligudem,Bihar,2021-10-28
C008893,Champak Madan,Mau,Bihar,2024-11-13
C008894,Pratyush Khare,Nadiad,Tamil Nadu,2025-04-14
C008895,Akshay Contractor,Darbhanga,Uttar Pradesh,2026-01-25
C008896,Nihal Nagarajan,Agartala,West Bengal,2025-02-22
C008897,Jagdish Kamdar,Eluru,Tamil Nadu,2024-03-09
C008898,Rushil Bakshi,Nagercoil,Gujarat,2024-07-22
C008899,Neel Mahajan,Ozhukarai,Sikkim,2024-09-26
C008900,Warinder Halder,Coimbatore,Tamil Nadu,2025-02-20
C008901,Amrita Hegde,Sambalpur,Goa,2024-01-05
C008902,Theodore Panchal,Amravati,Maharashtra,2025-11-19
C008903,Watika Solanki,Sangli-Miraj & Kupwad,Tripura,2022-02-13
C008904,Victor Tank,Ambala,Mizoram,2026-05-01
C008905,Lucky Shroff,Gandhinagar,Telangana,2025-04-13
C008906,Omaja Manda,Karimnagar,Telangana,2023-07-09
C008907,Advika Badami,Shimoga,Meghalaya,2025-05-06
C008908,Chandani Prabhakar,Farrukhabad,Andhra Pradesh,2025-03-21
C008909,Zarna Mital,Mau,Gujarat,2023-01-14
C008910,Mekhala Kata,Begusarai,Andhra Pradesh,2022-04-16
C008911,Vrishti Gill,Jhansi,Odisha,2026-04-15
C008912,Anay Gala,Bhopal,Uttar Pradesh,2024-09-03
C008913,Harita Sem,Panihati,Nagaland,2025-04-24
C008914,Nikita Batta,Bongaigaon,Uttarakhand,2025-04-26
C008915,Hritik Kohli,Gopalpur,Arunachal Pradesh,2025-03-06
C008916,Azad Patel,Anand,Uttarakhand,2024-04-21
C008917,Chaman Tak,New Delhi,Kerala,2021-12-20
C008918,Jai Vala,Dharmavaram,Manipur,2024-02-28
C008919,Lipika Kapur,Dehradun,Mizoram,2024-04-28
C008920,Niharika Kapoor,Bhusawal,Maharashtra,2021-09-15
C008921,Udant Nayak,Tiruchirappalli,Meghalaya,2026-07-18
C008922,Hitesh Dalal,Deoghar,Odisha,2022-04-03
C008923,Ayaan Naidu,Jaipur,Chhattisgarh,2025-07-09
C008924,Andrew Pandey,Bilaspur,Manipur,2026-07-22
C008925,Charan Natarajan,Kolhapur,Haryana,2023-07-05
C008926,Aadhya Shanker,Sambhal,Mizoram,2026-02-22
C008927,Amaira Hora,Kharagpur,Uttar Pradesh,2023-12-29
C008928,Yashawini Dugal,Rampur,Madhya Pradesh,2023-06-01
C008929,Sarthak Kothari,Hyderabad,Arunachal Pradesh,2023-07-23
C008930,Anita Shan,Eluru,Sikkim,2025-02-09
C008931,Warinder Mane,Ambarnath,Haryana,2022-01-23
C008932,Jeremiah Vora,Guntakal,Jharkhand,2021-10-07
C008933,Ikbal Chakraborty,Dharmavaram,Kerala,2022-10-21
C008934,Vinaya Thakkar,Jorhat,Meghalaya,2024-02-24
C008935,Chavvi Raju,Erode,Uttarakhand,2025-03-20
C008936,Shravya Basu,Agra,Rajasthan,2023-11-19
C008937,Vaishnavi Hayer,Arrah,Assam,2023-11-01
C008938,Kashvi Khatri,Etawah,Telangana,2023-11-25
C008939,Noah Date,Jorhat,Tamil Nadu,2024-03-21
C008940,Nidhi Ram,Pimpri-Chinchwad,Punjab,2025-10-21
C008941,Aarav Chand,Nadiad,Bihar,2023-08-04
C008942,Guneet Pillay,Bihar Sharif,Bihar,2026-04-17
C008943,Chameli Bhandari,Bijapur,Mizoram,2025-01-29
C008944,Radhika Amble,Kharagpur,Odisha,2024-10-20
C008945,Anita Murthy,Buxar,Uttarakhand,2025-08-20
C008946,Jalsa Pillay,Jabalpur,Goa,2023-10-04
C008947,Anay Bath,Khammam,Chhattisgarh,2023-03-09
C008948,Chaaya Bakshi,Raurkela Industrial Township,Andhra Pradesh,2025-10-08
C008949,Nitesh Madan,Lucknow,Bihar,2022-12-03
C008950,Tripti Deshpande,Kalyan-Dombivli,Odisha,2024-03-21
C008951,Aadhya Ghosh,Nagpur,Mizoram,2022-10-31
C008952,Frado Parsa,Sirsa,Telangana,2026-01-07
C008953,Siddharth Mani,Mathura,Manipur,2022-12-07
C008954,Balveer Shan,Satna,Meghalaya,2022-07-06
C008955,Madhavi Biswas,Kirari Suleman Nagar,Himachal Pradesh,2026-07-31
C008956,Yoshita Parsa,Bharatpur,Goa,2024-05-24
C008957,Yatin Nagar,Tadipatri,Odisha,2024-07-24
C008958,Divya Madan,Jalna,Haryana,2025-03-31
C008959,Bhavya Khatri,Warangal,Jharkhand,2023-09-01
C008960,Yauvani Menon,Patna,Maharashtra,2023-11-26
C008961,Chanchal Mital,Mirzapur,Telangana,2022-02-01
C008962,Rehaan Kothari,Bathinda,Tamil Nadu,2025-10-18
C008963,Harrison Narain,Pune,Mizoram,2026-04-22
C008964,Priya Jaggi,Saharsa,Jharkhand,2024-06-28
C008965,Idika Ahuja,Bokaro,Punjab,2024-12-21
C008966,William Subramanian,Rohtak,Meghalaya,2025-02-27
C008967,Irya Randhawa,Satara,Arunachal Pradesh,2024-09-08
C008968,Warjas Malhotra,Ludhiana,Goa,2025-07-23
C008969,Janani Lala,Meerut,Bihar,2024-01-05
C008970,Harinakshi Bail,Panihati,Maharashtra,2026-07-25
C008971,Lajita Kar,Vadodara,Chhattisgarh,2022-07-15
C008972,Ayush Luthra,Bihar Sharif,Tripura,2026-07-08
C008973,Bhavna Ramachandran,Tenali,Kerala,2023-04-05
C008974,Tanay Bail,Bulandshahr,West Bengal,2025-05-19
C008975,Dayita Dash,Gandhinagar,West Bengal,2022-02-14
C008976,Ekantika Tailor,Jhansi,West Bengal,2026-07-22
C008977,Advika Parmer,Sagar,Gujarat,2025-03-16
C008978,Tristan Hans,Ghaziabad,Rajasthan,2023-06-19
C008979,Nachiket Borde,Miryalaguda,Bihar,2022-08-31
C008980,Teerth Suresh,Jhansi,Telangana,2026-04-29
C008981,Bahadurjit Sehgal,Karaikudi,Punjab,2026-01-21
C008982,Neha Sethi,Erode,West Bengal,2024-12-10
C008983,Yashodhara Tripathi,Kollam,Uttarakhand,2023-05-02
C008984,Rachita Nagi,Kavali,Nagaland,2023-06-26
C008985,Dominic Gole,Kolhapur,Uttar Pradesh,2024-02-28
C008986,Hritik Luthra,Karimnagar,Jharkhand,2023-05-12
C008987,Ati Puri,Morena,Sikkim,2023-10-01
C008988,Yuvraj Nadig,Morbi,Goa,2024-10-15
C008989,Gautam Nayar,Arrah,Mizoram,2024-01-22
C008990,Michael Badami,Kurnool,Goa,2023-07-29
C008991,Nicholas Apte,Narasaraopet,Chhattisgarh,2024-11-22
C008992,Darpan Choudhry,Berhampur,Mizoram,2024-09-06
C008993,Januja Patla,Dhanbad,Kerala,2022-06-22
C008994,Unnati Puri,Barasat,Goa,2024-12-12
C008995,Lakshit Merchant,Ambattur,Maharashtra,2025-11-14
C008996,Aarush Kurian,Chandigarh,Andhra Pradesh,2025-12-05
C008997,Chatresh Gokhale,Bally,Punjab,2022-07-17
C008998,Ekanta Sood,Hajipur,Odisha,2024-09-19
C008999,Amaira Dey,Jalgaon,Meghalaya,2024-07-18
C009000,Gautam Savant,Bhimavaram,Assam,2021-09-20
C009001,Vihaan Sathe,Secunderabad,Maharashtra,2024-08-03
C009002,Udarsh Joshi,Davanagere,Himachal Pradesh,2023-04-17
C009003,Ethan Bhasin,Ludhiana,Andhra Pradesh,2023-02-05
C009004,Peter Bains,Mira-Bhayandar,Manipur,2025-08-05
C009005,Ayaan Ramachandran,Guntur,Kerala,2026-08-13
C009006,Urishilla Sodhi,Bihar Sharif,Bihar,2022-06-28
C009007,Yahvi Mukhopadhyay,Akola,Assam,2025-10-12
C009008,Vedika Kulkarni,Solapur,Tamil Nadu,2023-11-05
C009009,Bhavna Solanki,Panihati,Maharashtra,2025-09-29
C009010,Rajeshri Boase,Loni,Jharkhand,2025-12-13
C009011,Michael Rajagopalan,Bettiah,Tamil Nadu,2022-09-29
C009012,Darika Chadha,Etawah,Rajasthan,2024-08-04
C009013,Udyati Khare,Thiruvananthapuram,Arunachal Pradesh,2026-02-05
C009014,Chakradhar Kapadia,Panipat,Uttarakhand,2023-02-09
C009015,Nachiket Taneja,Jalna,Punjab,2025-06-16
C009016,Arunima Mohan,Pali,Gujarat,2024-03-03
C009017,Advika Srivastava,Jehanabad,Maharashtra,2024-07-16
C009018,Zaid Chaudhari,Kanpur,Assam,2024-10-30
C009019,Noah Borah,Etawah,Tripura,2026-08-22
C009020,Ekbal Gade,Khandwa,Uttar Pradesh,2026-06-08
C009021,Leena Bali,Ahmednagar,Chhattisgarh,2023-09-06
C009022,Harrison Bora,Bhimavaram,Karnataka,2023-01-25
C009023,Ekantika Lalla,Mirzapur,Manipur,2021-10-29
C009024,Fariq Singh,Bongaigaon,Sikkim,2022-07-16
C009025,Gabriel Kala,Alwar,Meghalaya,2022-02-14
C009026,Raghav Bhandari,Jalna,Assam,2024-01-09
C009027,Udant Sarna,Bahraich,Himachal Pradesh,2024-08-01
C009028,Kavya Das,Ahmednagar,Tripura,2023-04-25
C009029,Ekalinga Ray,Firozabad,Uttarakhand,2025-12-25
C009030,Manya Pillay,Bettiah,Assam,2024-10-28
C009031,Osha Raman,Thanjavur,Rajasthan,2022-06-15
C009032,Maanav Ram,Jamnagar,Assam,2023-07-05
C009033,Chatresh Comar,Tiruchirappalli,Jharkhand,2025-10-11
C009034,Oscar Dass,Bathinda,Gujarat,2022-07-03
C009035,Edhitha Bumb,Ichalkaranji,Uttar Pradesh,2024-02-19
C009036,Alexander Nath,Hyderabad,Andhra Pradesh,2026-01-29
C009037,Umang Vasa,Mahbubnagar,Himachal Pradesh,2023-01-08
C009038,Unnati Rao,Srikakulam,Odisha,2021-12-24
C009039,Pooja Narayan,Kamarhati,Bihar,2022-07-24
C009040,Anthony Virk,Kadapa,Telangana,2022-04-25
C009041,Sara Lal,Bhusawal,West Bengal,2025-10-18
C009042,Pallavi Nagi,Chittoor,Arunachal Pradesh,2026-07-23
C009043,Qushi Tailor,Kochi,Telangana,2025-04-13
C009044,Arin Jaggi,Ulhasnagar,Rajasthan,2026-01-19
C009045,Upadhriti Mistry,Amritsar,West Bengal,2024-07-13
C009046,Fiyaz Pillai,Silchar,Mizoram,2026-08-23
C009047,Gaurav Cherian,Jodhpur,Madhya Pradesh,2025-10-31
C009048,Ryan Magar,Karaikudi,Tripura,2024-05-22
C009049,Zayyan Raval,Bidhannagar,Kerala,2025-07-24
C009050,Lajita Nadig,Nagpur,Chhattisgarh,2023-04-19
C009051,Sai Mani,Kharagpur,Nagaland,2023-05-03
C009052,Hemangini Shenoy,Muzaffarnagar,Uttarakhand,2024-09-01
C009053,Anthony Bath,Bhusawal,Nagaland,2024-02-25
C009054,Dominic Dhingra,Gopalpur,Rajasthan,2022-03-11
C009055,Timothy Venkataraman,Jorhat,Punjab,2023-04-10
C009056,Samaksh Yogi,Sagar,Telangana,2025-08-15
C009057,Charan Maharaj,Chapra,Madhya Pradesh,2023-03-25
C009058,Maanas Dyal,Karnal,Tripura,2026-06-30
C009059,Samaksh Sathe,Gulbarga,Bihar,2021-09-17
C009060,Ryan Golla,Bikaner,Manipur,2022-10-26
C009061,Rachana Ranganathan,Arrah,Himachal Pradesh,2026-08-12
C009062,Januja Tank,Pune,Haryana,2025-07-20
C009063,Wyatt Sodhi,Dindigul,Uttar Pradesh,2022-03-07
C009064,Aayush Rattan,Phusro,Himachal Pradesh,2026-01-21
C009065,Riya Behl,Adoni,Tamil Nadu,2025-03-27
C009066,Manthan Misra,Amroha,Telangana,2022-05-19
C009067,Pushti Kala,Tadepalligudem,Mizoram,2021-11-30
C009068,Amruta Sem,Mumbai,Goa,2026-03-06
C009069,Tanay Savant,Delhi,Tripura,2026-06-10
C009070,Vamakshi Barad,Satna,Sikkim,2023-02-04
C009071,Oscar Loke,Kulti,Assam,2022-01-16
C009072,Teerth Dhar,Lucknow,Gujarat,2025-02-06
C009073,Aishani Banik,Giridih,Goa,2024-07-24
C009074,Manan Taneja,Giridih,Mizoram,2023-06-30
C009075,Yoshita Dara,Patiala,Tripura,2024-01-13
C009076,Ayushman Shan,Barasat,Uttarakhand,2026-04-08
C009077,Benjamin Narayanan,Hapur,Andhra Pradesh,2026-05-03
C009078,Wakeeta Parmar,Kadapa,Kerala,2026-05-19
C009079,Wakeeta Mammen,Erode,Rajasthan,2025-05-26
C009080,Nachiket Garde,Tirunelveli,Uttar Pradesh,2026-03-27
C009081,Aachal Gandhi,Bangalore,Jharkhand,2025-02-17
C009082,Triya Chander,Jalna,Chhattisgarh,2024-12-14
C009083,Chanchal Bera,Raebareli,Uttar Pradesh,2022-05-21
C009084,Anamika Pai,Gwalior,Assam,2025-05-07
C009085,Harish Dugar,Raipur,Uttarakhand,2026-05-19
C009086,Harrison Rout,Sirsa,Madhya Pradesh,2023-03-08
C009087,Arin Ratta,Alappuzha,Telangana,2023-03-16
C009088,Krisha Madan,Bokaro,Telangana,2021-10-27
C009089,Champak Raghavan,Coimbatore,Uttar Pradesh,2024-04-26
C009090,Bakhshi De,Bardhaman,Gujarat,2023-03-19
C009091,Chameli Agrawal,Junagadh,West Bengal,2026-03-08
C009092,Bhavika Divan,Amravati,Tamil Nadu,2025-11-05
C009093,Aradhana Shankar,Pallavaram,Sikkim,2023-06-10
C009094,Vritti Bansal,Nashik,Jharkhand,2023-12-09
C009095,Lucky Badal,Mango,Jharkhand,2024-02-11
C009096,Vaishnavi Borah,Junagadh,Sikkim,2025-09-20
C009097,Baghyawati Divan,Rohtak,Chhattisgarh,2022-06-11
C009098,Arya Bakshi,Proddatur,Tripura,2022-04-29
C009099,Rajeshri Rai,Kavali,Chhattisgarh,2021-10-01
C009100,Dakshesh Handa,Phusro,Jharkhand,2023-02-19
C009101,Ishwar Kannan,Asansol,Jharkhand,2025-10-29
C009102,Omaja Mishra,Warangal,Uttarakhand,2022-10-02
C009103,Sai Chatterjee,Ramagundam,Arunachal Pradesh,2021-11-26
C009104,Yachana Parsa,Firozabad,Bihar,2023-12-05
C009105,Avni Patla,Aizawl,Maharashtra,2025-01-07
C009106,Vasana Buch,Mysore,Chhattisgarh,2022-01-16
C009107,Sarthak Khosla,Kumbakonam,Kerala,2026-08-01
C009108,Anjali Sibal,Machilipatnam,Manipur,2024-09-10
C009109,Avni Radhakrishnan,Shimla,Madhya Pradesh,2025-01-14
C009110,Aadhya Chander,Barasat,Tamil Nadu,2026-01-02
C009111,Maya Mallick,Rajpur Sonarpur,Goa,2024-03-25
C009112,Neel Choudhry,Rohtak,Telangana,2024-09-01
C009113,Laban Mander,Guntur,Bihar,2024-04-08
C009114,Girish Arya,Anantapuram,Odisha,2026-01-12
C009115,Divya Basak,Thanjavur,Uttarakhand,2025-12-08
C009116,Rehaan Sami,Aurangabad,Tripura,2024-02-26
C009117,Dakshesh Naidu,Jorhat,Haryana,2025-10-04
C009118,Ira Jayaraman,Gangtok,Tripura,2021-12-12
C009119,Ekani Shanker,Rohtak,Assam,2021-10-22
C009120,Widisha Parmar,Gudivada,Karnataka,2022-03-02
C009121,Ekiya Magar,Gorakhpur,Gujarat,2025-04-27
C009122,Baljiwan Dass,Akola,Telangana,2022-12-07
C009123,Gaurangi Nagy,Jhansi,Uttar Pradesh,2022-07-06
C009124,Gunbir Parsa,Chapra,Kerala,2026-07-21
C009125,Oscar Loyal,Narasaraopet,Tamil Nadu,2025-05-27
C009126,Rachita Raman,North Dumdum,Uttar Pradesh,2023-07-05
C009127,Chakradhar Dalal,Moradabad,Rajasthan,2025-08-31
C009128,Samarth Dayal,Kulti,Chhattisgarh,2024-09-07
C009129,Ryan Ranganathan,Baranagar,Himachal Pradesh,2022-09-11
C009130,Nachiket Bobal,Sonipat,Assam,2024-04-24
C009131,Dev Chaudhary,Alappuzha,Nagaland,2025-11-27
C009132,Ladli D’Alia,Kumbakonam,Haryana,2025-09-24
C009133,Oscar Das,Dhule,Nagaland,2023-11-08
C009134,Benjamin Jayaraman,Anantapur,Rajasthan,2026-08-19
C009135,Triya Kapur,Davanagere,Sikkim,2022-07-30
C009136,Jacob Jain,Udaipur,Jharkhand,2023-05-07
C009137,Lakshmi Raghavan,Warangal,Uttarakhand,2022-08-11
C009138,Krishna Gokhale,Thanjavur,Haryana,2024-01-05
C009139,Akshay Rajagopalan,Solapur,Uttarakhand,2024-02-22
C009140,Isaiah Deep,Tiruvottiyur,Tamil Nadu,2026-05-15
C009141,Baghyawati Kurian,Serampore,Haryana,2023-05-14
C009142,David Bala,Sagar,Mizoram,2022-08-04
C009143,Ranbir Pingle,Rajpur Sonarpur,Tamil Nadu,2023-09-29
C009144,Anvi Bhatnagar,Etawah,Bihar,2025-12-05
C009145,Aarush Sen,Kharagpur,Kerala,2026-03-21
C009146,Gayathri Narang,Sasaram,Telangana,2023-09-11
C009147,Keya Chakrabarti,Davanagere,Sikkim,2024-07-23
C009148,Aarnav Nigam,Nangloi Jat,Uttar Pradesh,2023-06-01
C009149,David Srivastava,Buxar,Himachal Pradesh,2026-03-01
C009150,Libni Kothari,Purnia,Madhya Pradesh,2025-06-04
C009151,Guneet Kala,Mangalore,Tamil Nadu,2026-01-29
C009152,Yatin Jayaraman,Thanjavur,Jharkhand,2025-10-29
C009153,Jacob Buch,Gwalior,Jharkhand,2023-05-04
C009154,Rayaan Karan,Nanded,Manipur,2023-02-10
C009155,Yasti Dara,Erode,Kerala,2024-11-29
C009156,Chaaya Bhagat,Miryalaguda,Sikkim,2025-08-13
C009157,Dalaja Sharma,Surat,Madhya Pradesh,2024-01-19
C009158,Samesh Khatri,Panchkula,Mizoram,2023-01-05
C009159,Amrita Mander,Ahmednagar,Karnataka,2022-01-15
C009160,Zansi Muni,Guntakal,Haryana,2023-07-24
C009161,Avi Ramanathan,Bhusawal,Gujarat,2026-04-13
C009162,Victor Choudhary,Bhimavaram,Jharkhand,2025-08-31
C009163,Arya Pant,Karimnagar,Maharashtra,2021-10-16
C009164,Jairaj Sabharwal,Karimnagar,Odisha,2023-03-22
C009165,Deepa Varty,Belgaum,Punjab,2025-03-03
C009166,Ekanta Mane,Jaunpur,Meghalaya,2022-09-23
C009167,Faris Dara,Bhubaneswar,Uttarakhand,2023-08-07
C009168,Chameli Mukherjee,Chittoor,Goa,2026-08-02
C009169,Jagdish Thakkar,Tirupati,Arunachal Pradesh,2022-08-27
C009170,Sanya Agarwal,Davanagere,Assam,2024-11-14
C009171,Urmi Dhar,Anand,West Bengal,2026-04-23
C009172,Zaitra Kuruvilla,Tirunelveli,Manipur,2022-08-30
C009173,Aishani Patel,Pudukkottai,Assam,2023-02-28
C009174,Jack Edwin,Morena,Jharkhand,2024-04-14
C009175,Kavya Sampath,Katni,Karnataka,2022-09-20
C009176,Upasna Bajwa,Berhampore,Arunachal Pradesh,2023-01-22
C009177,Sudiksha Dasgupta,Mirzapur,Andhra Pradesh,2024-11-13
C009178,Indrajit Devan,Muzaffarnagar,West Bengal,2024-10-17
C009179,Wridesh Saxena,Gwalior,Punjab,2025-05-05
C009180,Aishani Prasad,Bilaspur,Arunachal Pradesh,2024-10-11
C009181,Yashawini Shukla,Muzaffarpur,Uttarakhand,2024-10-02
C009182,Yochana Varughese,Secunderabad,Goa,2023-02-08
C009183,Reva Subramanian,South Dumdum,Kerala,2026-08-23
C009184,Isha Nagarajan,Anantapuram,Chhattisgarh,2023-01-03
C009185,Ekanta Menon,Mangalore,Uttarakhand,2026-07-31
C009186,Quincy Thaman,Sultan Pur Majra,Haryana,2023-10-11
C009187,Warinder Shah,Haldia,Telangana,2023-07-01
C009188,Samuel Behl,Aurangabad,Manipur,2022-05-23
C009189,Ishani Sood,Maheshtala,Chhattisgarh,2024-11-05
C009190,Maya Sachdev,Madurai,Kerala,2025-04-06
C009191,Anamika Puri,Mehsana,Jharkhand,2025-11-04
C009192,Warjas Babu,Haridwar,Madhya Pradesh,2023-09-26
C009193,Chatura Datta,Sasaram,Manipur,2022-08-28
C009194,Gauri Thakkar,Jaipur,Karnataka,2023-08-04
C009195,Niharika Narula,South Dumdum,Goa,2025-12-22
C009196,Madhavi Dasgupta,Sangli-Miraj & Kupwad,Manipur,2023-12-26
C009197,Dalbir Anne,Durg,Assam,2021-08-31
C009198,Orinder Wable,Bhopal,Uttarakhand,2023-09-01
C009199,Gaurang Sood,Giridih,Odisha,2023-12-15
C009200,Aarna Nigam,Jaipur,Punjab,2025-09-20
C009201,Prisha Loke,Dhanbad,Uttar Pradesh,2025-09-07
C009202,Oscar Nagi,Tumkur,Maharashtra,2022-07-27
C009203,Ekta Narasimhan,South Dumdum,Uttarakhand,2023-11-17
C009204,Laksh Sarna,Meerut,Bihar,2024-09-28
C009205,Ishwar Karnik,Kottayam,Rajasthan,2023-08-10
C009206,Rayaan Choudhry,Raebareli,Rajasthan,2024-05-31
C009207,Indira Datta,Tiruppur,Himachal Pradesh,2024-06-13
C009208,Pahal Balakrishnan,Aurangabad,Telangana,2023-07-05
C009209,Leela Rajagopal,Ahmedabad,Sikkim,2026-06-07
C009210,Leena Anne,Meerut,Karnataka,2022-03-05
C009211,Bimala Bala,Bareilly,Assam,2026-04-05
C009212,Pranav Majumdar,Jalandhar,Sikkim,2024-03-01
C009213,Banjeet Sha,Darbhanga,Gujarat,2026-01-20
C009214,Ekani Kar,Malda,Gujarat,2022-11-28
C009215,Rachita Chopra,Secunderabad,Goa,2022-12-25
C009216,Faris Bhavsar,Bhilwara,Assam,2024-02-28
C009217,Lakshit Sachdeva,Yamunanagar,Kerala,2026-04-03
C009218,Falak Ghosh,Mathura,Nagaland,2023-05-28
C009219,Xiti Naik,Indore,Tamil Nadu,2025-02-22
C009220,Ekta Ravi,Bahraich,Arunachal Pradesh,2023-06-30
C009221,Kavya Swamy,Bathinda,Odisha,2022-07-19
C009222,Yagnesh Krishnan,Narasaraopet,Himachal Pradesh,2023-07-08
C009223,Ubika More,Malda,West Bengal,2025-12-08
C009224,Zashil Bhatia,Muzaffarpur,Arunachal Pradesh,2025-10-01
C009225,Ishwar Mukherjee,Ozhukarai,Sikkim,2021-12-07
C009226,Pahal Arya,Solapur,Mizoram,2023-10-16
C009227,Nilima Bhavsar,Sasaram,Assam,2026-04-25
C009228,Theodore Solanki,Gorakhpur,Bihar,2022-01-14
C009229,Tripti Aggarwal,Bally,Tamil Nadu,2023-10-26
C009230,Diya Karpe,Karnal,Madhya Pradesh,2025-08-29
C009231,Gaurav Bhatt,Aurangabad,Assam,2021-09-23
C009232,Janaki Deo,Raichur,Tripura,2026-02-18
C009233,Ekavir Ray,Raurkela Industrial Township,Assam,2024-03-20
C009234,Orinder Apte,Chennai,Nagaland,2026-01-08
C009235,Oviya Misra,Aizawl,Haryana,2025-07-23
C009236,Noah Dutta,Guna,Kerala,2024-06-08
C009237,Ranveer Brar,Phusro,Haryana,2024-09-06
C009238,Ekbal Basu,Kollam,Chhattisgarh,2025-08-09
C009239,Ekbal Baria,Sultan Pur Majra,Meghalaya,2025-07-03
C009240,Gaurang Chatterjee,Tirunelveli,Uttarakhand,2024-05-18
C009241,Suhani Nagar,Dhule,Karnataka,2026-04-16
C009242,Ishwar Palan,Sagar,Odisha,2023-12-30
C009243,Anmol Talwar,Chinsurah,West Bengal,2025-09-08
C009244,Utkarsh Shanker,Vasai-Virar,Mizoram,2025-12-16
C009245,Gopal Batta,Burhanpur,West Bengal,2021-12-08
C009246,Januja Nadkarni,Ranchi,Himachal Pradesh,2022-11-21
C009247,Udant Sarma,Vellore,Odisha,2025-02-13
C009248,Zaid Deep,Gopalpur,Odisha,2024-12-31
C009249,Ayushman Sunder,Belgaum,Nagaland,2025-08-28
C009250,Warhi Datta,Jamalpur,Andhra Pradesh,2024-09-24
C009251,Jackson Dugal,Sambhal,West Bengal,2025-05-16
C009252,Leena Raju,Morena,Haryana,2023-12-02
C009253,Daniel Lanka,Sikar,Nagaland,2024-06-04
C009254,Bina Ramesh,Sambhal,Mizoram,2026-02-23
C009255,Yashawini Khare,Madurai,Punjab,2022-04-27
C009256,Ranbir Balay,Bihar Sharif,Chhattisgarh,2022-06-22
C009257,Eshana Kade,Katihar,Tripura,2024-08-10
C009258,Zayan Palla,Anantapuram,Jharkhand,2025-03-11
C009259,Aarna Bakshi,Jalna,Bihar,2025-02-08
C009260,Gavin Samra,Tumkur,Uttarakhand,2022-06-22
C009261,Christopher Bera,Korba,Haryana,2025-05-30
C009262,Aarini Sastry,Cuttack,Bihar,2022-10-17
C009263,Pavani Rana,Dindigul,West Bengal,2025-12-03
C009264,Eshana Sahota,Mira-Bhayandar,Telangana,2026-06-03
C009265,Widisha Ben,Bahraich,Uttar Pradesh,2022-11-11
C009266,Mason Bhatia,Ozhukarai,Haryana,2021-10-25
C009267,Turvi Dhingra,Nadiad,Uttarakhand,2025-04-08
C009268,Sai Kara,Udupi,Karnataka,2026-02-08
C009269,David Chakraborty,Vadodara,Arunachal Pradesh,2026-03-02
C009270,Ekantika Madan,Jalna,Tamil Nadu,2024-12-21
C009271,Ekansh Sarkar,Bhimavaram,Goa,2022-08-09
C009272,Ridhi Bhattacharyya,Ajmer,Madhya Pradesh,2022-06-15
C009273,Jason Varghese,Nandyal,Arunachal Pradesh,2026-08-22
C009274,Yashasvi Khosla,Kolhapur,Andhra Pradesh,2022-03-29
C009275,Aadhya Murty,Surendranagar Dudhrej,Assam,2023-10-05
C009276,Krish Nanda,Bhimavaram,Tamil Nadu,2025-02-18
C009277,Zehaan Chana,Surat,Uttarakhand,2021-12-19
C009278,Wyatt Rajagopalan,Serampore,Rajasthan,2024-12-27
C009279,Gauri Korpal,Chennai,Karnataka,2026-05-26
C009280,Xalak Rai,Ichalkaranji,Andhra Pradesh,2024-01-20
C009281,Kritika Chanda,Rajkot,Arunachal Pradesh,2025-05-12
C009282,Idika Tripathi,Gandhinagar,Assam,2026-03-02
C009283,Manthan Sankar,Nellore,Maharashtra,2024-12-08
C009284,Chandani Parikh,Solapur,Nagaland,2022-04-10
C009285,Janani Bhandari,Madhyamgram,Jharkhand,2023-05-23
C009286,Falan Goel,Amritsar,Jharkhand,2023-01-28
C009287,Gunbir Vora,Bikaner,Jharkhand,2022-03-15
C009288,Nathaniel Bhavsar,Jodhpur,Uttar Pradesh,2023-09-16
C009289,Suhani Jhaveri,Ranchi,Sikkim,2024-12-13
C009290,Wahab Dutta,Madanapalle,Uttar Pradesh,2024-09-18
C009291,Utkarsh Sidhu,Arrah,Maharashtra,2024-03-10
C009292,Anthony Morar,Durgapur,Arunachal Pradesh,2025-09-26
C009293,Geetika Mahajan,Nellore,Meghalaya,2024-12-09
C009294,Chandani Buch,Patiala,Andhra Pradesh,2026-01-09
C009295,Ekaja Patel,Bhavnagar,Uttarakhand,2024-11-06
C009296,Bina Kumer,Gulbarga,Mizoram,2024-07-25
C009297,Aashi Chand,Katni,Telangana,2023-05-22
C009298,Indali Murty,Moradabad,Haryana,2023-06-17
C009299,Tanay Apte,Purnia,Bihar,2023-08-07
C009300,Faras Dasgupta,Kumbakonam,Chhattisgarh,2023-06-03
C009301,Upasna Bhagat,Amravati,Gujarat,2024-10-24
C009302,Max Bose,Solapur,Bihar,2026-01-21
C009303,Tarak Bawa,Bhimavaram,Odisha,2023-06-24
C009304,Samuel Batra,Maheshtala,Mizoram,2022-05-14
C009305,Ansh Edwin,Sasaram,Chhattisgarh,2026-06-11
C009306,Yashawini Dani,Shimoga,Haryana,2023-05-26
C009307,Zilmil Sama,Hosur,Haryana,2024-10-21
C009308,Janani Vohra,Shivpuri,Sikkim,2025-05-15
C009309,Tanvi Reddy,Jehanabad,Arunachal Pradesh,2023-03-08
C009310,Bhanumati Sahota,Darbhanga,Goa,2023-05-13
C009311,Lakshmi Magar,Bhopal,Tamil Nadu,2026-08-18
C009312,Urmi Balakrishnan,Gangtok,Arunachal Pradesh,2025-10-14
C009313,Aadhya Dhillon,Firozabad,Nagaland,2026-08-15
C009314,Gautam Mitra,Munger,Nagaland,2026-07-27
C009315,Neelima Gupta,Thanjavur,Punjab,2024-12-29
C009316,Yashodhara Prashad,Loni,Telangana,2022-07-28
C009317,Chatura Koshy,Siwan,West Bengal,2023-10-23
C009318,Aradhana Nair,Bidar,Manipur,2026-06-26
C009319,Orinder Saha,Bellary,Himachal Pradesh,2024-08-05
C009320,Dalbir Toor,Madurai,Meghalaya,2024-09-20
C009321,Nikita Chadha,Farrukhabad,Sikkim,2025-04-09
C009322,Kashvi Venkataraman,Bhimavaram,Arunachal Pradesh,2026-02-15
C009323,Upma Das,Karawal Nagar,Arunachal Pradesh,2024-12-06
C009324,Gopal Kunda,Belgaum,Goa,2023-06-27
C009325,Omisha Apte,Etawah,Mizoram,2024-07-05
C009326,Oscar Gokhale,Lucknow,Punjab,2024-03-22
C009327,Tanish Saran,Gopalpur,Nagaland,2026-01-14
C009328,Megha Bhatti,Shimla,Jharkhand,2024-05-30
C009329,Diya Sastry,Nagaon,Chhattisgarh,2025-05-05
C009330,Radha Arora,Guna,Odisha,2025-09-19
C009331,Champak Kant,Raichur,Punjab,2021-12-17
C009332,Upadhriti Maharaj,Bahraich,Uttar Pradesh,2023-10-19
C009333,Robert Mishra,Tezpur,Tamil Nadu,2025-07-19
C009334,Ekani Nigam,Ludhiana,Bihar,2023-05-12
C009335,Robert Mannan,Hubli–Dharwad,Tripura,2025-08-30
C009336,Vidhi Mani,Rajahmundry,Bihar,2025-12-04
C009337,Wahab Kurian,Ulhasnagar,Madhya Pradesh,2022-09-20
C009338,Jason Narula,Saharanpur,Madhya Pradesh,2023-06-06
C009339,Sathvik Chacko,Raiganj,Tamil Nadu,2026-02-02
C009340,Upasna Som,Gurgaon,Chhattisgarh,2021-12-08
C009341,Bina Desai,Chandigarh,Assam,2026-01-27
C009342,Manya Uppal,Nandyal,Goa,2025-01-22
C009343,Chavvi Batra,Danapur,Nagaland,2022-06-12
C009344,Raksha Sarraf,Moradabad,Nagaland,2022-04-19
C009345,Ubika Buch,Kota,Tripura,2023-04-24
C009346,Anika Vora,Siwan,Nagaland,2022-11-09
C009347,Oeshi Kanda,Bhagalpur,Uttar Pradesh,2023-11-26
C009348,Viraj Prabhu,Vasai-Virar,Nagaland,2026-02-28
C009349,Ronith Nadig,Chittoor,Haryana,2025-08-19
C009350,Gaurangi Sharma,Bijapur,Uttarakhand,2025-06-20
C009351,Saumya Lalla,Hindupur,Gujarat,2022-09-20
C009352,Riya Borah,Shahjahanpur,Gujarat,2025-04-09
C009353,Yochana Chauhan,Moradabad,Karnataka,2024-09-05
C009354,Nathaniel Kanda,Sambalpur,Odisha,2025-07-04
C009355,Anmol Madan,Chandrapur,Uttarakhand,2024-07-10
C009356,Fiyaz Kalita,Gopalpur,Gujarat,2022-12-12
C009357,Jhalak Bali,Latur,Chhattisgarh,2025-12-19
C009358,Siya Nagi,Bhilwara,Telangana,2025-12-04
C009359,Baljiwan Aurora,Jalgaon,Assam,2021-09-11
C009360,Zinal Vasa,Jaunpur,Maharashtra,2021-09-14
C009361,Nidra Sahni,Mango,Odisha,2023-05-28
C009362,Wakeeta Yogi,Munger,Rajasthan,2021-12-08
C009363,Zilmil Barman,Deoghar,Punjab,2023-03-22
C009364,Xalak Vaidya,Latur,Mizoram,2022-04-06
C009365,Hritik Gulati,Bikaner,Himachal Pradesh,2021-09-16
C009366,Finn Natt,Burhanpur,Himachal Pradesh,2025-01-10
C009367,Bhavika Krishnan,Bulandshahr,Tamil Nadu,2023-04-23
C009368,Maanav Narasimhan,Ambarnath,Jharkhand,2024-11-29
C009369,Bhavna Tella,Dindigul,Odisha,2024-06-25
C009370,Varenya Mangat,Chennai,Andhra Pradesh,2022-10-01
C009371,Udarsh Modi,Bidhannagar,West Bengal,2022-06-19
C009372,Parth Mane,Ambala,Sikkim,2026-01-13
C009373,Jason Korpal,Mangalore,Sikkim,2023-12-25
C009374,Chaman Balay,Medininagar,Tripura,2025-03-25
C009375,Vyanjana Kapoor,Muzaffarpur,Rajasthan,2025-08-15
C009376,Ikbal Goda,Ahmedabad,Meghalaya,2022-10-31
C009377,Eesha Batta,Yamunanagar,Andhra Pradesh,2023-03-04
C009378,Mason Luthra,Vadodara,Haryana,2023-02-06
C009379,Warjas Halder,Deoghar,Andhra Pradesh,2022-03-04
C009380,Dayamai Anne,Alwar,Chhattisgarh,2026-07-14
C009381,Janaki Narain,Thane,Manipur,2026-08-27
C009382,Parth Amble,Bettiah,Chhattisgarh,2022-10-02
C009383,Amara Dara,Thane,Rajasthan,2024-12-04
C009384,Aadi Vala,Ratlam,Sikkim,2025-10-18
C009385,Ati Dara,Vellore,Himachal Pradesh,2021-09-05
C009386,Anusha Chaudhari,Moradabad,Bihar,2025-12-30
C009387,Qabil Garde,Gorakhpur,Haryana,2023-01-25
C009388,David Brahmbhatt,Warangal,Haryana,2023-03-09
C009389,Nakul Dara,Jehanabad,Odisha,2022-10-26
C009390,Yashica Dara,Gaya,Meghalaya,2023-08-26
C009391,Balhaar Gera,Salem,Tamil Nadu,2023-12-14
C009392,Manya Chander,Guwahati,Punjab,2026-08-09
C009393,Udarsh Dhar,Mumbai,Karnataka,2025-09-28
C009394,Praneel Zachariah,Durg,Rajasthan,2023-10-06
C009395,Jai Modi,Aurangabad,Manipur,2026-03-27
C009396,Vedika Ray,Lucknow,Sikkim,2022-07-26
C009397,Hritik Pall,Bhagalpur,Telangana,2022-08-20
C009398,Sanaya Ben,Jalna,Bihar,2021-09-03
C009399,Laksh Bala,Firozabad,Sikkim,2024-08-16
C009400,Madhav Balan,Tadepalligudem,Nagaland,2023-04-08
C009401,Warda Halder,Arrah,Chhattisgarh,2026-06-15
C009402,Tamanna De,Cuttack,Arunachal Pradesh,2024-05-06
C009403,Indali Sabharwal,Tadipatri,Tamil Nadu,2022-06-20
C009404,Sai Bora,Madhyamgram,Uttarakhand,2024-04-22
C009405,Anirudh Chatterjee,Lucknow,Kerala,2026-07-27
C009406,Kalpit Nagi,Kulti,Rajasthan,2023-01-25
C009407,Suhani Bassi,Davanagere,Andhra Pradesh,2025-01-12
C009408,Yashodhara Sodhi,Bhiwandi,Odisha,2023-03-22
C009409,Laban Dhaliwal,Tumkur,Arunachal Pradesh,2023-12-11
C009410,Lohit Raval,Haldia,West Bengal,2024-12-25
C009411,Ekaja Bhat,Imphal,Uttar Pradesh,2025-05-03
C009412,Noah Oommen,Kadapa,Bihar,2021-10-25
C009413,Agastya Mannan,Phagwara,Nagaland,2023-03-31
C009414,Dhruv Mandal,Vadodara,Karnataka,2025-05-11
C009415,Triya Char,Ulhasnagar,Odisha,2022-09-19
C009416,Mugdha Varghese,Satara,Uttarakhand,2023-09-27
C009417,Anika Parmer,Nellore,Nagaland,2024-03-13
C009418,Ansh Devi,Ghaziabad,Manipur,2025-12-17
C009419,Shaurya Dalal,Belgaum,Tripura,2022-02-02
C009420,Michael Bassi,Silchar,Himachal Pradesh,2024-07-16
C009421,Ranbir Kuruvilla,Faridabad,Karnataka,2026-03-26
C009422,Rajeshri Parikh,Vijayawada,Odisha,2025-09-01
C009423,Yagnesh Pai,Chandrapur,Jharkhand,2024-03-22
C009424,Anay Prabhu,Imphal,Kerala,2023-12-19
C009425,Qabil Vora,Srinagar,Uttarakhand,2022-07-01
C009426,Bhavani Memon,Mira-Bhayandar,Goa,2026-01-12
C009427,Lohit Nayak,Sagar,Chhattisgarh,2025-05-23
C009428,Theodore Aggarwal,Srikakulam,West Bengal,2024-05-23
C009429,Arin Modi,Katihar,Rajasthan,2024-11-23
C009430,Ekalinga Saraf,Bongaigaon,Nagaland,2023-02-05
C009431,Agastya Nayar,Karnal,Bihar,2023-01-23
C009432,Jai Thaman,Eluru,Goa,2023-09-30
C009433,Fiyaz Saraf,Uluberia,Uttarakhand,2024-10-19
C009434,Udant Sandhu,Mumbai,Arunachal Pradesh,2024-03-05
C009435,Samaksh Nagarajan,Vijayawada,Kerala,2025-01-13
C009436,Agastya Shanker,Ozhukarai,Tamil Nadu,2025-02-04
C009437,Gavin Lalla,Mango,Gujarat,2024-07-22
C009438,Yamini Hayer,Jalgaon,Kerala,2025-09-13
C009439,Adweta Chaudhuri,Bhilai,Uttar Pradesh,2025-04-07
C009440,Omaja Ramaswamy,Madhyamgram,Madhya Pradesh,2024-04-19
C009441,Mekhala Kala,Yamunanagar,Kerala,2024-07-23
C009442,Ishwar Sem,Guwahati,Arunachal Pradesh,2025-04-04
C009443,Tripti Ramakrishnan,Tadepalligudem,Goa,2024-01-20
C009444,Mohammed Karan,Anantapuram,Gujarat,2025-04-06
C009445,Yahvi Mutti,Hapur,Maharashtra,2023-03-30
C009446,Watika Mane,Sultan Pur Majra,Rajasthan,2024-02-17
C009447,Xalak Kale,Shahjahanpur,Maharashtra,2022-02-20
C009448,Chatresh Singhal,Morena,Madhya Pradesh,2022-01-18
C009449,Tanish Mandal,Vadodara,Gujarat,2024-06-15
C009450,Priya Patil,Phagwara,Telangana,2026-04-05
C009451,Maya Chopra,Eluru,Jharkhand,2026-05-18
C009452,Krisha Ahuja,Bidhannagar,Madhya Pradesh,2024-04-07
C009453,Atharv Jani,Panihati,Sikkim,2023-02-06
C009454,Kalpit Yogi,Machilipatnam,Goa,2022-11-20
C009455,Guneet Dhar,Sirsa,Haryana,2025-02-25
C009456,Gayathri Saran,Berhampore,Haryana,2022-02-20
C009457,Chaitanya Suresh,Mehsana,Sikkim,2025-11-15
C009458,Robert Sachdev,Amroha,Maharashtra,2022-04-21
C009459,Tripti Sankaran,Nagercoil,Tamil Nadu,2025-08-28
C009460,Omaja Kumer,Sangli-Miraj & Kupwad,Goa,2025-01-09
C009461,Joshua Hayre,Ballia,Tamil Nadu,2023-11-01
C009462,Saumya Ghosh,Firozabad,Punjab,2022-05-29
C009463,Qushi Madan,Bhusawal,Bihar,2024-03-23
C009464,Atharv Oak,Anand,Uttar Pradesh,2022-04-08
C009465,Samar Venkataraman,Pallavaram,Andhra Pradesh,2023-07-18
C009466,Jack Panchal,Erode,Meghalaya,2021-09-29
C009467,Reyansh Kothari,Katihar,Tripura,2024-06-15
C009468,Ryan Rajan,Sikar,Odisha,2025-02-01
C009469,Damyanti Patla,Aurangabad,Assam,2022-03-16
C009470,Rishi Arya,Secunderabad,Mizoram,2024-12-08
C009471,Ayaan Kuruvilla,Sagar,Tripura,2023-12-11
C009472,Lopa Borde,Machilipatnam,Rajasthan,2022-06-30
C009473,Aarush Ranganathan,Khammam,Jharkhand,2026-02-20
C009474,Rishi Saini,Ahmedabad,Jharkhand,2026-01-16
C009475,Yutika Ahuja,Morena,Himachal Pradesh,2026-08-15
C009476,Jagvi Wagle,Meerut,Goa,2024-03-20
C009477,Yachana Sharaf,Thrissur,Nagaland,2022-11-16
C009478,Victor Nigam,Firozabad,Sikkim,2023-12-13
C009479,Arin Oommen,Panihati,Rajasthan,2022-03-12
C009480,Ekantika Deo,Aurangabad,Tripura,2024-01-09
C009481,Sai Vasa,Sagar,Kerala,2025-01-30
C009482,Vedant Saraf,Nashik,Kerala,2022-08-09
C009483,Zansi Chacko,Thiruvananthapuram,Uttarakhand,2025-05-22
C009484,Veer Chakraborty,Latur,Gujarat,2023-05-10
C009485,Meghana Krish,Aurangabad,Tripura,2024-07-01
C009486,Balveer Bhasin,Ozhukarai,Sikkim,2021-12-14
C009487,Anamika Jayaraman,Haldia,Chhattisgarh,2023-03-04
C009488,Ekanta Ravel,Amravati,West Bengal,2023-09-11
C009489,Robert Khatri,Amroha,Assam,2023-02-19
C009490,Ekantika Sura,Tadepalligudem,Chhattisgarh,2022-04-01
C009491,Pavani Agate,Dibrugarh,Goa,2026-03-07
C009492,Kiaan Vaidya,Visakhapatnam,Chhattisgarh,2023-10-23
C009493,Neelima Mukherjee,Muzaffarpur,Bihar,2022-02-02
C009494,Mitali Bhakta,Ludhiana,Andhra Pradesh,2026-07-29
C009495,Banjeet Sarin,Farrukhabad,Himachal Pradesh,2023-08-08
C009496,Upkaar Mall,Kumbakonam,Assam,2025-02-13
C009497,Janani Sandal,Sambalpur,Madhya Pradesh,2021-10-28
C009498,Finn Badal,Latur,Sikkim,2023-01-21
C009499,Ekaraj Gole,Lucknow,Haryana,2025-01-21
C009500,Nathaniel Sane,Gandhidham,Haryana,2021-12-31
C009501,Nirja Basak,Tiruvottiyur,Andhra Pradesh,2023-06-05
C009502,Kabir Bassi,Ulhasnagar,Mizoram,2024-08-01
C009503,Anvi Deshpande,Begusarai,Karnataka,2022-07-06
C009504,Raagini Vora,Bhimavaram,Goa,2022-04-14
C009505,Devika Koshy,Shimla,Nagaland,2024-08-10
C009506,Vivaan Hari,Kharagpur,Madhya Pradesh,2025-10-07
C009507,Mohini Wali,Tadepalligudem,Gujarat,2022-02-16
C009508,Vinaya Joshi,Kanpur,Haryana,2025-12-17
C009509,Wakeeta Mannan,Agartala,Haryana,2025-12-24
C009510,Anay Vohra,Serampore,Sikkim,2025-07-02
C009511,Barkha Lata,Karnal,Himachal Pradesh,2023-01-21
C009512,Jhalak Vala,Rohtak,Goa,2022-06-29
C009513,Amaira Kaur,Karnal,Tripura,2024-01-22
C009514,Aishani Vaidya,Chennai,Bihar,2026-02-04
C009515,Chandran Wason,Bhind,Kerala,2023-07-15
C009516,Jalsa Prashad,Bhusawal,Uttar Pradesh,2021-09-27
C009517,Zayyan Golla,Thane,Odisha,2026-01-16
C009518,Nisha Nayak,Hajipur,Rajasthan,2026-08-21
C009519,Ronith Kalita,Ambarnath,Gujarat,2025-02-27
C009520,Zayan Sawhney,Munger,Meghalaya,2025-12-10
C009521,Aarini Sawhney,Hapur,Rajasthan,2024-04-20
C009522,Ijaya Deep,Uluberia,Mizoram,2023-04-02
C009523,Hritik Mangat,Proddatur,Manipur,2023-11-13
C009524,Oscar Chatterjee,Navi Mumbai,Tripura,2022-01-01
C009525,Vasana Ramachandran,Ghaziabad,Telangana,2023-11-07
C009526,Dominic Mammen,Yamunanagar,Karnataka,2025-11-25
C009527,Abha Chawla,Suryapet,Sikkim,2025-07-07
C009528,Jagat Balan,Rewa,Maharashtra,2023-04-25
C009529,Nisha Gokhale,Bhusawal,Gujarat,2021-12-08
C009530,Harini Tailor,Naihati,West Bengal,2023-08-24
C009531,Vasana Rajagopal,Katni,Manipur,2023-06-25
C009532,Ayaan Kanda,Jalandhar,Bihar,2023-01-29
C009533,Ekanta Sanghvi,Secunderabad,Himachal Pradesh,2025-10-08
C009534,Alka Chaudhuri,Amritsar,Punjab,2025-02-28
C009535,Nathan Srivastava,Ajmer,Uttar Pradesh,2026-03-14
C009536,Yasti Dhawan,Shivpuri,Bihar,2021-11-24
C009537,Omya Apte,Davanagere,Haryana,2025-12-31
C009538,Aradhana Sehgal,Saharanpur,Meghalaya,2023-03-24
C009539,Anjali Gupta,Satna,Nagaland,2022-07-01
C009540,Pooja Desai,Chapra,Madhya Pradesh,2025-06-17
C009541,Yahvi Pillay,Kochi,Himachal Pradesh,2025-06-03
C009542,Udyati Dar,Panihati,Bihar,2024-05-08
C009543,Chandresh Ratti,Madhyamgram,Mizoram,2025-01-07
C009544,Girik Vasa,Buxar,Goa,2026-06-01
C009545,Avni Loyal,Bikaner,Maharashtra,2022-01-19
C009546,Gaurangi Shetty,Rajpur Sonarpur,Kerala,2024-04-05
C009547,Yashodhara Murty,Kozhikode,West Bengal,2021-09-04
C009548,Janani Krishnamurthy,Ambala,Meghalaya,2024-12-20
C009549,Harinakshi Sant,Satna,Haryana,2026-02-03
C009550,Nilima Varughese,Bijapur,Karnataka,2023-06-22
C009551,Damyanti Chahal,Panihati,Meghalaya,2023-05-25
C009552,Oscar Rana,Faridabad,Mizoram,2022-06-27
C009553,Dayita Mangat,Ulhasnagar,Andhra Pradesh,2026-02-04
C009554,Logan Sibal,Raurkela Industrial Township,Punjab,2026-08-11
C009555,Joshua Chander,Fatehpur,Sikkim,2025-12-22
C009556,Aarini Majumdar,Phusro,Maharashtra,2022-05-04
C009557,Advik Munshi,Sasaram,Manipur,2021-11-24
C009558,Jai Batta,Sangli-Miraj & Kupwad,Jharkhand,2025-04-17
C009559,Max Bhatti,Saharanpur,Kerala,2025-02-10
C009560,Zayyan Mannan,Surendranagar Dudhrej,Maharashtra,2022-12-20
C009561,Baljiwan Samra,Etawah,Himachal Pradesh,2024-10-14
C009562,Osha Tandon,Jhansi,Manipur,2022-01-27
C009563,Champak Bhavsar,Buxar,Kerala,2024-10-08
C009564,Ira Kaur,Tiruvottiyur,Tripura,2025-07-08
C009565,Samesh Shanker,Kota,Meghalaya,2022-04-10
C009566,Netra Chhabra,Chittoor,Uttarakhand,2026-04-24
C009567,Yachana Sura,Dibrugarh,Tripura,2022-06-01
C009568,Jagdish Wadhwa,Kolhapur,Haryana,2023-05-31
C009569,Zarna Loke,Ambala,Rajasthan,2025-08-08
C009570,Januja Sood,Hapur,West Bengal,2025-01-31
C009571,Hitesh Andra,Surat,Himachal Pradesh,2025-10-22
C009572,Bishakha Basu,Ozhukarai,Maharashtra,2026-01-19
C009573,Balvan Bhakta,Raiganj,Andhra Pradesh,2026-04-10
C009574,Dev Mittal,Tiruppur,Odisha,2022-05-13
C009575,Lucky Sharaf,Malegaon,Gujarat,2025-09-01
C009576,Sanaya Sampath,Patiala,Bihar,2024-01-02
C009577,Aayush Chander,Singrauli,Sikkim,2021-10-25
C009578,Niharika Dugar,Sambhal,Madhya Pradesh,2026-08-31
C009579,Vivaan Rama,Faridabad,Bihar,2023-08-22
C009580,Lohit Chaudry,Danapur,Uttarakhand,2025-11-29
C009581,Veer Balasubramanian,Guntakal,Mizoram,2025-01-06
C009582,Yadavi Choudhary,Suryapet,Andhra Pradesh,2023-05-21
C009583,Mahika Verma,Nellore,Kerala,2022-04-02
C009584,Ikshita Thaman,Haldia,Haryana,2025-11-24
C009585,Sanya Vohra,Bihar Sharif,Karnataka,2022-09-22
C009586,Isaiah Kalita,Tezpur,Bihar,2025-11-05
C009587,Rudra De,Kamarhati,Punjab,2023-03-22
C009588,Ekaja Mohan,Kurnool,Mizoram,2025-09-06
C009589,Kashish Nagar,Ichalkaranji,Andhra Pradesh,2024-07-08
C009590,Vedika Naidu,Nellore,Goa,2024-03-04
C009591,Saksham Sama,Morena,Arunachal Pradesh,2023-01-04
C009592,Jacob Mall,Ahmedabad,Tamil Nadu,2025-08-29
C009593,Urmi Sharaf,Shimla,Tripura,2024-09-10
C009594,Lavanya Anne,Bally,Uttarakhand,2024-04-30
C009595,Hema Tara,Kolhapur,Meghalaya,2024-10-22
C009596,Unnati Kala,Dhule,Goa,2025-01-13
C009597,Sai Seshadri,Rohtak,Jharkhand,2023-12-30
C009598,Jai Gade,Burhanpur,Odisha,2024-05-04
C009599,Bina Khurana,Kavali,Goa,2022-01-22
C009600,Gopal Dhawan,Sasaram,Kerala,2023-09-02
C009601,Charan Desai,Pune,Mizoram,2026-07-25
C009602,Warinder Tripathi,Lucknow,Maharashtra,2023-11-16
C009603,Faraj Jha,Agartala,Nagaland,2026-07-21
C009604,Xalak De,Korba,Meghalaya,2024-11-24
C009605,Adya Rao,Chennai,Karnataka,2026-07-11
C009606,Isaac Bajaj,Dewas,Tripura,2025-10-13
C009607,Atharv Narang,Khammam,Uttar Pradesh,2022-07-18
C009608,Anjali Arya,Ghaziabad,Haryana,2024-06-21
C009609,Neel Shenoy,Kharagpur,Assam,2021-10-25
C009610,Balveer Bhardwaj,Shivpuri,Uttar Pradesh,2022-07-22
C009611,Yash Sastry,Miryalaguda,Bihar,2025-08-02
C009612,Adweta Ahuja,Bhalswa Jahangir Pur,Odisha,2025-06-02
C009613,Simon Borde,Mirzapur,Telangana,2024-02-19
C009614,Devansh Sama,Kakinada,Telangana,2023-09-27
C009615,Zinal Warrior,Kharagpur,West Bengal,2025-08-04
C009616,Banjeet Shah,Vasai-Virar,West Bengal,2026-05-12
C009617,Laksh Swaminathan,Unnao,Bihar,2026-08-30
C009618,Rachit Hari,Bahraich,Karnataka,2024-08-13
C009619,Niharika Chandra,Ratlam,West Bengal,2026-05-18
C009620,Harish Hegde,Vadodara,Telangana,2023-05-27
C009621,Nitesh Bains,Jalna,Madhya Pradesh,2023-03-06
C009622,Osha Sangha,Malegaon,Punjab,2025-12-05
C009623,Omaja Chad,Gwalior,Telangana,2021-11-28
C009624,Yahvi Goel,Panihati,Telangana,2026-01-04
C009625,Patrick Sarin,Kavali,West Bengal,2022-12-21
C009626,Vihaan Borde,Aligarh,Rajasthan,2023-01-13
C009627,Raagini Murty,Mango,Manipur,2023-02-24
C009628,Hemani Sidhu,Khandwa,Haryana,2025-03-13
C009629,Joshua Kapadia,Anantapur,Tamil Nadu,2023-07-16
C009630,Falak Devi,Nashik,Arunachal Pradesh,2022-03-31
C009631,Hredhaan Goyal,Pune,Meghalaya,2023-06-22
C009632,Faraj Dhar,Chandigarh,Chhattisgarh,2023-11-28
C009633,Ojasvi Palla,Bareilly,Arunachal Pradesh,2022-04-28
C009634,Saanvi Mahajan,Mangalore,West Bengal,2022-01-24
C009635,Charan Banerjee,Jabalpur,Punjab,2025-08-03
C009636,Ekanta Thaman,Sasaram,Uttar Pradesh,2024-10-28
C009637,Fiyaz Bhatnagar,Lucknow,Sikkim,2024-03-28
C009638,Noah Edwin,Allahabad,Uttarakhand,2022-04-23
C009639,Ojas Thakur,Bathinda,Arunachal Pradesh,2026-02-05
C009640,Megha Sibal,Jammu,Odisha,2022-02-17
C009641,Yatin Anand,Tadepalligudem,Odisha,2022-06-21
C009642,Wridesh Tailor,Ghaziabad,Assam,2021-12-06
C009643,Kala Choudhry,Bhilai,Himachal Pradesh,2024-11-28
C009644,Warda Nadkarni,Rajkot,Arunachal Pradesh,2026-06-24
C009645,Utkarsh Merchant,Sonipat,Punjab,2022-03-22
C009646,Unni Nayak,Erode,Telangana,2023-03-28
C009647,Urvashi Bhalla,South Dumdum,Tripura,2023-08-14
C009648,Darika Soni,Ahmedabad,Uttar Pradesh,2026-07-29
C009649,Veda Hans,Bidar,Gujarat,2024-11-14
C009650,Bakhshi Pillay,Guna,Nagaland,2022-04-14
C009651,Kamya Palla,Fatehpur,Assam,2025-09-02
C009652,Saanvi Seth,Chittoor,Maharashtra,2025-05-08
C009653,Triya Bora,Pali,Bihar,2021-12-13
C009654,Orinder Bali,Jaipur,Meghalaya,2023-06-04
C009655,Vivaan Ramakrishnan,Orai,Assam,2024-05-27
C009656,Ansh Andra,Kishanganj,Madhya Pradesh,2022-08-27
C009657,Aadi Bhatia,Sambalpur,Himachal Pradesh,2025-08-18
C009658,Divya Bhat,Bihar Sharif,Mizoram,2022-07-05
C009659,Chandani Mohan,Gudivada,Himachal Pradesh,2024-01-20
C009660,Om Ratta,Akola,Maharashtra,2023-07-05
C009661,Gopal Vig,Ambattur,Nagaland,2023-08-25
C009662,Ati Modi,Imphal,Karnataka,2023-03-14
C009663,Turvi Shenoy,Malda,Assam,2023-04-13
C009664,Nisha Dalal,Lucknow,Arunachal Pradesh,2022-05-09
C009665,Hemang Dada,Kumbakonam,Mizoram,2025-06-13
C009666,Urishilla Shenoy,Aurangabad,West Bengal,2023-09-20
C009667,Dakshesh Seshadri,Ajmer,Uttarakhand,2024-05-19
C009668,Chanakya Ben,Vijayanagaram,Goa,2024-06-24
C009669,Anita Rege,Tenali,Andhra Pradesh,2024-07-04
C009670,Omaja Varughese,South Dumdum,Uttarakhand,2024-10-02
C009671,Naksh Tiwari,Davanagere,Manipur,2026-06-01
C009672,Atharv Sathe,Firozabad,Bihar,2026-08-11
C009673,Oscar Loyal,Bulandshahr,Sikkim,2022-07-20
C009674,Sara Deshpande,Panchkula,Odisha,2025-05-30
C009675,Azad Aurora,Rajahmundry,Uttar Pradesh,2023-04-27
C009676,Jack Dyal,Amravati,West Bengal,2026-02-22
C009677,Baghyawati Sem,Rampur,Mizoram,2024-10-31
C009678,Chakradev Garde,Gwalior,Haryana,2025-06-28
C009679,Anika Suresh,Hapur,Madhya Pradesh,2024-09-16
C009680,Tejas Solanki,North Dumdum,Telangana,2021-12-05
C009681,Veda Kunda,Sasaram,Chhattisgarh,2025-05-17
C009682,Christopher Bumb,Visakhapatnam,Chhattisgarh,2022-07-31
C009683,Luke Ravel,Nashik,Meghalaya,2025-04-14
C009684,Janya Tailor,Surendranagar Dudhrej,Bihar,2025-12-18
C009685,Saumya Dhaliwal,Pune,Uttar Pradesh,2021-11-23
C009686,Unnati Konda,Tiruvottiyur,Uttar Pradesh,2026-01-16
C009687,Advika Divan,Jamshedpur,Rajasthan,2024-08-11
C009688,Imaran Anand,Kumbakonam,Mizoram,2023-05-08
C009689,Vedant Narayan,Madurai,Punjab,2022-03-01
C009690,Nimrat Sandal,Karawal Nagar,Maharashtra,2024-09-24
C009691,Yashvi Khatri,Burhanpur,Andhra Pradesh,2025-03-30
C009692,Shravya Brahmbhatt,Raichur,Karnataka,2022-02-18
C009693,Hemangini Zachariah,Chapra,Gujarat,2022-08-28
C009694,Nathaniel Saini,Howrah,Uttar Pradesh,2026-04-26
C009695,Anamika Mahajan,Dhule,Himachal Pradesh,2022-03-09
C009696,Zansi Vig,Satara,Odisha,2022-05-21
C009697,Yasti Shan,Moradabad,Meghalaya,2024-05-01
C009698,Krishna Koshy,Unnao,Odisha,2021-09-03
C009699,Yashica Biswas,Saharsa,Gujarat,2023-01-14
C009700,Aditya Sibal,Begusarai,Telangana,2025-01-02
C009701,Bimala Kaul,Delhi,Bihar,2022-09-15
C009702,Meera Gola,Bhavnagar,Chhattisgarh,2023-11-23
C009703,Nikita Chana,Tirupati,Uttarakhand,2026-03-20
C009704,Urvi Raj,Jalandhar,Haryana,2022-07-13
C009705,Priya Deep,Bharatpur,Gujarat,2022-05-04
C009706,Dipta Tailor,Bongaigaon,Chhattisgarh,2024-12-26
C009707,Krish Gole,Bhiwandi,Tamil Nadu,2021-09-28
C009708,Abha Rout,Junagadh,Kerala,2025-03-19
C009709,Zashil Bali,Udaipur,Rajasthan,2026-08-04
C009710,David Kale,Shimoga,Odisha,2025-07-02
C009711,Panini Mistry,Vijayanagaram,Meghalaya,2022-04-16
C009712,Farhan Edwin,Narasaraopet,Nagaland,2025-06-15
C009713,Charvi Borde,Nagercoil,Meghalaya,2022-10-28
C009714,Yug Bhattacharyya,Shahjahanpur,Odisha,2024-11-18
C009715,Champak Ganguly,Gangtok,Manipur,2025-05-07
C009716,Patrick Gokhale,Shimla,Uttar Pradesh,2022-05-19
C009717,Tanveer Pau,Ambattur,Gujarat,2025-02-14
C009718,Zilmil Mani,Mahbubnagar,Chhattisgarh,2025-11-14
C009719,Pooja Soni,Alwar,Jharkhand,2025-11-01
C009720,Omkaar Mann,Bidhannagar,Bihar,2026-07-14
C009721,Jasmit Madan,Panvel,Himachal Pradesh,2025-09-16
C009722,Tanmayi Ratti,Bhilwara,Assam,2023-02-22
C009723,Vanya Tata,Shivpuri,Assam,2024-12-09
C009724,Anita Mukherjee,Kishanganj,Gujarat,2026-08-14
C009725,Tanay Ghose,Kumbakonam,Arunachal Pradesh,2021-10-04
C009726,Oliver Prabhu,Gopalpur,Meghalaya,2022-08-24
C009727,Chandran Bansal,Ahmednagar,Assam,2024-12-02
C009728,Caleb Rai,Gopalpur,Chhattisgarh,2023-10-01
C009729,Raksha Ramanathan,Imphal,Gujarat,2022-09-30
C009730,Harrison Srinivasan,Medininagar,Odisha,2022-02-06
C009731,Yadavi Wagle,Bhiwandi,Odisha,2024-04-19
C009732,Anya Sahni,Bhiwandi,Assam,2026-03-01
C009733,Vincent Madan,Bidhannagar,Arunachal Pradesh,2021-10-25
C009734,Hredhaan Sami,Panvel,Uttar Pradesh,2023-12-03
C009735,William Vaidya,Ludhiana,Tripura,2025-01-13
C009736,Wishi Agrawal,Gulbarga,Assam,2026-06-12
C009737,Balhaar Datta,Singrauli,Assam,2025-01-23
C009738,Damyanti Batra,Ichalkaranji,Madhya Pradesh,2024-02-04
C009739,Anmol Choudhury,Sri Ganganagar,Goa,2024-04-18
C009740,Abhiram Bora,Ambarnath,Kerala,2021-11-15
C009741,Wazir Nanda,Motihari,Bihar,2024-02-13
C009742,Matthew Sodhi,Nagpur,Assam,2024-09-24
C009743,Rishi Verma,Kavali,Chhattisgarh,2026-04-01
C009744,Om Dash,New Delhi,Mizoram,2022-09-19
C009745,Vritti Mall,Pimpri-Chinchwad,Uttar Pradesh,2025-11-18
C009746,Udant Dhar,Dehradun,Nagaland,2023-10-24
C009747,Oliver Kapur,Yamunanagar,Arunachal Pradesh,2023-06-23
C009748,Krishna Som,Guntakal,Himachal Pradesh,2023-12-28
C009749,Bhavika Srivastava,Durgapur,Goa,2025-04-08
C009750,Varenya Dixit,Sambalpur,Haryana,2024-04-03
C009751,Nathan Radhakrishnan,Bellary,Goa,2022-10-27
C009752,Sanaya Narayanan,Salem,Meghalaya,2024-09-03
C009753,Dalaja Magar,Sirsa,Haryana,2021-11-17
C009754,Yutika Chacko,Tumkur,Telangana,2022-11-16
C009755,Imaran Garde,Kamarhati,Kerala,2025-11-07
C009756,Naveen Devan,Jalgaon,Andhra Pradesh,2023-07-16
C009757,Adweta Banik,Medininagar,Goa,2023-08-17
C009758,Saanvi Sarna,Gwalior,Himachal Pradesh,2024-08-20
C009759,Anamika Muni,Darbhanga,Telangana,2024-04-07
C009760,Ubika Kapadia,Siliguri,Maharashtra,2026-06-12
C009761,Nihal Kashyap,Nizamabad,Nagaland,2023-06-24
C009762,Vedhika Pandit,Sultan Pur Majra,Rajasthan,2023-07-12
C009763,Harini Chanda,Hindupur,Gujarat,2022-04-25
C009764,Lopa Narayan,Raipur,Chhattisgarh,2025-03-28
C009765,Hiral Raj,Raiganj,Kerala,2025-06-07
C009766,Irya Sridhar,Nangloi Jat,Assam,2024-09-27
C009767,Udant Karpe,Ahmednagar,Kerala,2025-01-10
C009768,Kamya Nayar,Bhilai,Gujarat,2024-07-07
C009769,Isaiah Bhakta,Bhilwara,Assam,2022-04-30
C009770,Ridhi Hans,Nagpur,Sikkim,2022-10-02
C009771,Azad Chacko,Ambattur,Uttarakhand,2026-04-04
C009772,Jonathan Sani,Sikar,Nagaland,2025-01-05
C009773,Oviya Karpe,Ongole,Andhra Pradesh,2025-03-06
C009774,Nikita Kari,Satara,Maharashtra,2026-06-08
C009775,Omkaar Narula,Chandigarh,Andhra Pradesh,2022-10-04
C009776,Sarthak Vora,Imphal,Andhra Pradesh,2026-07-02
C009777,Madhav Savant,Jhansi,Chhattisgarh,2024-12-20
C009778,Xiti Randhawa,Cuttack,Arunachal Pradesh,2022-05-12
C009779,Agastya Randhawa,Thiruvananthapuram,Gujarat,2023-02-15
C009780,Manya Bobal,Proddatur,Madhya Pradesh,2024-11-24
C009781,Indrajit Borah,Tiruchirappalli,Telangana,2024-12-10
C009782,Zayyan Sachar,Mahbubnagar,West Bengal,2022-12-01
C009783,Ojasvi Prasad,Kishanganj,Chhattisgarh,2025-05-05
C009784,Charles Vyas,Delhi,Jharkhand,2025-07-15
C009785,Rushil Grover,Erode,Arunachal Pradesh,2021-10-09
C009786,Ranveer Buch,Shimoga,Punjab,2025-07-28
C009787,Jacob Bail,Rajpur Sonarpur,Nagaland,2026-01-25
C009788,Harrison Dyal,Bijapur,West Bengal,2023-12-25
C009789,Yadavi Dhillon,Bidar,Bihar,2025-05-02
C009790,Frederick Bail,Siliguri,Telangana,2026-06-01
C009791,Onveer Biswas,Bareilly,Arunachal Pradesh,2022-06-29
C009792,Hardik Ahluwalia,Nashik,West Bengal,2025-10-31
C009793,Vasatika Bal,Bhatpara,Tamil Nadu,2021-12-13
C009794,Tanvi Ravi,New Delhi,Bihar,2021-12-12
C009795,Dayita Natt,Solapur,Punjab,2024-01-13
C009796,Krish Kala,Khammam,Telangana,2023-09-10
C009797,Urvashi Buch,Ongole,Tripura,2023-03-09
C009798,Agastya Subramaniam,Jamnagar,Gujarat,2023-08-09
C009799,Tara Pradhan,Amaravati,Sikkim,2023-12-27
C009800,Aashi Varkey,Gwalior,Meghalaya,2024-02-07
C009801,Ojasvi Andra,Sikar,Assam,2025-05-17
C009802,Leela Kapoor,Shivpuri,Gujarat,2025-08-15
C009803,Max Mutti,Serampore,Nagaland,2023-11-20
C009804,Neha Joshi,Raiganj,Uttarakhand,2021-12-10
C009805,Siddharth Varghese,Chennai,Chhattisgarh,2026-07-03
C009806,Riya Venkatesh,Malegaon,Sikkim,2023-06-10
C009807,Gayathri Wagle,Bhavnagar,Gujarat,2023-12-28
C009808,Karan Kari,Mira-Bhayandar,Chhattisgarh,2025-03-21
C009809,Faqid Badal,Rampur,Rajasthan,2024-01-01
C009810,Rehaan Ahluwalia,Eluru,Uttarakhand,2024-12-26
C009811,Raksha Seth,Ahmedabad,Telangana,2025-02-05
C009812,Matthew Parikh,Shivpuri,Himachal Pradesh,2023-09-09
C009813,Orinder Dash,Hosur,Jharkhand,2023-08-29
C009814,Avi Kothari,Raebareli,Punjab,2025-03-02
C009815,Madhavi Sankaran,Jalgaon,Uttarakhand,2025-01-01
C009816,Bishakha Pai,Kota,Manipur,2025-04-09
C009817,Ishwar Din,Pallavaram,Uttar Pradesh,2024-11-10
C009818,Tanmayi Radhakrishnan,Barasat,Uttar Pradesh,2025-04-21
C009819,Rachita Pillai,South Dumdum,Nagaland,2023-01-10
C009820,Suhani Mishra,Srikakulam,Tripura,2024-01-10
C009821,Gaurangi Mannan,Bhind,Madhya Pradesh,2023-09-25
C009822,Chaitaly Sethi,Thane,Arunachal Pradesh,2022-08-04
C009823,Vritti Raju,Mirzapur,West Bengal,2023-01-07
C009824,Wahab Sundaram,Bilaspur,Goa,2022-01-21
C009825,Oni Peri,Satara,Goa,2022-03-25
C009826,David Nazareth,Guntur,Madhya Pradesh,2025-11-15
C009827,Reyansh Bassi,Ulhasnagar,Telangana,2022-01-30
C009828,Balvan Loyal,Kollam,Arunachal Pradesh,2025-10-18
C009829,Andrew Bala,Bikaner,Assam,2024-09-23
C009830,Pranit Koshy,Ghaziabad,West Bengal,2026-07-06
C009831,Kamala Nigam,Haldia,Uttarakhand,2023-01-14
C009832,Jason Dasgupta,Yamunanagar,Gujarat,2022-04-08
C009833,Bhavani Majumdar,Bhiwani,Madhya Pradesh,2025-06-28
C009834,Anika Sant,Pudukkottai,Uttar Pradesh,2021-12-11
C009835,Ekantika Bhatnagar,Karnal,Assam,2022-10-16
C009836,Eiravati Krishna,Thiruvananthapuram,Meghalaya,2021-12-24
C009837,Nitesh Bhattacharyya,Jamshedpur,Kerala,2022-11-22
C009838,Shivani Sarna,Allahabad,Tripura,2021-11-22
C009839,Harita Madan,Pimpri-Chinchwad,Maharashtra,2023-05-30
C009840,Vaishnavi Rastogi,Tiruppur,Mizoram,2022-08-29
C009841,Rishi Naik,Jammu,Rajasthan,2023-06-27
C009842,Chakradhar Ramaswamy,Kolkata,Gujarat,2025-11-11
C009843,Daksh Dayal,Panchkula,Arunachal Pradesh,2025-06-15
C009844,Upma Khanna,Gurgaon,Uttarakhand,2026-03-26
C009845,Wyatt Chana,Narasaraopet,Rajasthan,2025-06-04
C009846,Amol Sen,Agartala,Madhya Pradesh,2025-05-02
C009847,Chaitanya Nayar,Gudivada,Tripura,2023-09-04
C009848,Arya Guha,Agartala,Punjab,2022-03-28
C009849,Frederick Patla,Gaya,Uttar Pradesh,2026-06-04
C009850,Max Saha,Kolhapur,Karnataka,2024-07-10
C009851,Sanaya Modi,Udupi,Himachal Pradesh,2024-08-06
C009852,Balvan Saraf,Nagpur,Haryana,2025-03-14
C009853,Amaira Arya,Nadiad,Assam,2025-03-15
C009854,Jatin Korpal,Kulti,Madhya Pradesh,2023-05-16
C009855,Ekantika Gera,Agartala,Sikkim,2023-07-14
C009856,Pranav Raju,Alwar,Himachal Pradesh,2024-11-06
C009857,Nidhi Mittal,Vijayanagaram,Bihar,2024-06-16
C009858,Yamini Rout,Khammam,Punjab,2022-08-05
C009859,Nitara Shukla,Surat,Rajasthan,2025-10-21
C009860,Girish Sarna,Bhusawal,Andhra Pradesh,2026-04-13
C009861,Liam Padmanabhan,Ghaziabad,Madhya Pradesh,2021-12-04
C009862,Noah Divan,Jamalpur,Odisha,2025-05-22
C009863,Devika Soni,Alappuzha,Meghalaya,2024-08-20
C009864,Forum Bali,Surat,Goa,2022-08-17
C009865,Sanaya Sama,Raiganj,Andhra Pradesh,2024-04-21
C009866,Ayush Butala,Mau,Madhya Pradesh,2022-04-03
C009867,Dayita Sarin,Guntur,Karnataka,2025-03-03
C009868,Devansh Dhaliwal,Jabalpur,Maharashtra,2022-10-25
C009869,Parth Raja,Panipat,Goa,2022-12-16
C009870,Xalak Mangat,Dharmavaram,Meghalaya,2026-02-06
C009871,Jason Kade,Dehri,Assam,2023-12-30
C009872,Anvi Lata,Ahmednagar,Karnataka,2026-05-06
C009873,Brijesh Desai,Durgapur,Punjab,2022-06-17
C009874,Harsh Loke,Aligarh,Chhattisgarh,2022-08-05
C009875,Banjeet Pal,Jabalpur,Odisha,2023-05-01
C009876,Om Prashad,Mysore,Tripura,2023-07-20
C009877,Aadhya Samra,Kirari Suleman Nagar,Mizoram,2022-04-02
C009878,Geetika Dave,Giridih,Sikkim,2023-09-03
C009879,Nihal Desai,Tadepalligudem,Gujarat,2022-09-12
C009880,Deepa Goyal,Vijayawada,Assam,2024-09-30
C009881,Vasudha Seth,Bardhaman,West Bengal,2026-07-11
C009882,Farhan Ghosh,Burhanpur,Sikkim,2021-12-19
C009883,Victor Oommen,Sambalpur,Tripura,2023-01-31
C009884,Idika Bose,Kavali,Sikkim,2026-06-17
C009885,Tara Vig,Panihati,Assam,2021-09-10
C009886,Brinda Buch,Dehri,Manipur,2025-03-10
C009887,Pranav Sathe,Kolkata,Andhra Pradesh,2026-08-22
C009888,Charles Chaudhuri,Ghaziabad,Tripura,2025-03-22
C009889,Manbir Divan,Pimpri-Chinchwad,Assam,2022-08-23
C009890,Orinder Uppal,Chandigarh,Tripura,2025-03-13
C009891,Ucchal Khurana,Kadapa,Bihar,2026-07-20
C009892,Jeevika Balay,Pallavaram,Chhattisgarh,2022-04-18
C009893,Raagini Saini,Pimpri-Chinchwad,Sikkim,2024-07-04
C009894,Janaki Prabhakar,Parbhani,Andhra Pradesh,2022-02-02
C009895,Radhika Tailor,Bulandshahr,Assam,2025-07-13
C009896,Tanvi Saxena,Muzaffarpur,Sikkim,2026-06-25
C009897,Aashi Kade,Haldia,Bihar,2022-04-16
C009898,Zansi Choudhry,Malegaon,Rajasthan,2022-08-24
C009899,Pranit Khurana,Nagpur,Jharkhand,2023-12-31
C009900,Naksh Lata,Suryapet,Punjab,2025-08-24
C009901,Harsh Reddy,Amravati,Bihar,2026-03-21
C009902,Ubika Bansal,Tiruchirappalli,Uttarakhand,2021-11-02
C009903,Darpan Soman,Mango,Nagaland,2025-05-18
C009904,Ekanta Parmer,Bhiwandi,Punjab,2024-07-09
C009905,Vasudha Gandhi,Jhansi,Himachal Pradesh,2022-04-02
C009906,Omya Murthy,Madhyamgram,Madhya Pradesh,2025-11-20
C009907,Vansha Dixit,Tirunelveli,Kerala,2021-11-27
C009908,Rayaan Padmanabhan,Jamshedpur,Goa,2022-08-30
C009909,Falan Batra,Medininagar,Punjab,2022-08-02
C009910,Qabil Mahajan,Bareilly,Gujarat,2022-05-16
C009911,Aadi Gupta,Saharsa,Andhra Pradesh,2025-07-13
C009912,Frederick Bhandari,Rourkela,Arunachal Pradesh,2023-10-28
C009913,Victor Vaidya,Narasaraopet,Kerala,2024-11-13
C009914,Chasmum Nagy,Anantapur,Telangana,2024-01-04
C009915,Ishaan Sahni,Malegaon,Uttarakhand,2023-04-20
C009916,Aditya Halder,Muzaffarpur,Madhya Pradesh,2023-05-03
C009917,Hemangini Sridhar,Kadapa,Assam,2024-06-25
C009918,Advik Shah,Panvel,Haryana,2023-06-27
C009919,Qasim Roy,Ramagundam,Tamil Nadu,2024-03-28
C009920,Aishani Pant,Sultan Pur Majra,Kerala,2023-07-22
C009921,David Bassi,Bulandshahr,West Bengal,2025-04-21
C009922,Dayita Goswami,Imphal,Manipur,2022-04-07
C009923,Dev Goda,Etawah,Chhattisgarh,2022-06-30
C009924,Hemani Jain,Tezpur,Himachal Pradesh,2024-01-04
C009925,Zayan Andra,Thoothukudi,Nagaland,2025-03-05
C009926,Barkha Garg,Kozhikode,Kerala,2023-11-04
C009927,Omkaar Wagle,Jalgaon,Himachal Pradesh,2021-11-29
C009928,Raghav Bali,Bhavnagar,Goa,2026-08-08
C009929,Robert Sarraf,Satara,Arunachal Pradesh,2022-07-29
C009930,Manthan Koshy,Bhiwandi,Jharkhand,2022-10-10
C009931,David Mittal,Bhilai,Manipur,2025-10-09
C009932,Gunbir Gill,Kolhapur,Jharkhand,2026-06-25
C009933,Gunbir Choudhury,Gudivada,Tamil Nadu,2025-04-17
C009934,Azaan Goel,Rajkot,Assam,2025-03-09
C009935,Chanchal Shankar,Madhyamgram,Maharashtra,2022-11-18
C009936,Anjali Ramachandran,Medininagar,Gujarat,2021-09-06
C009937,Manan Dalal,Begusarai,Goa,2022-04-15
C009938,Veda Bala,Machilipatnam,Telangana,2026-01-10
C009939,Maya Mannan,Katihar,Meghalaya,2023-10-10
C009940,Jasmit Sathe,Jhansi,Sikkim,2024-10-08
C009941,Reyansh Chatterjee,Guwahati,West Bengal,2023-06-30
C009942,Bhavya Gole,Kishanganj,Madhya Pradesh,2025-08-29
C009943,Ekaja Reddy,Bijapur,Haryana,2022-09-07
C009944,Nihal Yadav,Dindigul,Madhya Pradesh,2022-04-29
C009945,Osha Tella,Muzaffarnagar,Haryana,2022-11-25
C009946,Bishakha Sani,Hazaribagh,Jharkhand,2024-12-12
C009947,Chameli Bandi,Guntur,Jharkhand,2026-02-28
C009948,Ikbal Varkey,Mahbubnagar,Meghalaya,2022-07-14
C009949,Anthony Zachariah,Proddatur,Assam,2024-05-17
C009950,Vrishti Seth,Srinagar,Kerala,2023-01-16
C009951,Ekanta Atwal,Kurnool,Tripura,2025-04-14
C009952,William Grover,Avadi,Arunachal Pradesh,2025-01-17
C009953,Nicholas Garde,Munger,Goa,2025-12-21
C009954,Tanmayi Buch,Gwalior,Gujarat,2021-11-20
C009955,Veer Salvi,Mysore,Uttar Pradesh,2025-02-09
C009956,Imaran Sarraf,Hindupur,Manipur,2026-02-14
C009957,Lajita Ghose,Nadiad,Meghalaya,2022-06-20
C009958,Devansh Sant,Vellore,Sikkim,2024-10-03
C009959,Benjamin Bhagat,Thrissur,Goa,2022-08-10
C009960,Siya Bora,Guwahati,Uttar Pradesh,2024-09-04
C009961,Sachi Bahl,Jamnagar,Manipur,2023-07-12
C009962,Pushti Soman,Nizamabad,Odisha,2022-12-09
C009963,Maanas Sankar,Saharsa,Maharashtra,2022-06-13
C009964,Xiti Mammen,North Dumdum,Jharkhand,2026-04-10
C009965,Isaiah Dave,Vellore,Bihar,2022-09-28
C009966,Yauvani Soni,Nandyal,Andhra Pradesh,2022-07-27
C009967,Amaira Thakkar,Karawal Nagar,Bihar,2024-10-14
C009968,Waida Chaudhari,Secunderabad,Punjab,2025-12-20
C009969,Tanveer Bose,Adoni,Gujarat,2025-03-27
C009970,Amaira Dutt,Satna,Assam,2022-05-08
C009971,Mahika Bhavsar,Dharmavaram,Telangana,2022-03-24
C009972,Matthew Srinivas,Satna,Madhya Pradesh,2024-08-26
C009973,Simon Swaminathan,Bhind,Haryana,2022-12-31
C009974,Damyanti Edwin,Vijayanagaram,Tripura,2025-06-29
C009975,Siddharth Bala,Firozabad,Chhattisgarh,2023-05-21
C009976,Laksh Sunder,Mathura,Jharkhand,2021-12-25
C009977,Elijah Ravi,Shivpuri,Madhya Pradesh,2025-05-16
C009978,Vasana Wadhwa,Nagaon,Maharashtra,2021-11-26
C009979,Leena Krishna,Berhampur,Assam,2021-11-11
C009980,Neelima Ramaswamy,Jamnagar,Punjab,2025-11-19
C009981,Chavvi Nath,Panihati,Telangana,2024-09-06
C009982,Abeer Ben,Bhilwara,Uttar Pradesh,2026-02-02
C009983,Neelima Bora,Haldia,Rajasthan,2024-07-18
C009984,Aarav Jani,Bellary,Sikkim,2022-12-01
C009985,Onveer Karan,North Dumdum,Andhra Pradesh,2024-07-07
C009986,Shaurya Dube,Gurgaon,Andhra Pradesh,2023-01-04
C009987,Anusha Ramachandran,Anantapuram,West Bengal,2022-02-19
C009988,Zansi Jayaraman,Thanjavur,Punjab,2023-11-13
C009989,Vasudha Bhagat,Kakinada,Tripura,2021-10-26
C009990,Dhruv Bassi,Gandhinagar,Jharkhand,2022-01-06
C009991,Nitara Sengupta,Aligarh,Kerala,2026-02-16
C009992,Warhi Nadkarni,Baranagar,Telangana,2021-11-09
C009993,Anjali Chaudhary,Uluberia,Andhra Pradesh,2025-07-11
C009994,Vyanjana Sachdeva,Farrukhabad,Odisha,2024-11-11
C009995,Qadim Char,Miryalaguda,Uttar Pradesh,2022-09-07
C009996,Deepa Ganesan,Ghaziabad,West Bengal,2024-01-26
C009997,Nandini Pau,North Dumdum,Assam,2022-04-19
C009998,Chandresh Bedi,Durgapur,Chhattisgarh,2025-04-18
C009999,Pahal Tailor,Bidar,Madhya Pradesh,2022-10-22
C010000,Veer Mall,Madhyamgram,Uttar Pradesh,2026-04-14
